Workbook

Sheet Summary
A1: M48 Filter Coating & Painting
A2: W519TC-26-Q-A086
A3: FOB DESTINATION PINE BLUFF ARSENAL
A4: Quoter Name: | B4: 0 | F4: Contractor Fill-In
A5: Cage Code: | B5: 0
A6: Proposal Date:
A8: CLINS | B8: DESCRIPTION | D8: ORDERING PERIOD 1 1 June 2026 - 31 May 2027 | E8: ORDERING PERIOD 2 1 June 2027 - 31 May 2028 | F8: TOTAL PER CLIN
A9: CLIN 1 | B9: 5-19-7355 Cap, Filter Inlet. Chromate Only | D9: =Proposal!D14 -> 0 | E9: =Proposal!F14 -> 0 | F9: =Proposal!F15 -> 0
A10: CLIN 2 | B10: 5-19-7355 Cap, Filter Inlet Chromate and Paint (Green) | D10: =Proposal!D25 -> 0 | E10: =Proposal!F25 -> 0 | F10: =Proposal!F26 -> 0
A11: CLIN 3 | B11: 5-19-7355 Cap, Filter Inlet Chromate and Paint (Tan) | D11: =Proposal!D36 -> 0 | E11: =Proposal!F36 -> 0 | F11: =Proposal!F37 -> 0
A12: CLIN 4 | B12: 5-19-7437 Filter Body, Outlet Chromate only | D12: =Proposal!D47 -> 0 | E12: =Proposal!F47 -> 0 | F12: =Proposal!F48 -> 0
A13: CLIN 5 | B13: 5-19-7437 Filter Body, Outlet Chromate and Paint (Green) | D13: =Proposal!D58 -> 0 | E13: =Proposal!F58 -> 0 | F13: =Proposal!F59 -> 0
A14: CLIN 6 | B14: 5-19-7437 Filter Body Outlet Chromate and Paint (Tan) | D14: =Proposal!D69 -> 0 | E14: =Proposal!F69 -> 0 | F14: =Proposal!F70 -> 0
A15: CLIN 7 | B15: 5-19-7443 Outer Mesh Assy. Chromate Only | D15: =Proposal!D80 -> 0 | E15: =Proposal!F80 -> 0 | F15: =Proposal!F81 -> 0
A16: CLIN 8 | B16: 5-19-7440 Inner Mesh Assy. Chromate Only | D16: =Proposal!D91 -> 0 | E16: =Proposal!F91 -> 0 | F16: =Proposal!F92 -> 0
A17: CLIN 9 | B17: 5-19-7444 Outer Gas Mesh Assy. | D17: =Proposal!D102 -> 0 | E17: =Proposal!F102 -> 0 | F17: =Proposal!F103 -> 0
A18: CLIN 10 | B18: 5-19-7236 Channel, treat per drawing. | D18: =Proposal!D113 -> 0 | E18: =Proposal!F113 -> 0 | F18: =Proposal!F114 -> 0
B19: TOTAL ALL CLINS PER ORDERING PERIOD | D19: =SUM(D9:D18) -> 0 | E19: =SUM(E9:E18) -> 0 | F19: =D19+E19 -> 0
D20: TOTAL EVALUATED PRICE | F20: =Proposal!F15+Proposal!F26+Proposal!F37+Proposal!F48+Proposal!F59+Proposal!F70+Proposal!F81+Proposal!F92+Proposal!F103+Proposal!F114 -> 0

Sheet Proposal
A1: M48 Filter Coating & Painting
A2: FOB Destination Pine Bluff Arsenal
A3: Quoter Name: | C3: =Summary!B4 -> 0
A4: CAGE code: | C4: =Summary!B5 -> 0
A6: CLIN 0001 Cap 5-19-7355 Cap, Filter Inlet. Chromate Only
D7: Ordering Period 1 | F7: Ordering Period 2
A8: Quantity Ranges | D8: Unit Price | E8: Weight | F8: Unit Price | G8: Weight
A9: 1 | B9: - | C9: 750 | D9: 0 | E9: 0.3 | F9: 0 | G9: 0.3
A10: =C9+1 -> 751 | B10: - | C10: 1500 | D10: 0 | E10: 0.3 | F10: 0 | G10: 0.3
A11: =C10+1 -> 1501 | B11: - | C11: 2250 | D11: 0 | E11: 0.2 | F11: 0 | G11: 0.2
A12: =C11+1 -> 2251 | B12: - | C12: 3000 | D12: 0 | E12: 0.2 | F12: 0 | G12: 0.2
E13: =SUM(E9:E12) -> 1 | G13: =SUM(G9:G12) -> 1
A14: Weighted Price | D14: =($C9*D9*E9)+($C10*D10*E10)+($C11*D11*E11)+($C12*D12*E12) -> 0 | F14: =($C9*F9*G9)+($C10*F10*G10)+($C11*F11*G11)+($C12*F12*G12) -> 0
A15: Total Weighted Price: | F15: =D14+F14 -> 0
A17: CLIN 0002 5-19-7355 Cap, Filter Inlet Chromate and Paint (Green)
D18: Ordering Period 1 | F18: Ordering Period 2
A19: Quantity Ranges | D19: Unit Price | E19: Weight | F19: Unit Price | G19: Weight
A20: 1 | B20: - | C20: 750 | D20: 0 | E20: 0.3 | F20: 0 | G20: 0.3
A21: =C20+1 -> 751 | B21: - | C21: 1500 | D21: 0 | E21: 0.3 | F21: 0 | G21: 0.3
A22: =C21+1 -> 1501 | B22: - | C22: 2250 | D22: 0 | E22: 0.2 | F22: 0 | G22: 0.2
A23: =C22+1 -> 2251 | B23: - | C23: 3000 | D23: 0 | E23: 0.2 | F23: 0 | G23: 0.2
E24: =SUM(E20:E23) -> 1 | G24: =SUM(G20:G23) -> 1
A25: Weighted Price: | D25: =($C20*D20*E20)+($C21*D21*E21)+($C22*D22*E22)+($C23*D23*E23) -> 0 | F25: =($C20*F20*G20)+($C21*F21*G21)+($C22*F22*G22)+($C23*F23*G23) -> 0
A26: Total Weighted Price: | F26: =D25+F25 -> 0
A28: CLIN 0003 5-19-7355 Cap, Filter Inlet Chromate and Paint (Tan)
D29: Ordering Period 1 | F29: Ordering Period 2
A30: Quantity Ranges | D30: Unit Price | E30: Weight | F30: Unit Price | G30: Weight
A31: 1 | B31: - | C31: 500 | D31: 0 | E31: 0.3 | F31: 0 | G31: 0.3
A32: =C31+1 -> 501 | B32: - | C32: 1000 | D32: 0 | E32: 0.3 | F32: 0 | G32: 0.3
A33: =C32+1 -> 1001 | B33: - | C33: 1500 | D33: 0 | E33: 0.2 | F33: 0 | G33: 0.2
A34: =C33+1 -> 1501 | B34: - | C34: 2000 | D34: 0 | E34: 0.2 | F34: 0 | G34: 0.2
E35: =SUM(E31:E34) -> 1 | G35: =SUM(G31:G34) -> 1
A36: Weighted Price: | D36: =($C31*D31*E31)+($C32*D32*E32)+($C33*D33*E33)+($C34*D34*E34) -> 0 | F36: =($C31*F31*G31)+($C32*F32*G32)+($C33*F33*G33)+($C34*F34*G34) -> 0
A37: Total Weighted Price: | F37: =D36+F36 -> 0
A39: CLIN 0004 5-19-7437 Filter Body, Outlet Chromate only
D40: Ordering Period 1 | F40: Ordering Period 2
A41: Quantity Ranges | D41: Unit Price | E41: Weight | F41: Unit Price | G41: Weight
A42: 1 | B42: - | C42: 750 | D42: 0 | E42: 0.3 | F42: 0 | G42: 0.3
A43: =C42+1 -> 751 | B43: - | C43: 1500 | D43: 0 | E43: 0.3 | F43: 0 | G43: 0.3
A44: =C43+1 -> 1501 | B44: - | C44: 2250 | D44: 0 | E44: 0.2 | F44: 0 | G44: 0.2
A45: =C44+1 -> 2251 | B45: - | C45: 3000 | D45: 0 | E45: 0.2 | F45: 0 | G45: 0.2
E46: =SUM(E42:E45) -> 1 | G46: =SUM(G42:G45) -> 1
A47: Weighted Price: | D47: =($C42*D42*E42)+($C43*D43*E43)+($C44*D44*E44)+($C45*D45*E45) -> 0 | F47: =($C42*F42*G42)+($C43*F43*G43)+($C44*F44*G44)+($C45*F45*G45) -> 0
A48: Total Weighted Price: | F48: =D47+F47 -> 0
A50: CLIN 0005 5-19-7437 Filter Body, Outlet Chromate and Paint (Green) | F50: Ordering Period 1
D51: Ordering Period 1 | F51: Ordering Period 2
A52: Quantity Ranges | D52: Unit Price | E52: Weight | F52: Unit Price | G52: Weight
A53: 1 | B53: - | C53: 750 | D53: 0 | E53: 0.3 | F53: 0 | G53: 0.3
A54: =C53+1 -> 751 | B54: - | C54: 1500 | D54: 0 | E54: 0.3 | F54: 0 | G54: 0.3
A55: =C54+1 -> 1501 | B55: - | C55: 2250 | D55: 0 | E55: 0.2 | F55: 0 | G55: 0.2
A56: =C55+1 -> 2251 | B56: - | C56: 3000 | D56: 0 | E56: 0.2 | F56: 0 | G56: 0.2
E57: =SUM(E53:E56) -> 1 | G57: =SUM(G53:G56) -> 1
A58: Weighted Price: | D58: =($C53*D53*E53)+($C54*D54*E54)+($C55*D55*E55)+($C56*D56*E56) -> 0 | F58: =($C53*F53*G53)+($C54*F54*G54)+($C55*F55*G55)+($C56*F56*G56) -> 0
A59: Total Weighted Price: | F59: =D58+F58 -> 0
A61: CLIN 0006 5-19-7437 Filter Body Outlet Chromate and Paint (Tan) | F61: Ordering Period 1
D62: Ordering Period 1 | F62: Ordering Period 2
A63: Quantity Ranges | D63: Unit Price | E63: Weight | F63: Unit Price | G63: Weight
A64: 1 | B64: - | C64: 500 | D64: 0 | E64: 0.3 | F64: 0 | G64: 0.3
A65: =C64+1 -> 501 | B65: - | C65: 1000 | D65: 0 | E65: 0.3 | F65: 0 | G65: 0.3
A66: =C65+1 -> 1001 | B66: - | C66: 1500 | D66: 0 | E66: 0.2 | F66: 0 | G66: 0.2
A67: =C66+1 -> 1501 | B67: - | C67: 2000 | D67: 0 | E67: 0.2 | F67: 0 | G67: 0.2
E68: =SUM(E64:E67) -> 1 | G68: =SUM(G64:G67) -> 1
A69: Weighted Price: | D69: =($C64*D64*E64)+($C65*D65*E65)+($C66*D66*E66)+($C67*D67*E67) -> 0 | F69: =($C64*F64*G64)+($C65*F65*G65)+($C66*F66*G66)+($C67*F67*G67) -> 0
A70: Total Weighted Price: | F70: =D69+F69 -> 0
A72: CLIN 0007 5-19-7443 Outer Mesh Assy. Chromate Only | F72: Ordering Period 1
D73: Ordering Period 1 | F73: Ordering Period 2
A74: Quantity Ranges | D74: Unit Price | E74: Weight | F74: Unit Price | G74: Weight
A75: 1 | B75: - | C75: 500 | D75: 0 | E75: 0.3 | F75: 0 | G75: 0.3
A76: =C75+1 -> 501 | B76: - | C76: 1000 | D76: 0 | E76: 0.3 | F76: 0 | G76: 0.3
A77: =C76+1 -> 1001 | B77: - | C77: 1500 | D77: 0 | E77: 0.2 | F77: 0 | G77: 0.2
A78: =C77+1 -> 1501 | B78: - | C78: 2000 | D78: 0 | E78: 0.2 | F78: 0 | G78: 0.2
E79: =SUM(E75:E78) -> 1 | G79: =SUM(G75:G78) -> 1
A80: Weighted Price: | D80: =($C75*D75*E75)+($C76*D76*E76)+($C77*D77*E77)+($C78*D78*E78) -> 0 | F80: =($C75*F75*G75)+($C76*F76*G76)+($C77*F77*G77)+($C78*F78*G78) -> 0
A81: Total Weighted Price: | F81: =D80+F80 -> 0
A83: CLIN 0008 5-19-7440 Inner Mesh Assy. Chromate Only | F83: Ordering Period 1
D84: Ordering Period 1 | F84: Ordering Period 2
A85: Quantity Ranges | D85: Unit Price | E85: Weight | F85: Unit Price | G85: Weight
A86: 1 | B86: - | C86: 500 | D86: 0 | E86: 0.3 | F86: 0 | G86: 0.3
A87: =C86+1 -> 501 | B87: - | C87: 1000 | D87: 0 | E87: 0.3 | F87: 0 | G87: 0.3
A88: =C87+1 -> 1001 | B88: - | C88: 1500 | D88: 0 | E88: 0.2 | F88: 0 | G88: 0.2
A89: =C88+1 -> 1501 | B89: - | C89: 2000 | D89: 0 | E89: 0.2 | F89: 0 | G89: 0.2
E90: =SUM(E86:E89) -> 1 | G90: =SUM(G86:G89) -> 1
A91: Weighted Price: | D91: =($C86*D86*E86)+($C87*D87*E87)+($C88*D88*E88)+($C89*D89*E89) -> 0 | F91: =($C86*F86*G86)+($C87*F87*G87)+($C88*F88*G88)+($C89*F89*G89) -> 0
A92: Total Weighted Price: | F92: =D91+F91 -> 0
A94: CLIN 0009 5-19-7444 Outer Gas Mesh Assy.
D95: Ordering Period 1 | F95: Ordering Period 2
A96: Quantity Ranges | D96: Unit Price | E96: Weight | F96: Unit Price | G96: Weight
A97: 1 | B97: - | C97: 500 | D97: 0 | E97: 0.3 | F97: 0 | G97: 0.3
A98: =C97+1 -> 501 | B98: - | C98: 1000 | D98: 0 | E98: 0.3 | F98: 0 | G98: 0.3
A99: =C98+1 -> 1001 | B99: - | C99: 1500 | D99: 0 | E99: 0.2 | F99: 0 | G99: 0.2
A100: =C99+1 -> 1501 | B100: - | C100: 2000 | D100: 0 | E100: 0.2 | F100: 0 | G100: 0.2
E101: =SUM(E97:E100) -> 1 | G101: =SUM(G97:G100) -> 1
A102: Weighted Price: | D102: =($C97*D97*E97)+($C98*D98*E98)+($C99*D99*E99)+($C100*D100*E100) -> 0 | F102: =($C97*F97*G97)+($C98*F98*G98)+($C99*F99*G99)+($C100*F100*G100) -> 0
A103: Total Weighted Price: | F103: =D102+F102 -> 0
A105: CLIN 0010 5-19-7236 Channel, treat per drawing.
D106: Ordering Period 1 | F106: Ordering Period 2
A107: Quantity Ranges | D107: Unit Price | E107: Weight | F107: Unit Price | G107: Weight
A108: 1 | B108: - | C108: 500 | D108: 0 | E108: 0.3 | F108: 0 | G108: 0.3
A109: =C108+1 -> 501 | B109: - | C109: 1000 | D109: 0 | E109: 0.3 | F109: 0 | G109: 0.3
A110: =C109+1 -> 1001 | B110: - | C110: 1500 | D110: 0 | E110: 0.2 | F110: 0 | G110: 0.2
...
