Workbook
Name Check1: 'DIVISION 00'!$Q$5
Name Check1: 'DIVISION 01'!$Q$5
Name Check1: 'DIVISION 02'!$Q$5
Name Check1: 'DIVISION 03'!$Q$5
Name Check1: 'DIVISION 04'!$Q$5
Name Check1: 'DIVISION 05'!$Q$5
Name Check1: 'DIVISION 06'!$Q$5
Name Check1: 'DIVISION 07'!$Q$5
Name Check1: 'DIVISION 08'!$Q$5
Name Check1: 'DIVISION 09'!$Q$5
Name Check1: 'DIVISION 10'!$Q$5
Name Check1: 'DIVISION 11'!$Q$5
Name Check1: 'DIVISION 12'!$Q$5
Name Check1: 'DIVISION 13'!$Q$5
Name Check1: 'DIVISION 14'!$Q$5
Name Check1: 'DIVISION 21'!$Q$5
Name Check1: 'DIVISION 22'!$Q$5
Name Check1: 'DIVISION 23'!$Q$5
Name Check1: 'DIVISION 25'!$Q$5
Name Check1: 'DIVISION 26'!$Q$5
Name Check1: 'DIVISION 27'!$Q$5
Name Check1: 'DIVISION 28'!$Q$5
Name Check1: 'DIVISION 31'!$Q$5
Name Check1: 'DIVISION 32'!$Q$5
Name Check1: 'DIVISION 33'!$Q$5
Name Check1: 'DIVISION 34'!$Q$5
Name Check1: 'DIVISION 48'!$Q$5
Name Check1: SUMMATION!$Q$5
Name Text1: 'DIVISION 00'!$N$3
Name Text1: 'DIVISION 01'!$N$3
Name Text1: 'DIVISION 02'!$N$3
Name Text1: 'DIVISION 03'!$N$3
Name Text1: 'DIVISION 04'!$N$3
Name Text1: 'DIVISION 05'!$N$3
Name Text1: 'DIVISION 06'!$N$3
Name Text1: 'DIVISION 07'!$N$3
Name Text1: 'DIVISION 08'!$N$3
Name Text1: 'DIVISION 09'!$N$3
Name Text1: 'DIVISION 10'!$N$3
Name Text1: 'DIVISION 11'!$N$3
Name Text1: 'DIVISION 12'!$N$3
Name Text1: 'DIVISION 13'!$N$3
Name Text1: 'DIVISION 14'!$N$3
Name Text1: 'DIVISION 21'!$N$3
Name Text1: 'DIVISION 22'!$N$3
Name Text1: 'DIVISION 23'!$N$3
Name Text1: 'DIVISION 25'!$N$3
Name Text1: 'DIVISION 26'!$N$3
Name Text1: 'DIVISION 27'!$N$3
Name Text1: 'DIVISION 28'!$N$3
Name Text1: 'DIVISION 31'!$N$3
Name Text1: 'DIVISION 32'!$N$3
Name Text1: 'DIVISION 33'!$N$3
Name Text1: 'DIVISION 34'!$N$3
Name Text1: 'DIVISION 48'!$N$3
Name Text1: SUMMATION!$N$3
Name Text10: 'DIVISION 00'!$J$7
Name Text10: 'DIVISION 01'!$J$7
Name Text10: 'DIVISION 02'!$J$7
Name Text10: 'DIVISION 03'!$J$7

Sheet SUMMATION
A2: CONSTRUCTION PROGRAM – ESTIMATE WORKSHEET | N2: DATE | R2: SHEET NO. | S2: =_xlfn.SHEET() -> 1 | T2: OF | U2: =_xlfn.SHEETS() -> 28 | V2: SHEETS
A4: PROJECT NO. | F4: LOCATION | K4: PROJECT NAME | Q4: TYPE OF ESTIMATE
R5: NO DESIGN COMPLETED | U5: PRELIMINARY DESIGN
A6: ESTIMATOR | G6: NEW | H6: ALT | I6: INDEX NO. | J6: BUILDING NO(S). | N6: DRAWING NO. | R6: FINAL DESIGN | U6: OTHER (Specify)
A8: CODE | E8: SYSTEM/SUBSYSTEM | J8: NOTES | T8: TOTAL
A9: A | B9: B | C9: C | D9: D
E10: DIVISION 00-SPECIAL SECTIONS | T10: ='DIVISION 00'!T41 -> 0
E11: DIVISION 01-GENERAL REQUIREMENTS | T11: ='DIVISION 01'!T41 -> 0
E12: DIVISION 02-EXISTING CONDITIONS | T12: ='DIVISION 02'!T41 -> 0
E13: DIVISION 03-CONCRETE | T13: ='DIVISION 03'!T41 -> 0
E14: DIVISION 04-MASONRY | T14: ='DIVISION 04'!T41 -> 0
E15: DIVISION 05-METALS | T15: ='DIVISION 05'!T41 -> 0
E16: DIVISION 06-WOOD, PLASTICS, AND COMPOSITES | T16: ='DIVISION 06'!T41 -> 0
E17: DIVISION 07-THERMAL AND MOISTURE PROTECTION | T17: ='DIVISION 07'!T41 -> 0
E18: DIVISION 08-OPENINGS | T18: ='DIVISION 08'!T41 -> 0
E19: DIVISION 09-FINISHES | T19: ='DIVISION 09'!T41 -> 0
E20: DIVISION 10-SPECIALTIES | T20: ='DIVISION 10'!T41 -> 0
E21: DIVISION 11-EQUIPMENT | T21: ='DIVISION 11'!T41 -> 0
E22: DIVISION 12-FURNISHINGS | T22: ='DIVISION 12'!T41 -> 0
E23: DIVISION 13-SPECIAL CONSTRUCTION | T23: ='DIVISION 13'!T41 -> 0
E24: DIVISION 14-CONVEYING EQUIPMENT | T24: ='DIVISION 14'!T41 -> 0
E25: DIVISION 21-FIRE SUPPRESSION | T25: ='DIVISION 21'!T41 -> 0
E26: DIVISION 22-PLUMBING | T26: ='DIVISION 22'!T41 -> 0
E27: DIVISION 23-HEATING, VENTILATING, AND AIR CONDITIONING (HVAC) | T27: ='DIVISION 23'!T41 -> 0
E28: DIVISION 25-INTEGRATED AUTOMATION | T28: ='DIVISION 25'!T41 -> 0
E29: DIVISION 26-ELECTRICAL | T29: ='DIVISION 26'!T41 -> 0
E30: DIVISION 27-COMMUNICATIONS | T30: ='DIVISION 27'!T41 -> 0
E31: DIVISION 28-ELECTRONIC SAFETY AND SECURITY | T31: ='DIVISION 28'!T41 -> 0
E32: DIVISION 31-EARTHWORK | T32: ='DIVISION 31'!T41 -> 0
E33: DIVISION 32-EXTERIOR IMPROVEMENTS | T33: ='DIVISION 32'!T41 -> 0
E34: DIVISION 33-UTILITIES | T34: ='DIVISION 33'!T41 -> 0
E35: DIVISION 34-TRANSPORTATION | T35: ='DIVISION 34'!T41 -> 0
E36: DIVISION 48-ELECTRICAL POWER GENERATION | T36: ='DIVISION 48'!T41 -> 0
M37: SUBTOTAL | T37: =SUM(T10:V36) -> 0
M38: OVERHEAD | O38: @ | Q38: 0.1 | T38: =T37*Q38 -> 0
M39: PROFIT | O39: @ | Q39: 0.1 | T39: =T37*Q39 -> 0
M40: BONDS | O40: @ | Q40: 0.03 | T40: =T37*Q40 -> 0
M41: PROJECT TOTAL | T41: =SUM(T37:V40) -> 0
A43: VA FORM 6238

Sheet DIVISION 00
A2: CONSTRUCTION PROGRAM – ESTIMATE WORKSHEET | N2: DATE | R2: SHEET NO. | S2: =_xlfn.SHEET() -> 2 | T2: OF | U2: =_xlfn.SHEETS() -> 28 | V2: SHEETS
A4: PROJECT NO. | F4: LOCATION | K4: PROJECT NAME | Q4: TYPE OF ESTIMATE
R5: NO DESIGN COMPLETED | U5: PRELIMINARY DESIGN
A6: ESTIMATOR | G6: NEW | H6: ALT | I6: INDEX NO. | J6: BUILDING NO(S). | N6: DRAWING NO. | R6: FINAL DESIGN | U6: OTHER (Specify)
A8: CODE | E8: SYSTEM/SUBSYSTEM | J8: LABOR | N8: MATERIALS | T8: TOTAL
A9: A | B9: B | C9: C | D9: D
E10: DIVISION 00-SPECIAL SECTIONS | J10: QTY | K10: UNIT | L10: $/UNIT | M10: TOTAL | N10: QTY | O10: UNIT | P10: $/UNIT | Q10: TOTAL
M11: =PRODUCT(J11,L11) -> 0 | Q11: =PRODUCT(N11,P11) -> 0 | T11: =SUM(M11,Q11) -> 0
M12: =PRODUCT(J12,L12) -> 0 | Q12: =PRODUCT(N12,P12) -> 0 | T12: =SUM(M12,Q12) -> 0
M13: =PRODUCT(J13,L13) -> 0 | Q13: =PRODUCT(N13,P13) -> 0 | T13: =SUM(M13,Q13) -> 0
M14: =PRODUCT(J14,L14) -> 0 | Q14: =PRODUCT(N14,P14) -> 0 | T14: =SUM(M14,Q14) -> 0
M15: =PRODUCT(J15,L15) -> 0 | Q15: =PRODUCT(N15,P15) -> 0 | T15: =SUM(M15,Q15) -> 0
M16: =PRODUCT(J16,L16) -> 0 | Q16: =PRODUCT(N16,P16) -> 0 | T16: =SUM(M16,Q16) -> 0
M17: =PRODUCT(J17,L17) -> 0 | Q17: =PRODUCT(N17,P17) -> 0 | T17: =SUM(M17,Q17) -> 0
M18: =PRODUCT(J18,L18) -> 0 | Q18: =PRODUCT(N18,P18) -> 0 | T18: =SUM(M18,Q18) -> 0
M19: =PRODUCT(J19,L19) -> 0 | Q19: =PRODUCT(N19,P19) -> 0 | T19: =SUM(M19,Q19) -> 0
M20: =PRODUCT(J20,L20) -> 0 | Q20: =PRODUCT(N20,P20) -> 0 | T20: =SUM(M20,Q20) -> 0
M21: =PRODUCT(J21,L21) -> 0 | Q21: =PRODUCT(N21,P21) -> 0 | T21: =SUM(M21,Q21) -> 0
M22: =PRODUCT(J22,L22) -> 0 | Q22: =PRODUCT(N22,P22) -> 0 | T22: =SUM(M22,Q22) -> 0
... M40: =PRODUCT(J40,L40) -> 0 | Q40: =PRODUCT(N40,P40) -> 0 | T40: =SUM(M40,Q40) -> 0
E41: SECTION TOTAL | T41: =SUM(T11:V40) -> 0
A43: VA FORM 6238

Sheet DIVISION 01
A2: CONSTRUCTION PROGRAM – ESTIMATE WORKSHEET | N2: DATE | R2: SHEET NO. | S2: =_xlfn.SHEET() -> 3 | T2: OF | U2: =_xlfn.SHEETS() -> 28 | V2: SHEETS
A4: PROJECT NO. | F4: LOCATION | K4: PROJECT NAME | Q4: TYPE OF ESTIMATE
R5: NO DESIGN COMPLETED | U5: PRELIMINARY DESIGN
A6: ESTIMATOR | G6: NEW | H6: ALT | I6: INDEX NO. | J6: BUILDING NO(S). | N6: DRAWING NO. | R6: FINAL DESIGN | U6: OTHER (Specify)
A8: CODE | E8: SYSTEM/SUBSYSTEM | J8: LABOR | N8: MATERIALS | T8: TOTAL
A9: A | B9: B | C9: C | D9: D
E10: DIVISION 01-GENERAL REQUIREMENTS | J10: QTY | K10: UNIT | L10: $/UNIT | M10: TOTAL | N10: QTY | O10: UNIT | P10: $/UNIT | Q10: TOTAL
M11: =PRODUCT(J11,L11) -> 0 | Q11: =PRODUCT(N11,P11) -> 0 | T11: =SUM(M11,Q11) -> 0
M12: =PRODUCT(J12,L12) -> 0 | Q12: =PRODUCT(N12,P12) -> 0 | T12: =SUM(M12,Q12) -> 0
M13: =PRODUCT(J13,L13) -> 0 | Q13: =PRODUCT(N13,P13) -> 0 | T13: =SUM(M13,Q13) -> 0
M14: =PRODUCT(J14,L14) -> 0 | Q14: =PRODUCT(N14,P14) -> 0 | T14: =SUM(M14,Q14) -> 0
M15: =PRODUCT(J15,L15) -> 0 | Q15: =PRODUCT(N15,P15) -> 0 | T15: =SUM(M15,Q15) -> 0
M16: =PRODUCT(J16,L16) -> 0 | Q16: =PRODUCT(N16,P16) -> 0 | T16: =SUM(M16,Q16) -> 0
M17: =PRODUCT(J17,L17) -> 0 | Q17: =PRODUCT(N17,P17) -> 0 | T17: =SUM(M17,Q17) -> 0
M18: =PRODUCT(J18,L18) -> 0 | Q18: =PRODUCT(N18,P18) -> 0 | T18: =SUM(M18,Q18) -> 0
M19: =PRODUCT(J19,L19) -> 0 | Q19: =PRODUCT(N19,P19) -> 0 | T19: =SUM(M19,Q19) -> 0
M20: =PRODUCT(J20,L20) -> 0 | Q20: =PRODUCT(N20,P20) -> 0 | T20: =SUM(M20,Q20) -> 0
M21: =PRODUCT(J21,L21) -> 0 | Q21: =PRODUCT(N21,P21) -> 0 | T21: =SUM(M21,Q21) -> 0
M22: =PRODUCT(J22,L22) -> 0 | Q22: =PRODUCT(N22,P22) -> 0 | T22: =SUM(M22,Q22) -> 0
... M40: =PRODUCT(J40,L40) -> 0 | Q40: =PRODUCT(N40,P40) -> 0 | T40: =SUM(M40,Q40) -> 0
E41: SECTION TOTAL | T41: =SUM(T11:V40) -> 0
A43: VA FORM 6238

Sheet DIVISION 02
A2: CONSTRUCTION PROGRAM – ESTIMATE WORKSHEET | N2: DATE | R2: SHEET NO. | S2: =_xlfn.SHEET() -> 4 | T2: OF | U2: =_xlfn.SHEETS() -> 28 | V2: SHEETS
A4: PROJECT NO. | F4: LOCATION | K4: PROJECT NAME | Q4: TYPE OF ESTIMATE
R5: NO DESIGN COMPLETED | U5: PRELIMINARY DESIGN
A6: ESTIMATOR | G6: NEW | H6: ALT | I6: INDEX NO. | J6: BUILDING NO(S). | N6: DRAWING NO. | R6: FINAL DESIGN | U6: OTHER (Specify)
A8: CODE | E8: SYSTEM/SUBSYSTEM | J8: LABOR | N8: MATERIALS | T8: TOTAL
A9: A | B9: B | C9: C | D9: D
E10: DIVISION 02-EXISTING CONDITIONS | J10: QTY | K10: UNIT | L10: $/UNIT | M10: TOTAL | N10: QTY | O10: UNIT | P10: $/UNIT | Q10: TOTAL
M11: =PRODUCT(J11,L11) -> 0 | Q11: =PRODUCT(N11,P11) -> 0 | T11: =SUM(M11,Q11) -> 0
M12: =PRODUCT(J12,L12) -> 0 | Q12: =PRODUCT(N12,P12) -> 0 | T12: =SUM(M12,Q12) -> 0
M13: =PRODUCT(J13,L13) -> 0 | Q13: =PRODUCT(N13,P13) -> 0 | T13: =SUM(M13,Q13) -> 0
M14: =PRODUCT(J14,L14) -> 0 | Q14: =PRODUCT(N14,P14) -> 0 | T14: =SUM(M14,Q14) -> 0
M15: =PRODUCT(J15,L15) -> 0 | Q15: =PRODUCT(N15,P15) -> 0 | T15: =SUM(M15,Q15) -> 0
M16: =PRODUCT(J16,L16) -> 0 | Q16: =PRODUCT(N16,P16) -> 0 | T16: =SUM(M16,Q16) -> 0
M17: =PRODUCT(J17,L17) -> 0 | Q17: =PRODUCT(N17,P17) -> 0 | T17: =SUM(M17,Q17) -> 0
M18: =PRODUCT(J18,L18) -> 0 | Q18: =PRODUCT(N18,P18) -> 0 | T18: =SUM(M18,Q18) -> 0
M19: =PRODUCT(J19,L19) -> 0 | Q19: =PRODUCT(N19,P19) -> 0 | T19: =SUM(M19,Q19) -> 0
M20: =PRODUCT(J20,L20) -> 0 | Q20: =PRODUCT(N20,P20) -> 0 | T20: =SUM(M20,Q20) -> 0
M21: =PRODUCT(J21,L21) -> 0 | Q21: =PRODUCT(N21,P21) -> 0 | T21: =SUM(M21,Q21) -> 0
M22: =PRODUCT(J22,L22) -> 0 | Q22: =PRODUCT(N22,P22) -> 0 | T22: =SUM(M22,Q22) -> 0
... M40: =PRODUCT(J40,L40) -> 0 | Q40: =PRODUCT(N40,P40) -> 0 | T40: =SUM(M40,Q40) -> 0
E41: SECTION TOTAL | T41: =SUM(T11:V40) -> 0
A43: VA FORM 6238

Sheet DIVISION 03
A2: CONSTRUCTION PROGRAM – ESTIMATE WORKSHEET | N2: DATE | R2: SHEET NO. | S2: =_xlfn.SHEET() -> 5 | T2: OF | U2: =_xlfn.SHEETS() -> 28 | V2: SHEETS
A4: PROJECT NO. | F4: LOCATION | K4: PROJECT NAME | Q4: TYPE OF ESTIMATE
R5: NO DESIGN COMPLETED | U5: PRELIMINARY DESIGN
A6: ESTIMATOR | G6: NEW | H6: ALT | I6: INDEX NO. | J6: BUILDING NO(S). | N6: DRAWING NO. | R6: FINAL DESIGN | U6: OTHER (Specify)
A8: CODE | E8: SYSTEM/SUBSYSTEM | J8: LABOR | N8: MATERIALS | T8: TOTAL
A9: A | B9: B | C9: C | D9: D
E10: DIVISION 03-CONCRETE | J10: QTY | K10: UNIT | L10: $/UNIT | M10: TOTAL | N10: QTY | O10: UNIT | P10: $/UNIT | Q10: TOTAL
M11: =PRODUCT(J11,L11) -> 0 | Q11: =PRODUCT(N11,P11) -> 0 | T11: =SUM(M11,Q11) -> 0
M12: =PRODUCT(J12,L12) -> 0 | Q12: =PRODUCT(N12,P12) -> 0 | T12: =SUM(M12,Q12) -> 0
M13: =PRODUCT(J13,L13) -> 0 | Q13: =PRODUCT(N13,P13) -> 0 | T13: =SUM(M13,Q13) -> 0
M14: =PRODUCT(J14,L14) -> 0 | Q14: =PRODUCT(N14,P14) -> 0 | T14: =SUM(M14,Q14) -> 0
M15: =PRODUCT(J15,L15) -> 0 | Q15: =PRODUCT(N15,P15) -> 0 | T15: =SUM(M15,Q15) -> 0
M16: =PRODUCT(J16,L16) -> 0 | Q16: =PRODUCT(N16,P16) -> 0 | T16: =SUM(M16,Q16) -> 0
M17: =PRODUCT(J17,L17) -> 0 | Q17: =PRODUCT(N17,P17) -> 0 | T17: =SUM(M17,Q17) -> 0
M18: =PRODUCT(J18,L18) -> 0 | Q18: =PRODUCT(N18,P18) -> 0 | T18: =SUM(M18,Q18) -> 0
M19: =PRODUCT(J19,L19) -> 0 | Q19: =PRODUCT(N19,P19) -> 0 | T19: =SUM(M19,Q19) -> 0
M20: =PRODUCT(J20,L20) -> 0 | Q20: =PRODUCT(N20,P20) -> 0 | T20: =SUM(M20,Q20) -> 0
M21: =PRODUCT(J21,L21) -> 0 | Q21: =PRODUCT(N21,P21) -> 0 | T21: =SUM(M21,Q21) -> 0
M22: =PRODUCT(J22,L22) -> 0 | Q22: =PRODUCT(N22,P22) -> 0 | T22: =SUM(M22,Q22) -> 0
... M40: =PRODUCT(J40,L40) -> 0 | Q40: =PRODUCT(N40,P40) -> 0 | T40: =SUM(M40,Q40) -> 0
E41: SECTION TOTAL | T41: =SUM(T11:V40) -> 0
A43: VA FORM 6238

Sheet DIVISION 04
A2: CONSTRUCTION PROGRAM – ESTIMATE WORKSHEET | N2: DATE | R2: SHEET NO. | S2: =_xlfn.SHEET() -> 6 | T2: OF | U2: =_xlfn.SHEETS() -> 28 | V2: SHEETS
A4: PROJECT NO. | F4: LOCATION | K4: PROJECT NAME | Q4: TYPE OF ESTIMATE
R5: NO DESIGN COMPLETED | U5: PRELIMINARY DESIGN
A6: ESTIMATOR | G6: NEW | H6: ALT | I6: INDEX NO. | J6: BUILDING NO(S). | N6: DRAWING NO. | R6: FINAL DESIGN | U6: OTHER (Specify)
A8: CODE | E8: SYSTEM/SUBSYSTEM | J8: LABOR | N8: MATERIALS | T8: TOTAL
A9: A | B9: B | C9: C | D9: D
E10: DIVISION 04-MASONRY | J10: QTY | K10: UNIT | L10: $/UNIT | M10: TOTAL | N10: QTY | O10: UNIT | P10: $/UNIT | Q10: TOTAL
M11: =PRODUCT(J11,L11) -> 0 | Q11: =PRODUCT(N11,P11) -> 0 | T11: =SUM(M11,Q11) -> 0
M12: =PRODUCT(J12,L12) -> 0 | Q12: =PRODUCT(N12,P12) -> 0 | T12: =SUM(M12,Q12) -> 0
M13: =PRODUCT(J13,L13) -> 0 | Q13: =PRODUCT(N13,P13) -> 0 | T13: =SUM(M13,Q13) -> 0
M14: =PRODUCT(J14,L14) -> 0 | Q14: =PRODUCT(N14,P14) -> 0 | T14: =SUM(M14,Q14) -> 0
M15: =PRODUCT(J15,L15) -> 0 | Q15: =PRODUCT(N15,P15) -> 0 | T15: =SUM(M15,Q15) -> 0
M16: =PRODUCT(J16,L16) -> 0 | Q16: =PRODUCT(N16,P16) -> 0 | T16: =SUM(M16,Q16) -> 0
M17: =PRODUCT(J17,L17) -> 0 | Q17: =PRODUCT(N17,P17) -> 0 | T17: =SUM(M17,Q17) -> 0
M18: =PRODUCT(J18,L18) -> 0 | Q18: =PRODUCT(N18,P18) -> 0 | T18: =SUM(M18,Q18) -> 0
M19: =PRODUCT(J19,L19) -> 0 | Q19: =PRODUCT(N19,P19) -> 0 | T19: =SUM(M19,Q19) -> 0
M20: =PRODUCT(J20,L20) -> 0 | Q20: =PRODUCT(N20,P20) -> 0 | T20: =SUM(M20,Q20) -> 0
M21: =PRODUCT(J21,L21) -> 0 | Q21: =PRODUCT(N21,P21) -> 0 | T21: =SUM(M21,Q21) -> 0
M22: =PRODUCT(J22,L22) -> 0 | Q22: =PRODUCT(N22,P22) -> 0 | T22: =SUM(M22,Q22) -> 0
... M40: =PRODUCT(J40,L40) -> 0 | Q40: =PRODUCT(N40,P40) -> 0 | T40: =SUM(M40,Q40) -> 0
E41: SECTION TOTAL | T41: =SUM(T11:V40) -> 0
A43: VA FORM 6238

Sheet DIVISION 05
A2: CONSTRUCTION PROGRAM – ESTIMATE WORKSHEET | N2: DATE | R2: SHEET NO. | S2: =_xlfn.SHEET() -> 7 | T2: OF | U2: =_xlfn.SHEETS() -> 28 | V2: SHEETS
A4: PROJECT NO. | F4: LOCATION | K4: PROJECT NAME | Q4: TYPE OF ESTIMATE
R5: NO DESIGN COMPLETED | U5: PRELIMINARY DESIGN
A6: ESTIMATOR | G6: NEW | H6: ALT | I6: INDEX NO. | J6: BUILDING NO(S). | N6: DRAWING NO. | R6: FINAL DESIGN | U6: OTHER (Specify)
A8: CODE | E8: SYSTEM/SUBSYSTEM | J8: LABOR | N8: MATERIALS | T8: TOTAL
A9: A | B9: B | C9: C | D9: D
E10: DIVISION 05-METALS | J10: QTY | K10: UNIT | L10: $/UNIT | M10: TOTAL | N10: QTY | O10: UNIT | P10: $/UNIT | Q10: TOTAL
M11: =PRODUCT(J11,L11) -> 0 | Q11: =PRODUCT(N11,P11) -> 0 | T11: =SUM(M11,Q11) -> 0
M12: =PRODUCT(J12,L12) -> 0 | Q12: =PRODUCT(N12,P12) -> 0 | T12: =SUM(M12,Q12) -> 0
M13: =PRODUCT(J13,L13) -> 0 | Q13: =PRODUCT(N13,P13) -> 0 | T13: =SUM(M13,Q13) -> 0
M14: =PRODUCT(J14,L14) -> 0 | Q14: =PRODUCT(N14,P14) -> 0 | T14: =SUM(M14,Q14) -> 0
M15: =PRODUCT(J15,L15) -> 0 | Q15: =PRODUCT(N15,P15) -> 0 | T15: =SUM(M15,Q15) -> 0
M16: =PRODUCT(J16,L16) -> 0 | Q16: =PRODUCT(N16,P16) -> 0 | T16: =SUM(M16,Q16) -> 0
M17: =PRODUCT(J17,L17) -> 0 | Q17: =PRODUCT(N17,P17) -> 0 | T17: =SUM(M17,Q17) -> 0
M18: =PRODUCT(J18,L18) -> 0 | Q18: =PRODUCT(N18,P18) -> 0 | T18: =SUM(M18,Q18) -> 0
M19: =PRODUCT(J19,L19) -> 0 | Q19: =PRODUCT(N19,P19) -> 0 | T19: =SUM(M19,Q19) -> 0
M20: =PRODUCT(J20,L20) -> 0 | Q20: =PRODUCT(N20,P20) -> 0 | T20: =SUM(M20,Q20) -> 0
M21: =PRODUCT(J21,L21) -> 0 | Q21: =PRODUCT(N21,P21) -> 0 | T21: =SUM(M21,Q21) -> 0
M22: =PRODUCT(J22,L22) -> 0 | Q22: =PRODUCT(N22,P22) -> 0 | T22: =SUM(M22,Q22) -> 0
... M40: =PRODUCT(J40,L40) -> 0 | Q40: =PRODUCT(N40,P40) -> 0 | T40: =SUM(M40,Q40) -> 0
E41: SECTION TOTAL | T41: =SUM(T11:V40) -> 0
A43: VA FORM 6238

Sheet DIVISION 06
A2: CONSTRUCTION PROGRAM – ESTIMATE WORKSHEET | N2: DATE | R2: SHEET NO. | S2: =_xlfn.SHEET() -> 8 | T2: OF | U2: =_xlfn.SHEETS() -> 28 | V2: SHEETS
A4: PROJECT NO. | F4: LOCATION | K4: PROJECT NAME | Q4: TYPE OF ESTIMATE
R5: NO DESIGN COMPLETED | U5: PRELIMINARY DESIGN
A6: ESTIMATOR | G6: NEW | H6: ALT | I6: INDEX NO. | J6: BUILDING NO(S). | N6: DRAWING NO. | R6: FINAL DESIGN | U6: OTHER (Specify)
A8: CODE | E8: SYSTEM/SUBSYSTEM | J8: LABOR | N8: MATERIALS | T8: TOTAL
A9: A | B9: B | C9: C | D9: D
E10: DIVISION 06-WOOD, PLASTICS, AND COMPOSITES | J10: QTY | K10: UNIT | L10: $/UNIT | M10: TOTAL | N10: QTY | O10: UNIT | P10: $/UNIT | Q10: TOTAL
M11: =PRODUCT(J11,L11) -> 0 | Q11: =PRODUCT(N11,P11) -> 0 | T11: =SUM(M11,Q11) -> 0
M12: =PRODUCT(J12,L12) -> 0 | Q12: =PRODUCT(N12,P12) -> 0 | T12: =SUM(M12,Q12) -> 0
M13: =PRODUCT(J13,L13) -> 0 | Q13: =PRODUCT(N13,P13) -> 0 | T13: =SUM(M13,Q13) -> 0
M14: =PRODUCT(J14,L14) -> 0 | Q14: =PRODUCT(N14,P14) -> 0 | T14: =SUM(M14,Q14) -> 0
M15: =PRODUCT(J15,L15) -> 0 | Q15: =PRODUCT(N15,P15) -> 0 | T15: =SUM(M15,Q15) -> 0
M16: =PRODUCT(J16,L16) -> 0 | Q16: =PRODUCT(N16,P16) -> 0 | T16: =SUM(M16,Q16) -> 0
M17: =PRODUCT(J17,L17) -> 0 | Q17: =PRODUCT(N17,P17) -> 0 | T17: =SUM(M17,Q17) -> 0
M18: =PRODUCT(J18,L18) -> 0 | Q18: =PRODUCT(N18,P18) -> 0 | T18: =SUM(M18,Q18) -> 0
M19: =PRODUCT(J19,L19) -> 0 | Q19: =PRODUCT(N19,P19) -> 0 | T19: =SUM(M19,Q19) -> 0
M20: =PRODUCT(J20,L20) -> 0 | Q20: =PRODUCT(N20,P20) -> 0 | T20: =SUM(M20,Q20) -> 0
M21: =PRODUCT(J21,L21) -> 0 | Q21: =PRODUCT(N21,P21) -> 0 | T21: =SUM(M21,Q21) -> 0
M22: =PRODUCT(J22,L22) -> 0 | Q22: =PRODUCT(N22,P22) -> 0 | T22: =SUM(M22,Q22) -> 0
... M40: =PRODUCT(J40,L40) -> 0 | Q40: =PRODUCT(N40,P40) -> 0 | T40: =SUM(M40,Q40) -> 0
E41: SECTION TOTAL | T41: =SUM(T11:V40) -> 0
A43: VA FORM 6238

Sheet DIVISION 07
A2: CONSTRUCTION PROGRAM – ESTIMATE WORKSHEET | N2: DATE | R2: SHEET NO. | S2: =_xlfn.SHEET() -> 9 | T2: OF | U2: =_xlfn.SHEETS() -> 28 | V2: SHEETS
A4: PROJECT NO. | F4: LOCATION | K4: PROJECT NAME | Q4: TYPE OF ESTIMATE
R5: NO DESIGN COMPLETED | U5: PRELIMINARY DESIGN
A6: ESTIMATOR | G6: NEW | H6: ALT | I6: INDEX NO. | J6: BUILDING NO(S). | N6: DRAWING NO. | R6: FINAL DESIGN | U6: OTHER (Specify)
A8: CODE | E8: SYSTEM/SUBSYSTEM | J8: LABOR | N8: MATERIALS | T8: TOTAL
A9: A | B9: B | C9: C | D9: D
E10: DIVISION 07-THERMAL AND MOISTURE PROTECTION | J10: QTY | K10: UNIT | L10: $/UNIT | M10: TOTAL | N10: QTY | O10: UNIT | P10: $/UNIT | Q10: TOTAL
M11: =PRODUCT(J11,L11) -> 0 | Q11: =PRODUCT(N11,P11) -> 0 | T11: =SUM(M11,Q11) -> 0
M12: =PRODUCT(J12,L12) -> 0 | Q12: =PRODUCT(N12,P12) -> 0 | T12: =SUM(M12,Q12) -> 0
M13: =PRODUCT(J13,L13) -> 0 | Q13: =PRODUCT(N13,P13) -> 0 | T13: =SUM(M13,Q13) -> 0
M14: =PRODUCT(J14,L14) -> 0 | Q14: =PRODUCT(N14,P14) -> 0 | T14: =SUM(M14,Q14) -> 0
M15: =PRODUCT(J15,L15) -> 0 | Q15: =PRODUCT(N15,P15) -> 0 | T15: =SUM(M15,Q15) -> 0
M16: =PRODUCT(J16,L16) -> 0 | Q16: =PRODUCT(N16,P16) -> 0 | T16: =SUM(M16,Q16) -> 0
M17: =PRODUCT(J17,L17) -> 0 | Q17: =PRODUCT(N17,P17) -> 0 | T17: =SUM(M17,Q17) -> 0
M18: =PRODUCT(J18,L18) -> 0 | Q18: =PRODUCT(N18,P18) -> 0 | T18: =SUM(M18,Q18) -> 0
M19: =PRODUCT(J19,L19) -> 0 | Q19: =PRODUCT(N19,P19) -> 0 | T19: =SUM(M19,Q19) -> 0
M20: =PRODUCT(J20,L20) -> 0 | Q20: =PRODUCT(N20,P20) -> 0 | T20: =SUM(M20,Q20) -> 0
M21: =PRODUCT(J21,L21) -> 0 | Q21: =PRODUCT(N21,P21) -> 0 | T21: =SUM(M21,Q21) -> 0
M22: =PRODUCT(J22,L22) -> 0 | Q22: =PRODUCT(N22,P22) -> 0 | T22: =SUM(M22,Q22) -> 0
... M40: =PRODUCT(J40,L40) -> 0 | Q40: =PRODUCT(N40,P40) -> 0 | T40: =SUM(M40,Q40) -> 0
E41: SECTION TOTAL | T41: =SUM(T11:V40) -> 0
A43: VA FORM 6238

Sheet DIVISION 08
A2: CONSTRUCTION PROGRAM – ESTIMATE WORKSHEET | N2: DATE | R2: SHEET NO. | S2: =_xlfn.SHEET() -> 10 | T2: OF | U2: =_xlfn.SHEETS() -> 28 | V2: SHEETS
A4: PROJECT NO. | F4: LOCATION | K4: PROJECT NAME | Q4: TYPE OF ESTIMATE
R5: NO DESIGN COMPLETED | U5: PRELIMINARY DESIGN
A6: ESTIMATOR | G6: NEW | H6: ALT | I6: INDEX NO. | J6: BUILDING NO(S). | N6: DRAWING NO. | R6: FINAL DESIGN | U6: OTHER (Specify)
A8: CODE | E8: SYSTEM/SUBSYSTEM | J8: LABOR | N8: MATERIALS | T8: TOTAL
A9: A | B9: B | C9: C | D9: D
E10: DIVISION 08-OPENINGS | J10: QTY | K10: UNIT | L10: $/UNIT | M10: TOTAL | N10: QTY | O10: UNIT | P10: $/UNIT | Q10: TOTAL
M11: =PRODUCT(J11,L11) -> 0 | Q11: =PRODUCT(N11,P11) -> 0 | T11: =SUM(M11,Q11) -> 0
M12: =PRODUCT(J12,L12) -> 0 | Q12: =PRODUCT(N12,P12) -> 0 | T12: =SUM(M12,Q12) -> 0
M13: =PRODUCT(J13,L13) -> 0 | Q13: =PRODUCT(N13,P13) -> 0 | T13: =SUM(M13,Q13) -> 0
M14: =PRODUCT(J14,L14) -> 0 | Q14: =PRODUCT(N14,P14) -> 0 | T14: =SUM(M14,Q14) -> 0
M15: =PRODUCT(J15,L15) -> 0 | Q15: =PRODUCT(N15,P15) -> 0 | T15: =SUM(M15,Q15) -> 0
M16: =PRODUCT(J16,L16) -> 0 | Q16: =PRODUCT(N16,P16) -> 0 | T16: =SUM(M16,Q16) -> 0
M17: =PRODUCT(J17,L17) -> 0 | Q17: =PRODUCT(N17,P17) -> 0 | T17: =SUM(M17,Q17) -> 0
M18: =PRODUCT(J18,L18) -> 0 | Q18: =PRODUCT(N18,P18) -> 0 | T18: =SUM(M18,Q18) -> 0
M19: =PRODUCT(J19,L19) -> 0 | Q19: =PRODUCT(N19,P19) -> 0 | T19: =SUM(M19,Q19) -> 0
M20: =PRODUCT(J20,L20) -> 0 | Q20: =PRODUCT(N20,P20) -> 0 | T20: =SUM(M20,Q20) -> 0
M21: =PRODUCT(J21,L21) -> 0 | Q21: =PRODUCT(N21,P21) -> 0 | T21: =SUM(M21,Q21) -> 0
M22: =PRODUCT(J22,L22) -> 0 | Q22: =PRODUCT(N22,P22) -> 0 | T22: =SUM(M22,Q22) -> 0
... M40: =PRODUCT(J40,L40) -> 0 | Q40: =PRODUCT(N40,P40) -> 0 | T40: =SUM(M40,Q40) -> 0
E41: SECTION TOTAL | T41: =SUM(T11:V40) -> 0
A43: VA FORM 6238

Sheet DIVISION 09
A2: CONSTRUCTION PROGRAM – ESTIMATE WORKSHEET | N2: DATE | R2: SHEET NO. | S2: =_xlfn.SHEET() -> 11 | T2: OF | U2: =_xlfn.SHEETS() -> 28 | V2: SHEETS
A4: PROJECT NO. | F4: LOCATION | K4: PROJECT NAME | Q4: TYPE OF ESTIMATE
R5: NO DESIGN COMPLETED | U5: PRELIMINARY DESIGN
A6: ESTIMATOR | G6: NEW | H6: ALT | I6: INDEX NO. | J6: BUILDING NO(S). | N6: DRAWING NO. | R6: FINAL DESIGN | U6: OTHER (Specify)
A8: CODE | E8: SYSTEM/SUBSYSTEM | J8: LABOR | N8: MATERIALS | T8: TOTAL
A9: A | B9: B | C9: C | D9: D
E10: DIVISION 09-FINISHES | J10: QTY | K10: UNIT | L10: $/UNIT | M10: TOTAL | N10: QTY | O10: UNIT | P10: $/UNIT | Q10: TOTAL
M11: =PRODUCT(J11,L11) -> 0 | Q11: =PRODUCT(N11,P11) -> 0 | T11: =SUM(M11,Q11) -> 0
M12: =PRODUCT(J12,L12) -> 0 | Q12: =PRODUCT(N12,P12) -> 0 | T12: =SUM(M12,Q12) -> 0
M13: =PRODUCT(J13,L13) -> 0 | Q13: =PRODUCT(N13,P13) -> 0 | T13: =SUM(M13,Q13) -> 0
M14: =PRODUCT(J14,L14) -> 0 | Q14: =PRODUCT(N14,P14) -> 0 | T14: =SUM(M14,Q14) -> 0
M15: =PRODUCT(J15,L15) -> 0 | Q15: =PRODUCT(N15,P15) -> 0 | T15: =SUM(M15,Q15) -> 0
M16: =PRODUCT(J16,L16) -> 0 | Q16: =PRODUCT(N16,P16) -> 0 | T16: =SUM(M16,Q16) -> 0
M17: =PRODUCT(J17,L17) -> 0 | Q17: =PRODUCT(N17,P17) -> 0 | T17: =SUM(M17,Q17) -> 0
M18: =PRODUCT(J18,L18) -> 0 | Q18: =PRODUCT(N18,P18) -> 0 | T18: =SUM(M18,Q18) -> 0
M19: =PRODUCT(J19,L19) -> 0 | Q19: =PRODUCT(N19,P19) -> 0 | T19: =SUM(M19,Q19) -> 0
M20: =PRODUCT(J20,L20) -> 0 | Q20: =PRODUCT(N20,P20) -> 0 | T20: =SUM(M20,Q20) -> 0
M21: =PRODUCT(J21,L21) -> 0 | Q21: =PRODUCT(N21,P21) -> 0 | T21: =SUM(M21,Q21) -> 0
M22: =PRODUCT(J22,L22) -> 0 | Q22: =PRODUCT(N22,P22) -> 0 | T22: =SUM(M22,Q22) -> 0
... M40: =PRODUCT(J40,L40) -> 0 | Q40: =PRODUCT(N40,P40) -> 0 | T40: =SUM(M40,Q40) -> 0
E41: SECTION TOTAL | T41: =SUM(T11:V40) -> 0
A43: VA FORM 6238

Sheet DIVISION 10
A2: CONSTRUCTION PROGRAM – ESTIMATE WORKSHEET | N2: DATE | R2: SHEET NO. | S2: =_xlfn.SHEET() -> 12 | T2: OF | U2: =_xlfn.SHEETS() -> 28 | V2: SHEETS
A4: PROJECT NO. | F4: LOCATION | K4: PROJECT NAME | Q4: TYPE OF ESTIMATE
R5: NO DESIGN COMPLETED | U5: PRELIMINARY DESIGN
A6: ESTIMATOR | G6: NEW | H6: ALT | I6: INDEX NO. | J6: BUILDING NO(S). | N6: DRAWING NO. | R6: FINAL DESIGN | U6: OTHER (Specify)
A8: CODE | E8: SYSTEM/SUBSYSTEM | J8: LABOR | N8: MATERIALS | T8: TOTAL
A9: A | B9: B | C9: C | D9: D
E10: DIVISION 10-SPECIALTIES | J10: QTY | K10: UNIT | L10: $/UNIT | M10: TOTAL | N10: QTY | O10: UNIT | P10: $/UNIT | Q10: TOTAL
M11: =PRODUCT(J11,L11) -> 0 | Q11: =PRODUCT(N11,P11) -> 0 | T11: =SUM(M11,Q11) -> 0
M12: =PRODUCT(J12,L12) -> 0 | Q12: =PRODUCT(N12,P12) -> 0 | T12: =SUM(M12,Q12) -> 0
M13: =PRODUCT(J13,L13) -> 0 | Q13: =PRODUCT(N13,P13) -> 0 | T13: =SUM(M13,Q13) -> 0
M14: =PRODUCT(J14,L14) -> 0 | Q14: =PRODUCT(N14,P14) -> 0 | T14: =SUM(M14,Q14) -> 0
M15: =PRODUCT(J15,L15) -> 0 | Q15: =PRODUCT(N15,P15) -> 0 | T15: =SUM(M15,Q15) -> 0
M16: =PRODUCT(J16,L16) -> 0 | Q16: =PRODUCT(N16,P16) -> 0 | T16: =SUM(M16,Q16) -> 0
M17: =PRODUCT(J17,L17) -> 0 | Q17: =PRODUCT(N17,P17) -> 0 | T17: =SUM(M17,Q17) -> 0
M18: =PRODUCT(J18,L18) -> 0 | Q18: =PRODUCT(N18,P18) -> 0 | T18: =SUM(M18,Q18) -> 0
M19: =PRODUCT(J19,L19) -> 0 | Q19: =PRODUCT(N19,P19) -> 0 | T19: =SUM(M19,Q19) -> 0
M20: =PRODUCT(J20,L20) -> 0 | Q20: =PRODUCT(N20,P20) -> 0 | T20: =SUM(M20,Q20) -> 0
M21: =PRODUCT(J21,L21) -> 0 | Q21: =PRODUCT(N21,P21) -> 0 | T21: =SUM(M21,Q21) -> 0
M22: =PRODUCT(J22,L22) -> 0 | Q22: =PRODUCT(N22,P22) -> 0 | T22: =SUM(M22,Q22) -> 0
... M40: =PRODUCT(J40,L40) -> 0 | Q40: =PRODUCT(N40,P40) -> 0 | T40: =SUM(M40,Q40) -> 0
E41: SECTION TOTAL | T41: =SUM(T11:V40) -> 0
A43: VA FORM 6238

Sheet DIVISION 11
A2: CONSTRUCTION PROGRAM – ESTIMATE WORKSHEET | N2: DATE | R2: SHEET NO. | S2: =_xlfn.SHEET() -> 13 | T2: OF | U2: =_xlfn.SHEETS() -> 28 | V2: SHEETS
A4: PROJECT NO. | F4: LOCATION | K4: PROJECT NAME | Q4: TYPE OF ESTIMATE
R5: NO DESIGN COMPLETED | U5: PRELIMINARY DESIGN
A6: ESTIMATOR | G6: NEW | H6: ALT | I6: INDEX NO. | J6: BUILDING NO(S). | N6: DRAWING NO. | R6: FINAL DESIGN | U6: OTHER (Specify)
A8: CODE | E8: SYSTEM/SUBSYSTEM | J8: LABOR | N8: MATERIALS | T8: TOTAL
A9: A | B9: B | C9: C | D9: D
E10: DIVISION 11-EQUIPMENT | J10: QTY | K10: UNIT | L10: $/UNIT | M10: TOTAL | N10: QTY | O10: UNIT | P10: $/UNIT | Q10: TOTAL
M11: =PRODUCT(J11,L11) -> 0 | Q11: =PRODUCT(N11,P11) -> 0 | T11: =SUM(M11,Q11) -> 0
M12: =PRODUCT(J12,L12) -> 0 | Q12: =PRODUCT(N12,P12) -> 0 | T12: =SUM(M12,Q12) -> 0
M13: =PRODUCT(J13,L13) -> 0 | Q13: =PRODUCT(N13,P13) -> 0 | T13: =SUM(M13,Q13) -> 0
M14: =PRODUCT(J14,L14) -> 0 | Q14: =PRODUCT(N14,P14) -> 0 | T14: =SUM(M14,Q14) -> 0
M15: =PRODUCT(J15,L15) -> 0 | Q15: =PRODUCT(N15,P15) -> 0 | T15: =SUM(M15,Q15) -> 0
M16: =PRODUCT(J16,L16) -> 0 | Q16: =PRODUCT(N16,P16) -> 0 | T16: =SUM(M16,Q16) -> 0
M17: =PRODUCT(J17,L17) -> 0 | Q17: =PRODUCT(N17,P17) -> 0 | T17: =SUM(M17,Q17) -> 0
M18: =PRODUCT(J18,L18) -> 0 | Q18: =PRODUCT(N18,P18) -> 0 | T18: =SUM(M18,Q18) -> 0
M19: =PRODUCT(J19,L19) -> 0 | Q19: =PRODUCT(N19,P19) -> 0 | T19: =SUM(M19,Q19) -> 0
M20: =PRODUCT(J20,L20) -> 0 | Q20: =PRODUCT(N20,P20) -> 0 | T20: =SUM(M20,Q20) -> 0
M21: =PRODUCT(J21,L21) -> 0 | Q21: =PRODUCT(N21,P21) -> 0 | T21: =SUM(M21,Q21) -> 0
M22: =PRODUCT(J22,L22) -> 0 | Q22: =PRODUCT(N22,P22) -> 0 | T22: =SUM(M22,Q22) -> 0
... M40: =PRODUCT(J40,L40) -> 0 | Q40: =PRODUCT(N40,P40) -> 0 | T40: =SUM(M40,Q40) -> 0
E41: SECTION TOTAL | T41: =SUM(T11:V40) -> 0
A43: VA FORM 6238

Sheet DIVISION 12
A2: CONSTRUCTION PROGRAM – ESTIMATE WORKSHEET | N2: DATE | R2: SHEET NO. | S2: =_xlfn.SHEET() -> 14 | T2: OF | U2: =_xlfn.SHEETS() -> 28 | V2: SHEETS
A4: PROJECT NO. | F4: LOCATION | K4: PROJECT NAME | Q4: TYPE OF ESTIMATE
R5: NO DESIGN COMPLETED | U5: PRELIMINARY DESIGN
A6: ESTIMATOR | G6: NEW | H6: ALT | I6: INDEX NO. | J6: BUILDING NO(S). | N6: DRAWING NO. | R6: FINAL DESIGN | U6: OTHER (Specify)
A8: CODE | E8: SYSTEM/SUBSYSTEM | J8: LABOR | N8: MATERIALS | T8: TOTAL
A9: A | B9: B | C9: C | D9: D
E10: DIVISION 12-FURNISHINGS | J10: QTY | K10: UNIT | L10: $/UNIT | M10: TOTAL | N10: QTY | O10: UNIT | P10: $/UNIT | Q10: TOTAL
M11: =PRODUCT(J11,L11) -> 0 | Q11: =PRODUCT(N11,P11) -> 0 | T11: =SUM(M11,Q11) -> 0
M12: =PRODUCT(J12,L12) -> 0 | Q12: =PRODUCT(N12,P12) -> 0 | T12: =SUM(M12,Q12) -> 0
M13: =PRODUCT(J13,L13) -> 0 | Q13: =PRODUCT(N13,P13) -> 0 | T13: =SUM(M13,Q13) -> 0
M14: =PRODUCT(J14,L14) -> 0 | Q14: =PRODUCT(N14,P14) -> 0 | T14: =SUM(M14,Q14) -> 0
M15: =PRODUCT(J15,L15) -> 0 | Q15: =PRODUCT(N15,P15) -> 0 | T15: =SUM(M15,Q15) -> 0
M16: =PRODUCT(J16,L16) -> 0 | Q16: =PRODUCT(N16,P16) -> 0 | T16: =SUM(M16,Q16) -> 0
M17: =PRODUCT(J17,L17) -> 0 | Q17: =PRODUCT(N17,P17) -> 0 | T17: =SUM(M17,Q17) -> 0
M18: =PRODUCT(J18,L18) -> 0 | Q18: =PRODUCT(N18,P18) -> 0 | T18: =SUM(M18,Q18) -> 0
M19: =PRODUCT(J19,L19) -> 0 | Q19: =PRODUCT(N19,P19) -> 0 | T19: =SUM(M19,Q19) -> 0
M20: =PRODUCT(J20,L20) -> 0 | Q20: =PRODUCT(N20,P20) -> 0 | T20: =SUM(M20,Q20) -> 0
M21: =PRODUCT(J21,L21) -> 0 | Q21: =PRODUCT(N21,P21) -> 0 | T21: =SUM(M21,Q21) -> 0
M22: =PRODUCT(J22,L22) -> 0 | Q22: =PRODUCT(N22,P22) -> 0 | T22: =SUM(M22,Q22) -> 0
... M40: =PRODUCT(J40,L40) -> 0 | Q40: =PRODUCT(N40,P40) -> 0 | T40: =SUM(M40,Q40) -> 0
E41: SECTION TOTAL | T41: =SUM(T11:V40) -> 0
A43: VA FORM 6238

Sheet DIVISION 13
A2: CONSTRUCTION PROGRAM – ESTIMATE WORKSHEET | N2: DATE | R2: SHEET NO. | S2: =_xlfn.SHEET() -> 15 | T2: OF | U2: =_xlfn.SHEETS() -> 28 | V2: SHEETS
A4: PROJECT NO. | F4: LOCATION | K4: PROJECT NAME | Q4: TYPE OF ESTIMATE
R5: NO DESIGN COMPLETED | U5: PRELIMINARY DESIGN
A6: ESTIMATOR | G6: NEW | H6: ALT | I6: INDEX NO. | J6: BUILDING NO(S). | N6: DRAWING NO. | R6: FINAL DESIGN | U6: OTHER (Specify)
A8: CODE | E8: SYSTEM/SUBSYSTEM | J8: LABOR | N8: MATERIALS | T8: TOTAL
A9: A | B9: B | C9: C | D9: D
E10: DIVISION 13-SPECIAL CONSTRUCTION | J10: QTY | K10: UNIT | L10: $/UNIT | M10: TOTAL | N10: QTY | O10: UNIT | P10: $/UNIT | Q10: TOTAL
M11: =PRODUCT(J11,L11) -> 0 | Q11: =PRODUCT(N11,P11) -> 0 | T11: =SUM(M11,Q11) -> 0
M12: =PRODUCT(J12,L12) -> 0 | Q12: =PRODUCT(N12,P12) -> 0 | T12: =SUM(M12,Q12) -> 0
M13: =PRODUCT(J13,L13) -> 0 | Q13: =PRODUCT(N13,P13) -> 0 | T13: =SUM(M13,Q13) -> 0
M14: =PRODUCT(J14,L14) -> 0 | Q14: =PRODUCT(N14,P14) -> 0 | T14: =SUM(M14,Q14) -> 0
M15: =PRODUCT(J15,L15) -> 0 | Q15: =PRODUCT(N15,P15) -> 0 | T15: =SUM(M15,Q15) -> 0
M16: =PRODUCT(J16,L16) -> 0 | Q16: =PRODUCT(N16,P16) -> 0 | T16: =SUM(M16,Q16) -> 0
M17: =PRODUCT(J17,L17) -> 0 | Q17: =PRODUCT(N17,P17) -> 0 | T17: =SUM(M17,Q17) -> 0
M18: =PRODUCT(J18,L18) -> 0 | Q18: =PRODUCT(N18,P18) -> 0 | T18: =SUM(M18,Q18) -> 0
M19: =PRODUCT(J19,L19) -> 0 | Q19: =PRODUCT(N19,P19) -> 0 | T19: =SUM(M19,Q19) -> 0
M20: =PRODUCT(J20,L20) -> 0 | Q20: =PRODUCT(N20,P20) -> 0 | T20: =SUM(M20,Q20) -> 0
M21: =PRODUCT(J21,L21) -> 0 | Q21: =PRODUCT(N21,P21) -> 0 | T21: =SUM(M21,Q21) -> 0
M22: =PRODUCT(J22,L22) -> 0 | Q22: =PRODUCT(N22,P22) -> 0 | T22: =SUM(M22,Q22) -> 0
... M40: =PRODUCT(J40,L40) -> 0 | Q40: =PRODUCT(N40,P40) -> 0 | T40: =SUM(M40,Q40) -> 0
E41: SECTION TOTAL | T41: =SUM(T11:V40) -> 0
A43: VA FORM 6238

Sheet DIVISION 14
A2: CONSTRUCTION PROGRAM – ESTIMATE WORKSHEET | N2: DATE | R2: SHEET NO. | S2: =_xlfn.SHEET() -> 16 | T2: OF | U2: =_xlfn.SHEETS() -> 28 | V2: SHEETS
A4: PROJECT NO. | F4: LOCATION | K4: PROJECT NAME | Q4: TYPE OF ESTIMATE
R5: NO DESIGN COMPLETED | U5: PRELIMINARY DESIGN
A6: ESTIMATOR | G6: NEW | H6: ALT | I6: INDEX NO. | J6: BUILDING NO(S). | N6: DRAWING NO. | R6: FINAL DESIGN | U6: OTHER (Specify)
A8: CODE | E8: SYSTEM/SUBSYSTEM | J8: LABOR | N8: MATERIALS | T8: TOTAL
A9: A | B9: B | C9: C | D9: D
E10: DIVISION 14-CONVEYING EQUIPMENT | J10: QTY | K10: UNIT | L10: $/UNIT | M10: TOTAL | N10: QTY | O10: UNIT | P10: $/UNIT | Q10: TOTAL
M11: =PRODUCT(J11,L11) -> 0 | Q11: =PRODUCT(N11,P11) -> 0 | T11: =SUM(M11,Q11) -> 0
M12: =PRODUCT(J12,L12) -> 0 | Q12: =PRODUCT(N12,P12) -> 0 | T12: =SUM(M12,Q12) -> 0
M13: =PRODUCT(J13,L13) -> 0 | Q13: =PRODUCT(N13,P13) -> 0 | T13: =SUM(M13,Q13) -> 0
M14: =PRODUCT(J14,L14) -> 0 | Q14: =PRODUCT(N14,P14) -> 0 | T14: =SUM(M14,Q14) -> 0
M15: =PRODUCT(J15,L15) -> 0 | Q15: =PRODUCT(N15,P15) -> 0 | T15: =SUM(M15,Q15) -> 0
M16: =PRODUCT(J16,L16) -> 0 | Q16: =PRODUCT(N16,P16) -> 0 | T16: =SUM(M16,Q16) -> 0
M17: =PRODUCT(J17,L17) -> 0 | Q17: =PRODUCT(N17,P17) -> 0 | T17: =SUM(M17,Q17) -> 0
M18: =PRODUCT(J18,L18) -> 0 | Q18: =PRODUCT(N18,P18) -> 0 | T18: =SUM(M18,Q18) -> 0
M19: =PRODUCT(J19,L19) -> 0 | Q19: =PRODUCT(N19,P19) -> 0 | T19: =SUM(M19,Q19) -> 0
M20: =PRODUCT(J20,L20) -> 0 | Q20: =PRODUCT(N20,P20) -> 0 | T20: =SUM(M20,Q20) -> 0
M21: =PRODUCT(J21,L21) -> 0 | Q21: =PRODUCT(N21,P21) -> 0 | T21: =SUM(M21,Q21) -> 0
M22: =PRODUCT(J22,L22) -> 0 | Q22: =PRODUCT(N22,P22) -> 0 | T22: =SUM(M22,Q22) -> 0
... M40: =PRODUCT(J40,L40) -> 0 | Q40: =PRODUCT(N40,P40) -> 0 | T40: =SUM(M40,Q40) -> 0
E41: SECTION TOTAL | T41: =SUM(T11:V40) -> 0
A43: VA FORM 6238

Sheet DIVISION 21
A2: CONSTRUCTION PROGRAM – ESTIMATE WORKSHEET | N2: DATE | R2: SHEET NO. | S2: =_xlfn.SHEET() -> 17 | T2: OF | U2: =_xlfn.SHEETS() -> 28 | V2: SHEETS
A4: PROJECT NO. | F4: LOCATION | K4: PROJECT NAME | Q4: TYPE OF ESTIMATE
R5: NO DESIGN COMPLETED | U5: PRELIMINARY DESIGN
A6: ESTIMATOR | G6: NEW | H6: ALT | I6: INDEX NO. | J6: BUILDING NO(S). | N6: DRAWING NO. | R6: FINAL DESIGN | U6: OTHER (Specify)
A8: CODE | E8: SYSTEM/SUBSYSTEM | J8: LABOR | N8: MATERIALS | T8: TOTAL
A9: A | B9: B | C9: C | D9: D
E10: DIVISION 21-FIRE SUPPRESSION | J10: QTY | K10: UNIT | L10: $/UNIT | M10: TOTAL | N10: QTY | O10: UNIT | P10: $/UNIT | Q10: TOTAL
M11: =PRODUCT(J11,L11) -> 0 | Q11: =PRODUCT(N11,P11) -> 0 | T11: =SUM(M11,Q11) -> 0
M12: =PRODUCT(J12,L12) -> 0 | Q12: =PRODUCT(N12,P12) -> 0 | T12: =SUM(M12,Q12) -> 0
M13: =PRODUCT(J13,L13) -> 0 | Q13: =PRODUCT(N13,P13) -> 0 | T13: =SUM(M13,Q13) -> 0
M14: =PRODUCT(J14,L14) -> 0 | Q14: =PRODUCT(N14,P14) -> 0 | T14: =SUM(M14,Q14) -> 0
M15: =PRODUCT(J15,L15) -> 0 | Q15: =PRODUCT(N15,P15) -> 0 | T15: =SUM(M15,Q15) -> 0
M16: =PRODUCT(J16,L16) -> 0 | Q16: =PRODUCT(N16,P16) -> 0 | T16: =SUM(M16,Q16) -> 0
M17: =PRODUCT(J17,L17) -> 0 | Q17: =PRODUCT(N17,P17) -> 0 | T17: =SUM(M17,Q17) -> 0
M18: =PRODUCT(J18,L18) -> 0 | Q18: =PRODUCT(N18,P18) -> 0 | T18: =SUM(M18,Q18) -> 0
M19: =PRODUCT(J19,L19) -> 0 | Q19: =PRODUCT(N19,P19) -> 0 | T19: =SUM(M19,Q19) -> 0
M20: =PRODUCT(J20,L20) -> 0 | Q20: =PRODUCT(N20,P20) -> 0 | T20: =SUM(M20,Q20) -> 0
M21: =PRODUCT(J21,L21) -> 0 | Q21: =PRODUCT(N21,P21) -> 0 | T21: =SUM(M21,Q21) -> 0
M22: =PRODUCT(J22,L22) -> 0 | Q22: =PRODUCT(N22,P22) -> 0 | T22: =SUM(M22,Q22) -> 0
... M40: =PRODUCT(J40,L40) -> 0 | Q40: =PRODUCT(N40,P40) -> 0 | T40: =SUM(M40,Q40) -> 0
E41: SECTION TOTAL | T41: =SUM(T11:V40) -> 0
A43: VA FORM 6238

Sheet DIVISION 22
A2: CONSTRUCTION PROGRAM – ESTIMATE WORKSHEET | N2: DATE | R2: SHEET NO. | S2: =_xlfn.SHEET() -> 18 | T2: OF | U2: =_xlfn.SHEETS() -> 28 | V2: SHEETS
A4: PROJECT NO. | F4: LOCATION | K4: PROJECT NAME | Q4: TYPE OF ESTIMATE
R5: NO DESIGN COMPLETED | U5: PRELIMINARY DESIGN
A6: ESTIMATOR | G6: NEW | H6: ALT | I6: INDEX NO. | J6: BUILDING NO(S). | N6: DRAWING NO. | R6: FINAL DESIGN | U6: OTHER (Specify)
A8: CODE | E8: SYSTEM/SUBSYSTEM | J8: LABOR | N8: MATERIALS | T8: TOTAL
A9: A | B9: B | C9: C | D9: D
E10: DIVISION 22-PLUMBING | J10: QTY | K10: UNIT | L10: $/UNIT | M10: TOTAL | N10: QTY | O10: UNIT | P10: $/UNIT | Q10: TOTAL
M11: =PRODUCT(J11,L11) -> 0 | Q11: =PRODUCT(N11,P11) -> 0 | T11: =SUM(M11,Q11) -> 0
M12: =PRODUCT(J12,L12) -> 0 | Q12: =PRODUCT(N12,P12) -> 0 | T12: =SUM(M12,Q12) -> 0
M13: =PRODUCT(J13,L13) -> 0 | Q13: =PRODUCT(N13,P13) -> 0 | T13: =SUM(M13,Q13) -> 0
M14: =PRODUCT(J14,L14) -> 0 | Q14: =PRODUCT(N14,P14) -> 0 | T14: =SUM(M14,Q14) -> 0
M15: =PRODUCT(J15,L15) -> 0 | Q15: =PRODUCT(N15,P15) -> 0 | T15: =SUM(M15,Q15) -> 0
M16: =PRODUCT(J16,L16) -> 0 | Q16: =PRODUCT(N16,P16) -> 0 | T16: =SUM(M16,Q16) -> 0
M17: =PRODUCT(J17,L17) -> 0 | Q17: =PRODUCT(N17,P17) -> 0 | T17: =SUM(M17,Q17) -> 0
M18: =PRODUCT(J18,L18) -> 0 | Q18: =PRODUCT(N18,P18) -> 0 | T18: =SUM(M18,Q18) -> 0
M19: =PRODUCT(J19,L19) -> 0 | Q19: =PRODUCT(N19,P19) -> 0 | T19: =SUM(M19,Q19) -> 0
M20: =PRODUCT(J20,L20) -> 0 | Q20: =PRODUCT(N20,P20) -> 0 | T20: =SUM(M20,Q20) -> 0
M21: =PRODUCT(J21,L21) -> 0 | Q21: =PRODUCT(N21,P21) -> 0 | T21: =SUM(M21,Q21) -> 0
M22: =PRODUCT(J22,L22) -> 0 | Q22: =PRODUCT(N22,P22) -> 0 | T22: =SUM(M22,Q22) -> 0
... M40: =PRODUCT(J40,L40) -> 0 | Q40: =PRODUCT(N40,P40) -> 0 | T40: =SUM(M40,Q40) -> 0
E41: SECTION TOTAL | T41: =SUM(T11:V40) -> 0
A43: VA FORM 6238

Sheet DIVISION 23
A2: CONSTRUCTION PROGRAM – ESTIMATE WORKSHEET | N2: DATE | R2: SHEET NO. | S2: =_xlfn.SHEET() -> 19 | T2: OF | U2: =_xlfn.SHEETS() -> 28 | V2: SHEETS
A4: PROJECT NO. | F4: LOCATION | K4: PROJECT NAME | Q4: TYPE OF ESTIMATE
R5: NO DESIGN COMPLETED | U5: PRELIMINARY DESIGN
A6: ESTIMATOR | G6: NEW | H6: ALT | I6: INDEX NO. | J6: BUILDING NO(S). | N6: DRAWING NO. | R6: FINAL DESIGN | U6: OTHER (Specify)
A8: CODE | E8: SYSTEM/SUBSYSTEM | J8: LABOR | N8: MATERIALS | T8: TOTAL
A9: A | B9: B | C9: C | D9: D
E10: DIVISION 23-HEATING, VENTILATING, AND AIR CONDITIONING (HVAC) | J10: QTY | K10: UNIT | L10: $/UNIT | M10: TOTAL | N10: QTY | O10: UNIT | P10: $/UNIT | Q10: TOTAL
M11: =PRODUCT(J11,L11) -> 0 | Q11: =PRODUCT(N11,P11) -> 0 | T11: =SUM(M11,Q11) -> 0
M12: =PRODUCT(J12,L12) -> 0 | Q12: =PRODUCT(N12,P12) -> 0 | T12: =SUM(M12,Q12) -> 0
M13: =PRODUCT(J13,L13) -> 0 | Q13: =PRODUCT(N13,P13) -> 0 | T13: =SUM(M13,Q13) -> 0
M14: =PRODUCT(J14,L14) -> 0 | Q14: =PRODUCT(N14,P14) -> 0 | T14: =SUM(M14,Q14) -> 0
M15: =PRODUCT(J15,L15) -> 0 | Q15: =PRODUCT(N15,P15) -> 0 | T15: =SUM(M15,Q15) -> 0
M16: =PRODUCT(J16,L16) -> 0 | Q16: =PRODUCT(N16,P16) -> 0 | T16: =SUM(M16,Q16) -> 0
M17: =PRODUCT(J17,L17) -> 0 | Q17: =PRODUCT(N17,P17) -> 0 | T17: =SUM(M17,Q17) -> 0
M18: =PRODUCT(J18,L18) -> 0 | Q18: =PRODUCT(N18,P18) -> 0 | T18: =SUM(M18,Q18) -> 0
M19: =PRODUCT(J19,L19) -> 0 | Q19: =PRODUCT(N19,P19) -> 0 | T19: =SUM(M19,Q19) -> 0
M20: =PRODUCT(J20,L20) -> 0 | Q20: =PRODUCT(N20,P20) -> 0 | T20: =SUM(M20,Q20) -> 0
M21: =PRODUCT(J21,L21) -> 0 | Q21: =PRODUCT(N21,P21) -> 0 | T21: =SUM(M21,Q21) -> 0
M22: =PRODUCT(J22,L22) -> 0 | Q22: =PRODUCT(N22,P22) -> 0 | T22: =SUM(M22,Q22) -> 0
... M40: =PRODUCT(J40,L40) -> 0 | Q40: =PRODUCT(N40,P40) -> 0 | T40: =SUM(M40,Q40) -> 0
E41: SECTION TOTAL | T41: =SUM(T11:V40) -> 0
A43: VA FORM 6238

Sheet DIVISION 25
A2: CONSTRUCTION PROGRAM – ESTIMATE WORKSHEET | N2: DATE | R2: SHEET NO. | S2: =_xlfn.SHEET() -> 20 | T2: OF | U2: =_xlfn.SHEETS() -> 28 | V2: SHEETS
A4: PROJECT NO. | F4: LOCATION | K4: PROJECT NAME | Q4: TYPE OF ESTIMATE
R5: NO DESIGN COMPLETED | U5: PRELIMINARY DESIGN
A6: ESTIMATOR | G6: NEW | H6: ALT | I6: INDEX NO. | J6: BUILDING NO(S). | N6: DRAWING NO. | R6: FINAL DESIGN | U6: OTHER (Specify)
A8: CODE | E8: SYSTEM/SUBSYSTEM | J8: LABOR | N8: MATERIALS | T8: TOTAL
A9: A | B9: B | C9: C | D9: D
E10: DIVISION 25-INTEGRATED AUTOMATION | J10: QTY | K10: UNIT | L10: $/UNIT | M10: TOTAL | N10: QTY | O10: UNIT | P10: $/UNIT | Q10: TOTAL
M11: =PRODUCT(J11,L11) -> 0 | Q11: =PRODUCT(N11,P11) -> 0 | T11: =SUM(M11,Q11) -> 0
M12: =PRODUCT(J12,L12) -> 0 | Q12: =PRODUCT(N12,P12) -> 0 | T12: =SUM(M12,Q12) -> 0
M13: =PRODUCT(J13,L13) -> 0 | Q13: =PRODUCT(N13,P13) -> 0 | T13: =SUM(M13,Q13) -> 0
M14: =PRODUCT(J14,L14) -> 0 | Q14: =PRODUCT(N14,P14) -> 0 | T14: =SUM(M14,Q14) -> 0
M15: =PRODUCT(J15,L15) -> 0 | Q15: =PRODUCT(N15,P15) -> 0 | T15: =SUM(M15,Q15) -> 0
M16: =PRODUCT(J16,L16) -> 0 | Q16: =PRODUCT(N16,P16) -> 0 | T16: =SUM(M16,Q16) -> 0
M17: =PRODUCT(J17,L17) -> 0 | Q17: =PRODUCT(N17,P17) -> 0 | T17: =SUM(M17,Q17) -> 0
M18: =PRODUCT(J18,L18) -> 0 | Q18: =PRODUCT(N18,P18) -> 0 | T18: =SUM(M18,Q18) -> 0
M19: =PRODUCT(J19,L19) -> 0 | Q19: =PRODUCT(N19,P19) -> 0 | T19: =SUM(M19,Q19) -> 0
M20: =PRODUCT(J20,L20) -> 0 | Q20: =PRODUCT(N20,P20) -> 0 | T20: =SUM(M20,Q20) -> 0
M21: =PRODUCT(J21,L21) -> 0 | Q21: =PRODUCT(N21,P21) -> 0 | T21: =SUM(M21,Q21) -> 0
M22: =PRODUCT(J22,L22) -> 0 | Q22: =PRODUCT(N22,P22) -> 0 | T22: =SUM(M22,Q22) -> 0
... M40: =PRODUCT(J40,L40) -> 0 | Q40: =PRODUCT(N40,P40) -> 0 | T40: =SUM(M40,Q40) -> 0
E41: SECTION TOTAL | T41: =SUM(T11:V40) -> 0
A43: VA FORM 6238

Sheet DIVISION 26
A2: CONSTRUCTION PROGRAM – ESTIMATE WORKSHEET | N2: DATE | R2: SHEET NO. | S2: =_xlfn.SHEET() -> 21 | T2: OF | U2: =_xlfn.SHEETS() -> 28 | V2: SHEETS
A4: PROJECT NO. | F4: LOCATION | K4: PROJECT NAME | Q4: TYPE OF ESTIMATE
R5: NO DESIGN COMPLETED | U5: PRELIMINARY DESIGN
A6: ESTIMATOR | G6: NEW | H6: ALT | I6: INDEX NO. | J6: BUILDING NO(S). | N6: DRAWING NO. | R6: FINAL DESIGN | U6: OTHER (Specify)
A8: CODE | E8: SYSTEM/SUBSYSTEM | J8: LABOR | N8: MATERIALS | T8: TOTAL
A9: A | B9: B | C9: C | D9: D
E10: DIVISION 26-ELECTRICAL | J10: QTY | K10: UNIT | L10: $/UNIT | M10: TOTAL | N10: QTY | O10: UNIT | P10: $/UNIT | Q10: TOTAL
M11: =PRODUCT(J11,L11) -> 0 | Q11: =PRODUCT(N11,P11) -> 0 | T11: =SUM(M11,Q11) -> 0
M12: =PRODUCT(J12,L12) -> 0 | Q12: =PRODUCT(N12,P12) -> 0 | T12: =SUM(M12,Q12) -> 0
M13: =PRODUCT(J13,L13) -> 0 | Q13: =PRODUCT(N13,P13) -> 0 | T13: =SUM(M13,Q13) -> 0
M14: =PRODUCT(J14,L14) -> 0 | Q14: =PRODUCT(N14,P14) -> 0 | T14: =SUM(M14,Q14) -> 0
M15: =PRODUCT(J15,L15) -> 0 | Q15: =PRODUCT(N15,P15) -> 0 | T15: =SUM(M15,Q15) -> 0
M16: =PRODUCT(J16,L16) -> 0 | Q16: =PRODUCT(N16,P16) -> 0 | T16: =SUM(M16,Q16) -> 0
M17: =PRODUCT(J17,L17) -> 0 | Q17: =PRODUCT(N17,P17) -> 0 | T17: =SUM(M17,Q17) -> 0
M18: =PRODUCT(J18,L18) -> 0 | Q18: =PRODUCT(N18,P18) -> 0 | T18: =SUM(M18,Q18) -> 0
M19: =PRODUCT(J19,L19) -> 0 | Q19: =PRODUCT(N19,P19) -> 0 | T19: =SUM(M19,Q19) -> 0
M20: =PRODUCT(J20,L20) -> 0 | Q20: =PRODUCT(N20,P20) -> 0 | T20: =SUM(M20,Q20) -> 0
M21: =PRODUCT(J21,L21) -> 0 | Q21: =PRODUCT(N21,P21) -> 0 | T21: =SUM(M21,Q21) -> 0
M22: =PRODUCT(J22,L22) -> 0 | Q22: =PRODUCT(N22,P22) -> 0 | T22: =SUM(M22,Q22) -> 0
... M40: =PRODUCT(J40,L40) -> 0 | Q40: =PRODUCT(N40,P40) -> 0 | T40: =SUM(M40,Q40) -> 0
E41: SECTION TOTAL | T41: =SUM(T11:V40) -> 0
A43: VA FORM 6238

Sheet DIVISION 27
A2: CONSTRUCTION PROGRAM – ESTIMATE WORKSHEET | N2: DATE | R2: SHEET NO. | S2: =_xlfn.SHEET() -> 22 | T2: OF | U2: =_xlfn.SHEETS() -> 28 | V2: SHEETS
A4: PROJECT NO. | F4: LOCATION | K4: PROJECT NAME | Q4: TYPE OF ESTIMATE
R5: NO DESIGN COMPLETED | U5: PRELIMINARY DESIGN
A6: ESTIMATOR | G6: NEW | H6: ALT | I6: INDEX NO. | J6: BUILDING NO(S). | N6: DRAWING NO. | R6: FINAL DESIGN | U6: OTHER (Specify)
A8: CODE | E8: SYSTEM/SUBSYSTEM | J8: LABOR | N8: MATERIALS | T8: TOTAL
A9: A | B9: B | C9: C | D9: D
E10: DIVISION 27-COMMUNICATIONS | J10: QTY | K10: UNIT | L10: $/UNIT | M10: TOTAL | N10: QTY | O10: UNIT | P10: $/UNIT | Q10: TOTAL
M11: =PRODUCT(J11,L11) -> 0 | Q11: =PRODUCT(N11,P11) -> 0 | T11: =SUM(M11,Q11) -> 0
M12: =PRODUCT(J12,L12) -> 0 | Q12: =PRODUCT(N12,P12) -> 0 | T12: =SUM(M12,Q12) -> 0
M13: =PRODUCT(J13,L13) -> 0 | Q13: =PRODUCT(N13,P13) -> 0 | T13: =SUM(M13,Q13) -> 0
M14: =PRODUCT(J14,L14) -> 0 | Q14: =PRODUCT(N14,P14) -> 0 | T14: =SUM(M14,Q14) -> 0
M15: =PRODUCT(J15,L15) -> 0 | Q15: =PRODUCT(N15,P15) -> 0 | T15: =SUM(M15,Q15) -> 0
M16: =PRODUCT(J16,L16) -> 0 | Q16: =PRODUCT(N16,P16) -> 0 | T16: =SUM(M16,Q16) -> 0
M17: =PRODUCT(J17,L17) -> 0 | Q17: =PRODUCT(N17,P17) -> 0 | T17: =SUM(M17,Q17) -> 0
M18: =PRODUCT(J18,L18) -> 0 | Q18: =PRODUCT(N18,P18) -> 0 | T18: =SUM(M18,Q18) -> 0
M19: =PRODUCT(J19,L19) -> 0 | Q19: =PRODUCT(N19,P19) -> 0 | T19: =SUM(M19,Q19) -> 0
M20: =PRODUCT(J20,L20) -> 0 | Q20: =PRODUCT(N20,P20) -> 0 | T20: =SUM(M20,Q20) -> 0
M21: =PRODUCT(J21,L21) -> 0 | Q21: =PRODUCT(N21,P21) -> 0 | T21: =SUM(M21,Q21) -> 0
M22: =PRODUCT(J22,L22) -> 0 | Q22: =PRODUCT(N22,P22) -> 0 | T22: =SUM(M22,Q22) -> 0
... M40: =PRODUCT(J40,L40) -> 0 | Q40: =PRODUCT(N40,P40) -> 0 | T40: =SUM(M40,Q40) -> 0
E41: SECTION TOTAL | T41: =SUM(T11:V40) -> 0
A43: VA FORM 6238

Sheet DIVISION 28
A2: CONSTRUCTION PROGRAM – ESTIMATE WORKSHEET | N2: DATE | R2: SHEET NO. | S2: =_xlfn.SHEET() -> 23 | T2: OF | U2: =_xlfn.SHEETS() -> 28 | V2: SHEETS
A4: PROJECT NO. | F4: LOCATION | K4: PROJECT NAME | Q4: TYPE OF ESTIMATE
R5: NO DESIGN COMPLETED | U5: PRELIMINARY DESIGN
A6: ESTIMATOR | G6: NEW | H6: ALT | I6: INDEX NO. | J6: BUILDING NO(S). | N6: DRAWING NO. | R6: FINAL DESIGN | U6: OTHER (Specify)
A8: CODE | E8: SYSTEM/SUBSYSTEM | J8: LABOR | N8: MATERIALS | T8: TOTAL
A9: A | B9: B | C9: C | D9: D
E10: DIVISION 28-ELECTRONIC SAFETY AND SECURITY | J10: QTY | K10: UNIT | L10: $/UNIT | M10: TOTAL | N10: QTY | O10: UNIT | P10: $/UNIT | Q10: TOTAL
M11: =PRODUCT(J11,L11) -> 0 | Q11: =PRODUCT(N11,P11) -> 0 | T11: =SUM(M11,Q11) -> 0
M12: =PRODUCT(J12,L12) -> 0 | Q12: =PRODUCT(N12,P12) -> 0 | T12: =SUM(M12,Q12) -> 0
M13: =PRODUCT(J13,L13) -> 0 | Q13: =PRODUCT(N13,P13) -> 0 | T13: =SUM(M13,Q13) -> 0
M14: =PRODUCT(J14,L14) -> 0 | Q14: =PRODUCT(N14,P14) -> 0 | T14: =SUM(M14,Q14) -> 0
M15: =PRODUCT(J15,L15) -> 0 | Q15: =PRODUCT(N15,P15) -> 0 | T15: =SUM(M15,Q15) -> 0
M16: =PRODUCT(J16,L16) -> 0 | Q16: =PRODUCT(N16,P16) -> 0 | T16: =SUM(M16,Q16) -> 0
M17: =PRODUCT(J17,L17) -> 0 | Q17: =PRODUCT(N17,P17) -> 0 | T17: =SUM(M17,Q17) -> 0
M18: =PRODUCT(J18,L18) -> 0 | Q18: =PRODUCT(N18,P18) -> 0 | T18: =SUM(M18,Q18) -> 0
M19: =PRODUCT(J19,L19) -> 0 | Q19: =PRODUCT(N19,P19) -> 0 | T19: =SUM(M19,Q19) -> 0
M20: =PRODUCT(J20,L20) -> 0 | Q20: =PRODUCT(N20,P20) -> 0 | T20: =SUM(M20,Q20) -> 0
M21: =PRODUCT(J21,L21) -> 0 | Q21: =PRODUCT(N21,P21) -> 0 | T21: =SUM(M21,Q21) -> 0
M22: =PRODUCT(J22,L22) -> 0 | Q22: =PRODUCT(N22,P22) -> 0 | T22: =SUM(M22,Q22) -> 0
... M40: =PRODUCT(J40,L40) -> 0 | Q40: =PRODUCT(N40,P40) -> 0 | T40: =SUM(M40,Q40) -> 0
E41: SECTION TOTAL | T41: =SUM(T11:V40) -> 0
A43: VA FORM 6238

Sheet DIVISION 31
A2: CONSTRUCTION PROGRAM – ESTIMATE WORKSHEET | N2: DATE | R2: SHEET NO. | S2: =_xlfn.SHEET() -> 24 | T2: OF | U2: =_xlfn.SHEETS() -> 28 | V2: SHEETS
A4: PROJECT NO. | F4: LOCATION | K4: PROJECT NAME | Q4: TYPE OF ESTIMATE
R5: NO DESIGN COMPLETED | U5: PRELIMINARY DESIGN
A6: ESTIMATOR | G6: NEW | H6: ALT | I6: INDEX NO. | J6: BUILDING NO(S). | N6: DRAWING NO. | R6: FINAL DESIGN | U6: OTHER (Specify)
A8: CODE | E8: SYSTEM/SUBSYSTEM | J8: LABOR | N8: MATERIALS | T8: TOTAL
A9: A | B9: B | C9: C | D9: D
E10: DIVISION 31-EARTHWORK | J10: QTY | K10: UNIT | L10: $/UNIT | M10: TOTAL | N10: QTY | O10: UNIT | P10: $/UNIT | Q10: TOTAL
M11: =PRODUCT(J11,L11) -> 0 | Q11: =PRODUCT(N11,P11) -> 0 | T11: =SUM(M11,Q11) -> 0
M12: =PRODUCT(J12,L12) -> 0 | Q12: =PRODUCT(N12,P12) -> 0 | T12: =SUM(M12,Q12) -> 0
M13: =PRODUCT(J13,L13) -> 0 | Q13: =PRODUCT(N13,P13) -> 0 | T13: =SUM(M13,Q13) -> 0
M14: =PRODUCT(J14,L14) -> 0 | Q14: =PRODUCT(N14,P14) -> 0 | T14: =SUM(M14,Q14) -> 0
M15: =PRODUCT(J15,L15) -> 0 | Q15: =PRODUCT(N15,P15) -> 0 | T15: =SUM(M15,Q15) -> 0
M16: =PRODUCT(J16,L16) -> 0 | Q16: =PRODUCT(N16,P16) -> 0 | T16: =SUM(M16,Q16) -> 0
M17: =PRODUCT(J17,L17) -> 0 | Q17: =PRODUCT(N17,P17) -> 0 | T17: =SUM(M17,Q17) -> 0
M18: =PRODUCT(J18,L18) -> 0 | Q18: =PRODUCT(N18,P18) -> 0 | T18: =SUM(M18,Q18) -> 0
M19: =PRODUCT(J19,L19) -> 0 | Q19: =PRODUCT(N19,P19) -> 0 | T19: =SUM(M19,Q19) -> 0
M20: =PRODUCT(J20,L20) -> 0 | Q20: =PRODUCT(N20,P20) -> 0 | T20: =SUM(M20,Q20) -> 0
M21: =PRODUCT(J21,L21) -> 0 | Q21: =PRODUCT(N21,P21) -> 0 | T21: =SUM(M21,Q21) -> 0
M22: =PRODUCT(J22,L22) -> 0 | Q22: =PRODUCT(N22,P22) -> 0 | T22: =SUM(M22,Q22) -> 0
... M40: =PRODUCT(J40,L40) -> 0 | Q40: =PRODUCT(N40,P40) -> 0 | T40: =SUM(M40,Q40) -> 0
E41: SECTION TOTAL | T41: =SUM(T11:V40) -> 0
A43: VA FORM 6238

Sheet DIVISION 32
A2: CONSTRUCTION PROGRAM – ESTIMATE WORKSHEET | N2: DATE | R2: SHEET NO. | S2: =_xlfn.SHEET() -> 25 | T2: OF | U2: =_xlfn.SHEETS() -> 28 | V2: SHEETS
A4: PROJECT NO. | F4: LOCATION | K4: PROJECT NAME | Q4: TYPE OF ESTIMATE
R5: NO DESIGN COMPLETED | U5: PRELIMINARY DESIGN
A6: ESTIMATOR | G6: NEW | H6: ALT | I6: INDEX NO. | J6: BUILDING NO(S). | N6: DRAWING NO. | R6: FINAL DESIGN | U6: OTHER (Specify)
A8: CODE | E8: SYSTEM/SUBSYSTEM | J8: LABOR | N8: MATERIALS | T8: TOTAL
A9: A | B9: B | C9: C | D9: D
E10: DIVISION 32-EXTERIOR IMPROVEMENTS | J10: QTY | K10: UNIT | L10: $/UNIT | M10: TOTAL | N10: QTY | O10: UNIT | P10: $/UNIT | Q10: TOTAL
M11: =PRODUCT(J11,L11) -> 0 | Q11: =PRODUCT(N11,P11) -> 0 | T11: =SUM(M11,Q11) -> 0
M12: =PRODUCT(J12,L12) -> 0 | Q12: =PRODUCT(N12,P12) -> 0 | T12: =SUM(M12,Q12) -> 0
M13: =PRODUCT(J13,L13) -> 0 | Q13: =PRODUCT(N13,P13) -> 0 | T13: =SUM(M13,Q13) -> 0
M14: =PRODUCT(J14,L14) -> 0 | Q14: =PRODUCT(N14,P14) -> 0 | T14: =SUM(M14,Q14) -> 0
M15: =PRODUCT(J15,L15) -> 0 | Q15: =PRODUCT(N15,P15) -> 0 | T15: =SUM(M15,Q15) -> 0
M16: =PRODUCT(J16,L16) -> 0 | Q16: =PRODUCT(N16,P16) -> 0 | T16: =SUM(M16,Q16) -> 0
M17: =PRODUCT(J17,L17) -> 0 | Q17: =PRODUCT(N17,P17) -> 0 | T17: =SUM(M17,Q17) -> 0
M18: =PRODUCT(J18,L18) -> 0 | Q18: =PRODUCT(N18,P18) -> 0 | T18: =SUM(M18,Q18) -> 0
M19: =PRODUCT(J19,L19) -> 0 | Q19: =PRODUCT(N19,P19) -> 0 | T19: =SUM(M19,Q19) -> 0
M20: =PRODUCT(J20,L20) -> 0 | Q20: =PRODUCT(N20,P20) -> 0 | T20: =SUM(M20,Q20) -> 0
M21: =PRODUCT(J21,L21) -> 0 | Q21: =PRODUCT(N21,P21) -> 0 | T21: =SUM(M21,Q21) -> 0
M22: =PRODUCT(J22,L22) -> 0 | Q22: =PRODUCT(N22,P22) -> 0 | T22: =SUM(M22,Q22) -> 0
... M40: =PRODUCT(J40,L40) -> 0 | Q40: =PRODUCT(N40,P40) -> 0 | T40: =SUM(M40,Q40) -> 0
E41: SECTION TOTAL | T41: =SUM(T11:V40) -> 0
A43: VA FORM 6238

Sheet DIVISION 33
A2: CONSTRUCTION PROGRAM – ESTIMATE WORKSHEET | N2: DATE | R2: SHEET NO. | S2: =_xlfn.SHEET() -> 26 | T2: OF | U2: =_xlfn.SHEETS() -> 28 | V2: SHEETS
A4: PROJECT NO. | F4: LOCATION | K4: PROJECT NAME | Q4: TYPE OF ESTIMATE
R5: NO DESIGN COMPLETED | U5: PRELIMINARY DESIGN
A6: ESTIMATOR | G6: NEW | H6: ALT | I6: INDEX NO. | J6: BUILDING NO(S). | N6: DRAWING NO. | R6: FINAL DESIGN | U6: OTHER (Specify)
A8: CODE | E8: SYSTEM/SUBSYSTEM | J8: LABOR | N8: MATERIALS | T8: TOTAL
A9: A | B9: B | C9: C | D9: D
E10: DIVISION 33-UTILITIES | J10: QTY | K10: UNIT | L10: $/UNIT | M10: TOTAL | N10: QTY | O10: UNIT | P10: $/UNIT | Q10: TOTAL
M11: =PRODUCT(J11,L11) -> 0 | Q11: =PRODUCT(N11,P11) -> 0 | T11: =SUM(M11,Q11) -> 0
M12: =PRODUCT(J12,L12) -> 0 | Q12: =PRODUCT(N12,P12) -> 0 | T12: =SUM(M12,Q12) -> 0
M13: =PRODUCT(J13,L13) -> 0 | Q13: =PRODUCT(N13,P13) -> 0 | T13: =SUM(M13,Q13) -> 0
M14: =PRODUCT(J14,L14) -> 0 | Q14: =PRODUCT(N14,P14) -> 0 | T14: =SUM(M14,Q14) -> 0
M15: =PRODUCT(J15,L15) -> 0 | Q15: =PRODUCT(N15,P15) -> 0 | T15: =SUM(M15,Q15) -> 0
M16: =PRODUCT(J16,L16) -> 0 | Q16: =PRODUCT(N16,P16) -> 0 | T16: =SUM(M16,Q16) -> 0
M17: =PRODUCT(J17,L17) -> 0 | Q17: =PRODUCT(N17,P17) -> 0 | T17: =SUM(M17,Q17) -> 0
M18: =PRODUCT(J18,L18) -> 0 | Q18: =PRODUCT(N18,P18) -> 0 | T18: =SUM(M18,Q18) -> 0
M19: =PRODUCT(J19,L19) -> 0 | Q19: =PRODUCT(N19,P19) -> 0 | T19: =SUM(M19,Q19) -> 0
M20: =PRODUCT(J20,L20) -> 0 | Q20: =PRODUCT(N20,P20) -> 0 | T20: =SUM(M20,Q20) -> 0
M21: =PRODUCT(J21,L21) -> 0 | Q21: =PRODUCT(N21,P21) -> 0 | T21: =SUM(M21,Q21) -> 0
M22: =PRODUCT(J22,L22) -> 0 | Q22: =PRODUCT(N22,P22) -> 0 | T22: =SUM(M22,Q22) -> 0
... M40: =PRODUCT(J40,L40) -> 0 | Q40: =PRODUCT(N40,P40) -> 0 | T40: =SUM(M40,Q40) -> 0
E41: SECTION TOTAL | T41: =SUM(T11:V40) -> 0
A43: VA FORM 6238

Sheet DIVISION 34
A2: CONSTRUCTION PROGRAM – ESTIMATE WORKSHEET | N2: DATE | R2: SHEET NO. | S2: =_xlfn.SHEET() -> 27 | T2: OF | U2: =_xlfn.SHEETS() -> 28 | V2: SHEETS
A4: PROJECT NO. | F4: LOCATION | K4: PROJECT NAME | Q4: TYPE OF ESTIMATE
R5: NO DESIGN COMPLETED | U5: PRELIMINARY DESIGN
A6: ESTIMATOR | G6: NEW | H6: ALT | I6: INDEX NO. | J6: BUILDING NO(S). | N6: DRAWING NO. | R6: FINAL DESIGN | U6: OTHER (Specify)
A8: CODE | E8: SYSTEM/SUBSYSTEM | J8: LABOR | N8: MATERIALS | T8: TOTAL
A9: A | B9: B | C9: C | D9: D
E10: DIVISION 34-TRANSPORTATION | J10: QTY | K10: UNIT | L10: $/UNIT | M10: TOTAL | N10: QTY | O10: UNIT | P10: $/UNIT | Q10: TOTAL
M11: =PRODUCT(J11,L11) -> 0 | Q11: =PRODUCT(N11,P11) -> 0 | T11: =SUM(M11,Q11) -> 0
M12: =PRODUCT(J12,L12) -> 0 | Q12: =PRODUCT(N12,P12) -> 0 | T12: =SUM(M12,Q12) -> 0
M13: =PRODUCT(J13,L13) -> 0 | Q13: =PRODUCT(N13,P13) -> 0 | T13: =SUM(M13,Q13) -> 0
M14: =PRODUCT(J14,L14) -> 0 | Q14: =PRODUCT(N14,P14) -> 0 | T14: =SUM(M14,Q14) -> 0
M15: =PRODUCT(J15,L15) -> 0 | Q15: =PRODUCT(N15,P15) -> 0 | T15: =SUM(M15,Q15) -> 0
M16: =PRODUCT(J16,L16) -> 0 | Q16: =PRODUCT(N16,P16) -> 0 | T16: =SUM(M16,Q16) -> 0
M17: =PRODUCT(J17,L17) -> 0 | Q17: =PRODUCT(N17,P17) -> 0 | T17: =SUM(M17,Q17) -> 0
M18: =PRODUCT(J18,L18) -> 0 | Q18: =PRODUCT(N18,P18) -> 0 | T18: =SUM(M18,Q18) -> 0
M19: =PRODUCT(J19,L19) -> 0 | Q19: =PRODUCT(N19,P19) -> 0 | T19: =SUM(M19,Q19) -> 0
M20: =PRODUCT(J20,L20) -> 0 | Q20: =PRODUCT(N20,P20) -> 0 | T20: =SUM(M20,Q20) -> 0
M21: =PRODUCT(J21,L21) -> 0 | Q21: =PRODUCT(N21,P21) -> 0 | T21: =SUM(M21,Q21) -> 0
M22: =PRODUCT(J22,L22) -> 0 | Q22: =PRODUCT(N22,P22) -> 0 | T22: =SUM(M22,Q22) -> 0
... M40: =PRODUCT(J40,L40) -> 0 | Q40: =PRODUCT(N40,P40) -> 0 | T40: =SUM(M40,Q40) -> 0
E41: SECTION TOTAL | T41: =SUM(T11:V40) -> 0
A43: VA FORM 6238

Sheet DIVISION 48
A2: CONSTRUCTION PROGRAM – ESTIMATE WORKSHEET | N2: DATE | R2: SHEET NO. | S2: =_xlfn.SHEET() -> 28 | T2: OF | U2: =_xlfn.SHEETS() -> 28 | V2: SHEETS
A4: PROJECT NO. | F4: LOCATION | K4: PROJECT NAME | Q4: TYPE OF ESTIMATE
R5: NO DESIGN COMPLETED | U5: PRELIMINARY DESIGN
A6: ESTIMATOR | G6: NEW | H6: ALT | I6: INDEX NO. | J6: BUILDING NO(S). | N6: DRAWING NO. | R6: FINAL DESIGN | U6: OTHER (Specify)
A8: CODE | E8: SYSTEM/SUBSYSTEM | J8: LABOR | N8: MATERIALS | T8: TOTAL
A9: A | B9: B | C9: C | D9: D
E10: DIVISION 48-ELECTRICAL POWER GENERATION | J10: QTY | K10: UNIT | L10: $/UNIT | M10: TOTAL | N10: QTY | O10: UNIT | P10: $/UNIT | Q10: TOTAL
M11: =PRODUCT(J11,L11) -> 0 | Q11: =PRODUCT(N11,P11) -> 0 | T11: =SUM(M11,Q11) -> 0
M12: =PRODUCT(J12,L12) -> 0 | Q12: =PRODUCT(N12,P12) -> 0 | T12: =SUM(M12,Q12) -> 0
M13: =PRODUCT(J13,L13) -> 0 | Q13: =PRODUCT(N13,P13) -> 0 | T13: =SUM(M13,Q13) -> 0
M14: =PRODUCT(J14,L14) -> 0 | Q14: =PRODUCT(N14,P14) -> 0 | T14: =SUM(M14,Q14) -> 0
M15: =PRODUCT(J15,L15) -> 0 | Q15: =PRODUCT(N15,P15) -> 0 | T15: =SUM(M15,Q15) -> 0
M16: =PRODUCT(J16,L16) -> 0 | Q16: =PRODUCT(N16,P16) -> 0 | T16: =SUM(M16,Q16) -> 0
M17: =PRODUCT(J17,L17) -> 0 | Q17: =PRODUCT(N17,P17) -> 0 | T17: =SUM(M17,Q17) -> 0
M18: =PRODUCT(J18,L18) -> 0 | Q18: =PRODUCT(N18,P18) -> 0 | T18: =SUM(M18,Q18) -> 0
M19: =PRODUCT(J19,L19) -> 0 | Q19: =PRODUCT(N19,P19) -> 0 | T19: =SUM(M19,Q19) -> 0
M20: =PRODUCT(J20,L20) -> 0 | Q20: =PRODUCT(N20,P20) -> 0 | T20: =SUM(M20,Q20) -> 0
M21: =PRODUCT(J21,L21) -> 0 | Q21: =PRODUCT(N21,P21) -> 0 | T21: =SUM(M21,Q21) -> 0
M22: =PRODUCT(J22,L22) -> 0 | Q22: =PRODUCT(N22,P22) -> 0 | T22: =SUM(M22,Q22) -> 0
... M40: =PRODUCT(J40,L40) -> 0 | Q40: =PRODUCT(N40,P40) -> 0 | T40: =SUM(M40,Q40) -> 0
E41: SECTION TOTAL | T41: =SUM(T11:V40) -> 0
A43: VA FORM 6238
