Workbook

Sheet Instructions

Sheet Tab 1--3A, (AC 1-35)
B2: Carrier: | E2: Solicitation | G2: Contract # : | H2: HTC71124RCC01 Atch 1a
B3: APPENDIX 3A - LIST OF AIRCRAFT
B4: FAA OPS SPEC (D085) Aircraft Listing, Effective Date: | G4: Carrier Recommendation for Stage Assignment
B5: Tails Offered | C5: Aircraft Model/Series | D5: Cargo or Passenger | E5: Reg. Number | F5: Own or Lease | G5: No Preference | H5: LRI Only Stage I | I5: Stage II | J5: Stage III
B6: 1
B7: 2
B8: 3
B9: 4
B10: 5
B11: 6
B12: 7
B13: 8
B14: 9
B15: 10
B16: 11
B17: 12
... B40: 35
B41: International Must offer 40% of WBE of their CRAF Capable Aircraft in Fleet
B42: Domestic Must offer 15% of CRAF Capable Aircraft in Fleet
B43: Appendix 3A, Revised 20160901, Version 2.0 Page 1 of 4

Sheet Tab 2--3A, (AC 36-70)
B2: Carrier: | C2: ='Tab 1--3A, (AC 1-35)'!C2:D2 -> 0 | E2: Solicitation | G2: Contract # : | H2: ='Tab 1--3A, (AC 1-35)'!H2:J2 -> HTC71124RCC01 Atch 1a
B3: APPENDIX 3A - LIST OF AIRCRAFT
B4: FAA OPS SPEC (D085) Aircraft Listing, Effective Date: | F4: ='Tab 1--3A, (AC 1-35)'!F4 -> 0 | G4: Carrier Recommendation for Stage Assignment
B5: Tails Offered | C5: Aircraft Model/Series | D5: Cargo or Passenger | E5: Reg. Number | F5: Own or Lease | G5: No Preference | H5: LRI Only Stage I | I5: Stage II | J5: Stage III
B6: 36
B7: =B6+1 -> 37
B8: =B7+1 -> 38
B9: =B8+1 -> 39
B10: =B9+1 -> 40
B11: =B10+1 -> 41
B12: =B11+1 -> 42
B13: =B12+1 -> 43
B14: =B13+1 -> 44
B15: =B14+1 -> 45
B16: =B15+1 -> 46
B17: =B16+1 -> 47
B18: =B17+1 -> 48
B19: =B18+1 -> 49
B20: 50
B21: 51
B22: 52
B23: 53
B24: 54
B25: 55
B26: 56
B27: 57
B28: 58
B29: 59
B30: 60
B31: 61
... B40: 70
B41: International Must offer 40% of WBE of their CRAF Capable Aircraft in Fleet
B42: Domestic Must offer 15% of CRAF Capable Aircraft in Fleet
B43: Appendix 3A, Revised 20160901, Version 2.0 Page 2 of 4

Sheet Tab 3--3A, (AC 71-105)
B2: Carrier: | C2: ='Tab 1--3A, (AC 1-35)'!C2:D2 -> 0 | E2: Solicitation | G2: Contract # : | H2: ='Tab 1--3A, (AC 1-35)'!H2:J2 -> HTC71124RCC01 Atch 1a
B3: APPENDIX 3A - LIST OF AIRCRAFT
B4: FAA OPS SPEC (D085) Aircraft Listing, Effective Date: | F4: ='Tab 1--3A, (AC 1-35)'!F4 -> 0 | G4: Carrier Recommendation for Stage Assignment
B5: Tails Offered | C5: Aircraft Model/Series | D5: Cargo or Passenger | E5: Reg. Number | F5: Own or Lease | G5: No Preference | H5: LRI Only Stage I | I5: Stage II | J5: Stage III
B6: 71
B7: 72
B8: 73
B9: 74
B10: 75
B11: 76
B12: 77
B13: 78
B14: 79
B15: 80
B16: 81
B17: 82
... B40: 105
B41: International Must offer 40% of WBE of their CRAF Capable Aircraft in Fleet
B42: Domestic Must offer 15% of CRAF Capable Aircraft in Fleet
B43: Appendix 3A, Revised 20160901, Version 2.0 Page 3 of 4

Sheet Tab 4--3A, (106-130)
B2: Carrier: | C2: ='Tab 1--3A, (AC 1-35)'!C2:D2 -> 0 | E2: Solicitation | G2: Contract # : | H2: ='Tab 1--3A, (AC 1-35)'!H2:J2 -> HTC71124RCC01 Atch 1a
B3: APPENDIX 3A - LIST OF AIRCRAFT
B4: FAA OPS SPEC (D085) Aircraft Listing, Effective Date: | F4: ='Tab 1--3A, (AC 1-35)'!F4 -> 0 | G4: Carrier Recommendation for Stage Assignment
B5: Tails Offered | C5: Aircraft Model/Series | D5: Cargo or Passenger | E5: Reg. Number | F5: Own or Lease | G5: No Preference | H5: LRI Only Stage I | I5: Stage II | J5: Stage III
B6: 106
B7: 107
B8: 108
B9: 109
B10: 110
B11: 111
B12: 112
B13: 113
B14: 114
B15: 115
B16: 116
B17: 117
... B40: 130
B41: International Must offer 40% of WBE of their CRAF Capable Aircraft in Fleet
B42: Domestic Must offer 15% of CRAF Capable Aircraft in Fleet
B43: Appendix 3A, Revised 20160901, Version 2.0 Page 4 of 4

Sheet Tab 5--3A-1, Validation (LRI)
B2: Carrier: | C2: ='Tab 1--3A, (AC 1-35)'!C2:D2 -> 0 | G2: Contract # : | H2: ='Tab 1--3A, (AC 1-35)'!H2:J2 -> HTC71124RCC01 Atch 1a
B3: APPENDIX 3A-1, CRAF CAPABLE FLEET VALIDATION (Int'l Segment)
B4: FAA OPS SPEC (D085) Aircraft Listing, Effective Date: | F4: ='Tab 1--3A, (AC 1-35)'!F4 -> 0 | G4: Long Range Section | I4: Passenger or Cargo
B5: Line Item | C5: Aircraft Model/Series by Category (Cargo/Pax) As shown on D085 | D5: Total Aircraft in Fleet by Category (Cargo/Pax) As shown on D085 | E5: Total CRAF Capable Aircraft | F5: Total Aircraft Offered | G5: Aircaft WBE Value | H5: Total WBE Available | I5: Total WBE Offered | J5: % of WBE CRAF Capable Fleet Offered
B6: 1 | H6: =G6*E6 -> 0 | I6: =G6*F6 -> 0
B7: 2 | H7: =G7*E7 -> 0 | I7: =G7*F7 -> 0
B8: 3 | H8: =G8*E8 -> 0 | I8: =G8*F8 -> 0
B9: 4 | H9: =G9*E9 -> 0 | I9: =G9*F9 -> 0
B10: 5 | H10: =G10*E10 -> 0 | I10: =G10*F10 -> 0
B11: 6 | H11: =G11*E11 -> 0 | I11: =G11*F11 -> 0
B12: 7 | H12: =G12*E12 -> 0 | I12: =G12*F12 -> 0
B13: 8 | H13: =G13*E13 -> 0 | I13: =G13*F13 -> 0
B14: 9 | H14: =G14*E14 -> 0 | I14: =G14*F14 -> 0
B15: 10 | H15: =G15*E15 -> 0 | I15: =G15*F15 -> 0
B16: 11 | H16: =G16*E16 -> 0 | I16: =G16*F16 -> 0
B17: 12 | H17: =G17*E17 -> 0 | I17: =G17*F17 -> 0
... B27: 22 | H27: =G27*E27 -> 0 | I27: =G27*F27 -> 0
C28: TOTALS | H28: =SUM(H6:H27) -> 0 | I28: =SUM(I6:I27) -> 0 | J28: =SUM(I28/H28) -> #DIV/0!
C29: International Must offer 40% of WBE of the CRAF Capable Aircraft in Fleet | G29: Perviously Offered A/C use form 81
C30: Long Range International (LRI) carriers may offer aircraft in the Short Range International (SRI) section when 40% commitment has been met in the LRI section. | G30: New Aircraft with different performance characteristics provide: Performance Data Package to inlcude the following 1. Form 82 Front & Back, 2. Form 83, and 3. Computerized Flight Plan (CFP)
B31: Appendix 3A-1, 20160901 Page 1 of 1

Sheet Tab 6--3A-1, Validation (SRI)
B2: Carrier: | C2: ='Tab 1--3A, (AC 1-35)'!C2:D2 -> 0 | G2: Contract # : | H2: ='Tab 1--3A, (AC 1-35)'!H2:J2 -> HTC71124RCC01 Atch 1a
B3: APPENDIX 3A-1, CRAF CAPABLE FLEET VALIDATION (Int'l Segment)
B4: FAA OPS SPEC (D085) Aircraft Listing, Effective Date: | F4: ='Tab 1--3A, (AC 1-35)'!F4 -> 0 | G4: Short Range Section | I4: Passenger
B5: Line Item | C5: Aircraft Model/Series by Category (Cargo/Pax) As shown on D085 | D5: Total Aircraft in Fleet by Category (Cargo/Pax) As shown on D085 | E5: Total CRAF Capable Aircraft | F5: Total Aircraft Offered | G5: Aircaft WBE Value | H5: Total WBE Available | I5: Total WBE Offered | J5: % of WBE CRAF Capable Fleet Offered
B6: 1 | H6: =G6*E6 -> 0 | I6: =G6*F6 -> 0
B7: 2 | H7: =G7*E7 -> 0 | I7: =G7*F7 -> 0
B8: 3 | H8: =G8*E8 -> 0 | I8: =G8*F8 -> 0
B9: 4 | H9: =G9*E9 -> 0 | I9: =G9*F9 -> 0
B10: 5 | H10: =G10*E10 -> 0 | I10: =G10*F10 -> 0
B11: 6 | H11: =G11*E11 -> 0 | I11: =G11*F11 -> 0
B12: 7 | H12: =G12*E12 -> 0 | I12: =G12*F12 -> 0
B13: 8 | H13: =G13*E13 -> 0 | I13: =G13*F13 -> 0
B14: 9 | H14: =G14*E14 -> 0 | I14: =G14*F14 -> 0
B15: 10 | H15: =G15*E15 -> 0 | I15: =G15*F15 -> 0
B16: 11 | H16: =G16*E16 -> 0 | I16: =G16*F16 -> 0
B17: 12 | H17: =G17*E17 -> 0 | I17: =G17*F17 -> 0
... B27: 22 | H27: =G27*E27 -> 0 | I27: =G27*F27 -> 0
C28: TOTALS | H28: =SUM(H6:H27) -> 0 | I28: =SUM(I6:I27) -> 0 | J28: =SUM(I28/H28) -> #DIV/0!
C29: International Must offer 40% of WBE of the CRAF Capable Aircraft in Fleet | G29: Perviously Offered A/C use form 81
C30: Carriers participating in Short Range International (SRI) only, will list their entire fleet as listed on the DO85. Aircraft not CRAF capable will only require population of the "Aircraft Model/Series", "Total CRAF Capable Aircraft" and "Total Aircraft in Fleet" columns. | G30: New Aircraft with different performance characteristics provide: Performance Data Package to inlcude the following 1. Form 82 Front & Back, 2. Form 83, and 3. Computerized Flight Plan (CFP)
B31: Appendix 3A-1, 20160901 Page 1 of 1

Sheet  Tab 7--3A-1, Validation (Nat)
B2: Carrier: | C2: ='Tab 1--3A, (AC 1-35)'!C2:D2 -> 0 | F2: Contract # : | H2: ='Tab 1--3A, (AC 1-35)'!H2:J2 -> HTC71124RCC01 Atch 1a
B3: FAA OPS SPEC (D085) Aircraft Listing, Effective Date: | F3: ='Tab 1--3A, (AC 1-35)'!F4 -> 0 | H3: For carriers with large fleets not able to adhere to the 15% rule, disregard "% of CRAF Capable Fleet Offered" total if below 15%
B4: APPENDIX 3A-1, CRAF CAPABLE FLEET VALIDATION (National Segment)
B5: Line Item | C5: Aircraft Model/Series by Category (Cargo/Pax) As shown on D085 | D5: Total Aircraft in Fleet by Category (Cargo/Pax) As shown on D085 | E5: Total CRAF Capable Aircraft | F5: Total Aircraft Offered | H5: Total Aicraft Available | I5: Total Aircraft Offered | J5: % of CRAF Capable Fleet Offered
B6: 1 | H6: =E6 -> 0 | I6: =F6 -> 0
B7: 2 | H7: =E7 -> 0 | I7: =F7 -> 0
B8: 3 | H8: =E8 -> 0 | I8: =F8 -> 0
B9: 4 | H9: =E9 -> 0 | I9: =F9 -> 0
B10: 5 | H10: =E10 -> 0 | I10: =F10 -> 0
B11: 6 | H11: =E11 -> 0 | I11: =F11 -> 0
B12: 7 | H12: =E12 -> 0 | I12: =F12 -> 0
B13: 8 | H13: =E13 -> 0 | I13: =F13 -> 0
B14: 9 | H14: =E14 -> 0 | I14: =F14 -> 0
B15: 10 | H15: =E15 -> 0 | I15: =F15 -> 0
B16: 11 | H16: =E16 -> 0 | I16: =F16 -> 0
B17: 12 | H17: =E17 -> 0 | I17: =F17 -> 0
... B27: 22 | H27: =E27 -> 0 | I27: =F27 -> 0
C28: TOTALS | H28: =SUM(H6:H27) -> 0 | I28: =SUM(I6:I27) -> 0 | J28: =SUM(I28/H28) -> #DIV/0!
C30: Domestic Must offer 15% of CRAF Capable Aircraft in Fleet
B31: Appendix 3A-1, 20160901 Page 1 of 1
