Workbook

Sheet Base Year
A1: EXHIBIT A - PRICING SCHEDULE
A2: BASE YEAR | G2: PLEASE FILL OUT ONLY THE PRICES HIGHLIGHTED IN GREEN.
A3: A. SCHEDULED MAINTENANCE SERVICES
A4: The firm fixed prices for the Base Year of the contract for the scheduled maintenance services are:
A5: Location | B5: Price Per Quarter | C5: Price per Year
A6: Embassy Compound Barriers and Bollards | B6: 0 | C6: =B6*4 -> 0
A7: Embassy Compound Gates | B7: 0 | C7: =B7*4 -> 0
A8: Via Pinciana n. 21 | B8: 0 | C8: =B8*4 -> 0
A9: Via di Villa Grazioli n. 7 | B9: 0 | C9: =B9*4 -> 0
A10: Via Val di Sole n. 15 | B10: 0 | C10: =B10*4 -> 0
A11: Viale Gioacchino Rossini n. 5 | B11: 0 | C11: =B11*4 -> 0
A12: Via Giacomo Medici nb. 11 | B12: 0 | C12: =B12*4 -> 0
A13: Via Dandolo n. 104 | B13: 0 | C13: =B13*4 -> 0
A14: Via di Porta S. Sebastiano n. 13/a | B14: 0 | C14: =B14*4 -> 0
A15: Florence Consulate Barriers and Bollards | B15: 0 | C15: =B15*4 -> 0
A16: Forence Consulate Gates | B16: 0 | C16: =B16*4 -> 0
A17: Naples Consulate Barriers and Bollards | B17: 0 | C17: =B17*4 -> 0
A18: Naples Consulate Gates | B18: 0 | C18: =B18*4 -> 0
A19: Total Price per Quarter | B19: =SUM(B6:B18) -> 0
A20: A. Total Price per Year | C20: =SUM(C6:C18) -> 0
A22: B. UNSCHEDULED AND EMERGENCY MAINTENANCE SERVICES
A23: *The fixed unit prices for the unscheduled/emergency maintenance services are:
A24: Description of Services | B24: Unit Price | C24: Unit of Measure | D24: Est’d Quantity per Year | E24: Total Price per Year
A25: Regular Hours for Skilled Laborers | B25: 0 | C25: Hours | D25: 400 | E25: =B25*D25 -> 0
A26: Overtime for Skilled Laborers | B26: 0 | C26: Hours | D26: 120 | E26: =B26*D26 -> 0
A27: Sunday and Holiday Hours for Skilled Laborers | B27: 0 | C27: Hours | D27: 80 | E27: =B27*D27 -> 0
A28: B. Total Price per Year | E28: =SUM(E25:E27) -> 0
A30: C. MATERIALS/EQUIPMENT NOT TO EXCEED ( Estimated Total Price per Year) | E30: 15000
A32: D. TOTAL PRICE FOR THE BASE YEAR (A+B+C) | E32: =C20+E28+E30 -> 15000
A33: *Minimum and Maximim Amounts for Unscheduled and Emergency Maintenance Services: During this contract period, the Government shall place orders totaling a minimum of Euro 50.00 This reflects the contract minimum for unscheduled orders for this period of performance. The amount of all orders shall not exceed Euro 40,000.00. This reflects the contract maximum for unscheduled services for this period of performance.

Sheet Option Year 1
A1: EXHIBIT A - PRICING SCHEDULE
A2: OPTION YEAR 1 | G2: PLEASE FILL OUT ONLY THE PRICES HIGHLIGHTED IN GREEN.
A3: A. SCHEDULED MAINTENANCE SERVICES
A4: The firm fixed prices for the Option Year 1 of the contract for the scheduled maintenance services are:
A5: Location | B5: Price Per Quarter | C5: Price per Year
A6: Embassy Compound Barriers and Bollards | B6: 0 | C6: =B6*4 -> 0
A7: Embassy Compound Gates | B7: 0 | C7: =B7*4 -> 0
A8: Via Pinciana n. 21 | B8: 0 | C8: =B8*4 -> 0
A9: Via di Villa Grazioli n. 7 | B9: 0 | C9: =B9*4 -> 0
A10: Via Val di Sole n. 15 | B10: 0 | C10: =B10*4 -> 0
A11: Viale Gioacchino Rossini n. 5 | B11: 0 | C11: =B11*4 -> 0
A12: Via Giacomo Medici nb. 11 | B12: 0 | C12: =B12*4 -> 0
A13: Via Dandolo n. 104 | B13: 0 | C13: =B13*4 -> 0
A14: Via di Porta S. Sebastiano n. 13/a | B14: 0 | C14: =B14*4 -> 0
A15: Florence Consulate Barriers and Bollards | B15: 0 | C15: =B15*4 -> 0
A16: Forence Consulate Gates | B16: 0 | C16: =B16*4 -> 0
A17: Naples Consulate Barriers and Bollards | B17: 0 | C17: =B17*4 -> 0
A18: Naples Consulate Gates | B18: 0 | C18: =B18*4 -> 0
A19: Total Price per Quarter | B19: =SUM(B6:B18) -> 0
A20: A. Total Price per Year | C20: =SUM(C6:C18) -> 0
A22: B. UNSCHEDULED AND EMERGENCY MAINTENANCE SERVICES
A23: *The fixed unit prices for the unscheduled/emergency maintenance services are:
A24: Description of Services | B24: Unit Price | C24: Unit of Measure | D24: Est’d Quantity per Year | E24: Total Price per Year
A25: Regular Hours for Skilled Laborers | B25: 0 | C25: Hours | D25: 400 | E25: =B25*D25 -> 0
A26: Overtime for Skilled Laborers | B26: 0 | C26: Hours | D26: 120 | E26: =B26*D26 -> 0
A27: Sunday and Holiday Hours for Skilled Laborers | B27: 0 | C27: Hours | D27: 80 | E27: =B27*D27 -> 0
A28: B. Total Price per Year | E28: =SUM(E25:E27) -> 0
A30: C. MATERIALS/EQUIPMENT NOT TO EXCEED ( Estimated Total Price per Year) | E30: 15000
A32: D. TOTAL PRICE FOR OPTION YEAR 1 (A+B+C) | E32: =C20+E28+E30 -> 15000
A33: *Minimum and Maximim Amounts for Unscheduled and Emergency Maintenance Services: During this contract period, the Government shall place orders totaling a minimum of Euro 50.00 This reflects the contract minimum for unscheduled orders for this period of performance. The amount of all orders shall not exceed Euro 40,000.00. This reflects the contract maximum for unscheduled services for this period of performance.

Sheet Option Year 2
A1: EXHIBIT A - PRICING SCHEDULE
A2: OPTION YEAR 2 | G2: PLEASE FILL OUT ONLY THE PRICES HIGHLIGHTED IN GREEN.
A3: A. SCHEDULED MAINTENANCE SERVICES
A4: The firm fixed prices for the Option Year 2 of the contract for the scheduled maintenance services are:
A5: Location | B5: Price Per Quarter | C5: Price per Year
A6: Embassy Compound Barriers and Bollards | B6: 0 | C6: =B6*4 -> 0
A7: Embassy Compound Gates | B7: 0 | C7: =B7*4 -> 0
A8: Via Pinciana n. 21 | B8: 0 | C8: =B8*4 -> 0
A9: Via di Villa Grazioli n. 7 | B9: 0 | C9: =B9*4 -> 0
A10: Via Val di Sole n. 15 | B10: 0 | C10: =B10*4 -> 0
A11: Viale Gioacchino Rossini n. 5 | B11: 0 | C11: =B11*4 -> 0
A12: Via Giacomo Medici nb. 11 | B12: 0 | C12: =B12*4 -> 0
A13: Via Dandolo n. 104 | B13: 0 | C13: =B13*4 -> 0
A14: Via di Porta S. Sebastiano n. 13/a | B14: 0 | C14: =B14*4 -> 0
A15: Florence Consulate Barriers and Bollards | B15: 0 | C15: =B15*4 -> 0
A16: Forence Consulate Gates | B16: 0 | C16: =B16*4 -> 0
A17: Naples Consulate Barriers and Bollards | B17: 0 | C17: =B17*4 -> 0
A18: Naples Consulate Gates | B18: 0 | C18: =B18*4 -> 0
A19: Total Price per Quarter | B19: =SUM(B6:B18) -> 0
A20: A. Total Price per Year | C20: =SUM(C6:C18) -> 0
A22: B. UNSCHEDULED AND EMERGENCY MAINTENANCE SERVICES
A23: *The fixed unit prices for the unscheduled/emergency maintenance services are:
A24: Description of Services | B24: Unit Price | C24: Unit of Measure | D24: Est’d Quantity per Year | E24: Total Price per Year
A25: Regular Hours for Skilled Laborers | B25: 0 | C25: Hours | D25: 400 | E25: =B25*D25 -> 0
A26: Overtime for Skilled Laborers | B26: 0 | C26: Hours | D26: 120 | E26: =B26*D26 -> 0
A27: Sunday and Holiday Hours for Skilled Laborers | B27: 0 | C27: Hours | D27: 80 | E27: =B27*D27 -> 0
A28: B. Total Price per Year | E28: =SUM(E25:E27) -> 0
A30: C. MATERIALS/EQUIPMENT NOT TO EXCEED ( Estimated Total Price per Year) | E30: 15000
A32: D. TOTAL PRICE FOR OPTION YEAR 2 (A+B+C) | E32: =C20+E28+E30 -> 15000
A33: *Minimum and Maximim Amounts for Unscheduled and Emergency Maintenance Services: During this contract period, the Government shall place orders totaling a minimum of Euro 50.00 This reflects the contract minimum for unscheduled orders for this period of performance. The amount of all orders shall not exceed Euro 40,000.00. This reflects the contract maximum for unscheduled services for this period of performance.

Sheet Option Year 3
A1: EXHIBIT A - PRICING SCHEDULE
A2: OPTION YEAR 3 | G2: PLEASE FILL OUT ONLY THE PRICES HIGHLIGHTED IN GREEN.
A3: A. SCHEDULED MAINTENANCE SERVICES
A4: The firm fixed prices for the Option Year 3 of the contract for the scheduled maintenance services are:
A5: Location | B5: Price Per Quarter | C5: Price per Year
A6: Embassy Compound Barriers and Bollards | B6: 0 | C6: =B6*4 -> 0
A7: Embassy Compound Gates | B7: 0 | C7: =B7*4 -> 0
A8: Via Pinciana n. 21 | B8: 0 | C8: =B8*4 -> 0
A9: Via di Villa Grazioli n. 7 | B9: 0 | C9: =B9*4 -> 0
A10: Via Val di Sole n. 15 | B10: 0 | C10: =B10*4 -> 0
A11: Viale Gioacchino Rossini n. 5 | B11: 0 | C11: =B11*4 -> 0
A12: Via Giacomo Medici nb. 11 | B12: 0 | C12: =B12*4 -> 0
A13: Via Dandolo n. 104 | B13: 0 | C13: =B13*4 -> 0
A14: Via di Porta S. Sebastiano n. 13/a | B14: 0 | C14: =B14*4 -> 0
A15: Florence Consulate Barriers and Bollards | B15: 0 | C15: =B15*4 -> 0
A16: Forence Consulate Gates | B16: 0 | C16: =B16*4 -> 0
A17: Naples Consulate Barriers and Bollards | B17: 0 | C17: =B17*4 -> 0
A18: Naples Consulate Gates | B18: 0 | C18: =B18*4 -> 0
A19: Total Price per Quarter | B19: =SUM(B6:B18) -> 0
A20: A. Total Price per Year | C20: =SUM(C6:C18) -> 0
A22: B. UNSCHEDULED AND EMERGENCY MAINTENANCE SERVICES
A23: *The fixed unit prices for the unscheduled/emergency maintenance services are:
A24: Description of Services | B24: Unit Price | C24: Unit of Measure | D24: Est’d Quantity per Year | E24: Total Price per Year
A25: Regular Hours for Skilled Laborers | B25: 0 | C25: Hours | D25: 400 | E25: =B25*D25 -> 0
A26: Overtime for Skilled Laborers | B26: 0 | C26: Hours | D26: 120 | E26: =B26*D26 -> 0
A27: Sunday and Holiday Hours for Skilled Laborers | B27: 0 | C27: Hours | D27: 80 | E27: =B27*D27 -> 0
A28: B. Total Price per Year | E28: =SUM(E25:E27) -> 0
A30: C. MATERIALS/EQUIPMENT NOT TO EXCEED ( Estimated Total Price per Year) | E30: 15000
A32: D. TOTAL PRICE FOR OPTION YEAR 3 (A+B+C) | E32: =C20+E28+E30 -> 15000
A33: *Minimum and Maximim Amounts for Unscheduled and Emergency Maintenance Services: During this contract period, the Government shall place orders totaling a minimum of Euro 50.00 This reflects the contract minimum for unscheduled orders for this period of performance. The amount of all orders shall not exceed Euro 40,000.00. This reflects the contract maximum for unscheduled services for this period of performance.

Sheet Option Year 4
A1: EXHIBIT A - PRICING SCHEDULE
A2: OPTION YEAR 4 | G2: PLEASE FILL OUT ONLY THE PRICES HIGHLIGHTED IN GREEN.
A3: A. SCHEDULED MAINTENANCE SERVICES
A4: The firm fixed prices for the Option Year 4 of the contract for the scheduled maintenance services are:
A5: Location | B5: Price Per Quarter | C5: Price per Year
A6: Embassy Compound Barriers and Bollards | B6: 0 | C6: =B6*4 -> 0
A7: Embassy Compound Gates | B7: 0 | C7: =B7*4 -> 0
A8: Via Pinciana n. 21 | B8: 0 | C8: =B8*4 -> 0
A9: Via di Villa Grazioli n. 7 | B9: 0 | C9: =B9*4 -> 0
A10: Via Val di Sole n. 15 | B10: 0 | C10: =B10*4 -> 0
A11: Viale Gioacchino Rossini n. 5 | B11: 0 | C11: =B11*4 -> 0
A12: Via Giacomo Medici nb. 11 | B12: 0 | C12: =B12*4 -> 0
A13: Via Dandolo n. 104 | B13: 0 | C13: =B13*4 -> 0
A14: Via di Porta S. Sebastiano n. 13/a | B14: 0 | C14: =B14*4 -> 0
A15: Florence Consulate Barriers and Bollards | B15: 0 | C15: =B15*4 -> 0
A16: Forence Consulate Gates | B16: 0 | C16: =B16*4 -> 0
A17: Naples Consulate Barriers and Bollards | B17: 0 | C17: =B17*4 -> 0
A18: Naples Consulate Gates | B18: 0 | C18: =B18*4 -> 0
A19: Total Price per Quarter | B19: =SUM(B6:B18) -> 0
A20: A. Total Price per Year | C20: =SUM(C6:C18) -> 0
A22: B. UNSCHEDULED AND EMERGENCY MAINTENANCE SERVICES
A23: *The fixed unit prices for the unscheduled/emergency maintenance services are:
A24: Description of Services | B24: Unit Price | C24: Unit of Measure | D24: Est’d Quantity per Year | E24: Total Price per Year
A25: Regular Hours for Skilled Laborers | B25: 0 | C25: Hours | D25: 400 | E25: =B25*D25 -> 0
A26: Overtime for Skilled Laborers | B26: 0 | C26: Hours | D26: 120 | E26: =B26*D26 -> 0
A27: Sunday and Holiday Hours for Skilled Laborers | B27: 0 | C27: Hours | D27: 80 | E27: =B27*D27 -> 0
A28: B. Total Price per Year | E28: =SUM(E25:E27) -> 0
A30: C. MATERIALS/EQUIPMENT NOT TO EXCEED ( Estimated Total Price per Year) | E30: 15000
A32: D. TOTAL PRICE FOR OPTION YEAR 4 (A+B+C) | E32: =C20+E28+E30 -> 15000
A33: *Minimum and Maximim Amounts for Unscheduled and Emergency Maintenance Services: During this contract period, the Government shall place orders totaling a minimum of Euro 50.00 This reflects the contract minimum for unscheduled orders for this period of performance. The amount of all orders shall not exceed Euro 40,000.00. This reflects the contract maximum for unscheduled services for this period of performance.

Sheet Grand Total
A1: EXHIBIT A – PRICING SCHEDULE
A2: GRAND TOTAL PRICES
A3: BASE YEAR | B3: ='Base Year'!E32 -> 15000
A4: OPTION YEAR 1 | B4: ='Option Year 1'!E32 -> 15000
A5: OPTION YEAR 2 | B5: ='Option Year 2'!E32 -> 15000
A6: OPTION YEAR 3 | B6: ='Option Year 3'!E32 -> 15000
A7: OPTION YEAR 4 | B7: ='Option Year 4'!E32 -> 15000
A8: GRAND TOTAL | B8: =SUM(B3:B7) -> 75000
