Workbook

Sheet Recurring Pricing
A1: This tab requires inputs. Please complete green highlighted areas only. Price should be based on one PMI per year, per door, in accordance with Appendix A. Offerors shall ensure that their proposed recurring prices are fully inclusive of their financial responsibility for all service calls and repairs up to the $1,000 limit of liability. Historical data provided in Appendix C.
A2: Period | B2: CLIN | C2: Pricing Category | D2: Qty | E2: Unit | F2: Unit Price | G2: Total Price
A3: Base Period | B3: 0001 | C3: Industrial and Specialty Door Preventative Maintenance and Service Calls/Repairs up to the Limit of Liability | D3: 12 | E3: Months | G3: =D3*F3 -> 0
A4: Option Period 1 | B4: 1001 | C4: Industrial and Specialty Door Preventative Maintenance and Service Calls/Repairs up to the Limit of Liability | D4: 12 | E4: Months | G4: 0
A5: Option Period 2 | B5: 2001 | C5: Industrial and Specialty Door Preventative Maintenance and Service Calls/Repairs up to the Limit of Liability | D5: 12 | E5: Months | G5: 0
A6: Option Period 3 | B6: 3001 | C6: Industrial and Specialty Door Preventative Maintenance and Service Calls/Repairs up to the Limit of Liability | D6: 12 | E6: Months | G6: 0
A7: Option Period 4 | B7: 4001 | C7: Industrial and Specialty Door Preventative Maintenance and Service Calls/Repairs up to the Limit of Liability | D7: 12 | E7: Months | G7: 0
D8: TOTAL PRICE | G8: =SUM(G3:G7) -> 0

Sheet Non-Recurring Price
A1: This tab requires inputs. Please complete green highlighted cells only. Rates will be utilized for Repairs above the limit of liability (LOL). Mark-up will be applied to quotes after the LOL deduction. Mark up rates should reflect profit only. G&A and overhead associated with performance under this requirement should be included in values identified under Recurring Pricing tab. The estimated amount shown in the calculation below for Repairs above the LOL are for evaluation purposes only and do not reflect historical or anticipated repairs above the LOL.
A2: Base Year
B3: Hours | C3: Labor Rate | D3: Total
A4: Labor Rate | B4: 1 | D4: =B4*C4 -> 0
B6: Amount | C6: Mark-up | D6: Total
A7: Repairs Above LOL Total | B7: 10000 | D7: =B7*C7 -> 0
A9: Total Price Base Year | D9: =D4+D7 -> 0
A11: Option 1
B12: Hours | C12: Labor Rate | D12: Total
A13: Labor Rate | B13: 1 | D13: =B13*C13 -> 0
B15: Amount | C15: Mark-up | D15: Total
A16: Repairs Above LOL Total | B16: 10000 | D16: =B16*C16 -> 0
A18: Total Price Option 1 | D18: =D13+D16 -> 0
A20: Option 2
B21: Hours | C21: Labor Rate | D21: Total
A22: Labor Rate | B22: 1 | D22: =B22*C22 -> 0
B24: Amount | C24: Mark-up | D24: Total
A25: Repairs Above LOL Total | B25: 10000 | D25: =B25*C25 -> 0
A27: Total Price Option 2 | D27: =D22+D25 -> 0
A29: Option 3
B30: Hours | C30: Labor Rate | D30: Total
A31: Labor Rate | B31: 1 | D31: =B31*C31 -> 0
B33: Amount | C33: Mark-up | D33: Total
A34: Repairs Above LOL Total | B34: 10000 | D34: =B34*C34 -> 0
A36: Total Price Option 3 | D36: =D31+D34 -> 0
A38: Option 4
B39: Hours | C39: Labor Rate | D39: Total
A40: Labor Rate | B40: 1 | D40: =B40*C40 -> 0
B42: Amount | C42: Mark-up | D42: Total
A43: Repairs Above LOL Total | B43: 10000 | D43: =B43*C43 -> 0
A45: Total Price Option 4 | D45: =D40+D43 -> 0

Sheet Total Price
A1: No inputs are required on this tab. The estimated amount shown in the Non-Recurring Price Tab, does not reflect historical or anticipated Repairs above the LOL. The estimated amount shown is for evaluation purposes only.
B2: Price
A3: Recurring Price | B3: =SUM('Recurring Pricing'!G3) -> 0
A4: Non-Recurring Price | B4: ='Non-Recurring Price'!D9 -> 0
A5: Total Base Year | B5: =SUM(B3:B4) -> 0
A7: Recurring Price | B7: =SUM('Recurring Pricing'!G4) -> 0
A8: Non-Recurring Price | B8: ='Non-Recurring Price'!D18 -> 0
A9: Total Option 1 | B9: =SUM(B7:B8) -> 0
A11: Recurring Price | B11: =SUM('Recurring Pricing'!G5) -> 0
A12: Non-Recurring Price | B12: ='Non-Recurring Price'!D27 -> 0
A13: Total Option 2 | B13: =SUM(B11:B12) -> 0
A15: Recurring Price | B15: =SUM('Recurring Pricing'!G6) -> 0
A16: Non-Recurring Price | B16: ='Non-Recurring Price'!D36 -> 0
A17: Total Option 3 | B17: =SUM(B15:B16) -> 0
A19: Recurring Price | B19: =SUM('Recurring Pricing'!G7) -> 0
A20: Non-Recurring Price | B20: ='Non-Recurring Price'!D45 -> 0
A21: Total Option 4 | B21: =SUM(B19:B20) -> 0
A23: Total Price | B23: =B5+B9+B13+B17+B21 -> 0
