Workbook

Sheet Summary
B1: HE125426QE045 - Attachment 5: Price
B2: DoWEA Pacific East District - Japan Military Community
B3: Mainland, Japan Bus Safety Attendant and Safety Aides
B4: Base Period and Options
B5: Mainland Japan Bus Safety Attendant/ Safety Aides | C5: Estimated Price
B6: Base Year | C6: ='Japan Safety AA'!F28 -> 0
B7: Option Year 1 | C7: ='Japan Safety AA'!F53 -> 0
B8: Option Year 2 | C8: ='Japan Safety AA'!F78 -> 0
B9: Option Year 3 | C9: ='Japan Safety AA'!F103 -> 0
B10: Option Year 4 | C10: ='Japan Safety AA'!F128 -> 0
B11: Total Estimated Amounts (Base - Option Year 4) | C11: =SUM(C6:C10) -> 0
B12: FAR 52.217-8 | C12: ='Japan Safety AA'!F147 -> 0
B13: Overall Estimated Amount | C13: =SUM(C11,C12) -> 0

Sheet Japan Safety AA
A1: HE125426QE045 - Attachment 5: Price | H1: Note for Base and Option Years UNIT PRICES (U/Ps): Due to potential rounding/calculation errors, do not submit U/Ps with formula (i.e. escalation) in the U/P cells. To deconflict possible errors, the U/Ps specified will be evaluated based on their face value. For example, if a U/P is YEN1.20, then the face value of YEN1.20 will be used, so the evaluated Total Cost might differ from the Offeror's stated Total Cost.
A2: DoWEA Pacific East District - Mainland Japan Military Community
A3: Mainland, Japan Bus Safety Attendant and Safety Aides
A4: Base Period and Options
A5: PAC East SA/A | C5: Base Year SY 2026 - 2027
A6: CLIN/SLIN | B6: Description | C6: Unit of Issue | D6: Estimated Quantity | E6: Unit Price | F6: Estimated Amounts
A7: 0001 | B7: PAC East Safety Attendant
A8: 0001AA | B8: Iwakuni Safety Attendant | C8: Runs | D8: 3600 | E8: 0 | F8: =D8*E8 -> 0
A9: 0001AB | B9: Misawa Safety Attendant | C9: Runs | D9: 3600 | E9: 0 | F9: =D9*E9 -> 0
A10: 0001AC | B10: Sasebo Safety Attendant | C10: Runs | D10: 5400 | E10: 0 | F10: =D10*E10 -> 0
A11: 0001AD | B11: Yokosuka Safety Attendant | C11: Runs | D11: 8280 | E11: 0 | F11: =D11*E11 -> 0
A12: 0001AE | B12: Yokota Safety Attendant | C12: Runs | D12: 6120 | E12: 0 | F12: =D12*E12 -> 0
A13: 0001AF | B13: Zama/Atsugi Safety Attendant | C13: Runs | D13: 6120 | E13: 0 | F13: =D13*E13 -> 0
A14: 0002 | B14: PAC East Safety Aide
A15: 0002AA | B15: Iwakuni Safety Aide | C15: Runs | D15: 540 | E15: 0 | F15: =D15*E15 -> 0
A16: 0002AB | B16: Misawa Safety Aide | C16: Runs | D16: 540 | E16: 0 | F16: =D16*E16 -> 0
A17: 0002AC | B17: Sasebo Safety Aide | C17: Runs | D17: 540 | E17: 0 | F17: =D17*E17 -> 0 | H17: Workload Data
A18: 0002AD | B18: Yokosuka Safety Aide | C18: Runs | D18: 1620 | E18: 0 | F18: =D18*E18 -> 0 | H18: PAC East Safety Attendant | L18: # Routes | M18: # Routes | N18: # Runs/day | O18: # School Days | P18: Total Run
A19: 0002AE | B19: Yokota Safety Aide | C19: Runs | D19: 540 | E19: 0 | F19: =D19*E19 -> 0 | H19: Iwakuni Safety Attendant | I19: Run | J19: 3600 | L19: 10 | M19: 10 | N19: 2 | O19: 180 | P19: =L19*N19*O19 -> 3600
A20: 0002AF | B20: Zama/Atsugi Safety Aide | C20: Runs | D20: 1620 | E20: 0 | F20: =D20*E20 -> 0 | H20: Misawa Safety Attendant | I20: Run | J20: 3600 | L20: 10 | M20: 10 | N20: 2 | O20: 180 | P20: =L20*N20*O20 -> 3600
A21: 0003 | B21: PAC East ESY Safety Aide | H21: Sasebo Safety Attendant | I21: Run | J21: 5400 | L21: 15 | M21: 15 | N21: 2 | O21: 180 | P21: =L21*N21*O21 -> 5400
A22: 0003AA | B22: Iwakuni ESY Safety Aide | C22: Runs | D22: 40 | E22: 0 | F22: =D22*E22 -> 0 | H22: Yokosuka Safety Attendant | I22: Run | J22: 8280 | L22: 23 | M22: 23 | N22: 2 | O22: 180 | P22: =L22*N22*O22 -> 8280
A23: 0003AB | B23: Misawa ESY Safety Aide | C23: Runs | D23: 40 | E23: 0 | F23: =D23*E23 -> 0 | H23: Yokota Safety Attendant | I23: Run | J23: 6120 | L23: 17 | M23: 17 | N23: 2 | O23: 180 | P23: =L23*N23*O23 -> 6120
A24: 0003AC | B24: Sasebo ESY Safety Aide | C24: Runs | D24: 40 | E24: 0 | F24: =D24*E24 -> 0 | H24: Zama/Atsugi Safety Attendant | I24: Run | J24: 6120 | L24: 17 | M24: 17 | N24: 2 | O24: 180 | P24: =L24*N24*O24 -> 6120
A25: 0003AD | B25: Yokosuka ESY Safety Aide | C25: Runs | D25: 80 | E25: 0 | F25: =D25*E25 -> 0 | H25: PAC East Safety Aide
A26: 0003AE | B26: Yokota ESY Safety Aide | C26: Runs | D26: 40 | E26: 0 | F26: =D26*E26 -> 0 | H26: Iwakuni Safety Aide | I26: Run | J26: 540 | L26: 1 | M26: 1 | N26: 3 | O26: 180 | P26: =L26*N26*O26 -> 540
A27: 0003AF | B27: Zama/Atsugi ESY Safety Aide | C27: Runs | D27: 40 | E27: 0 | F27: =D27*E27 -> 0 | H27: Misawa Safety Aide | I27: Run | J27: 540 | L27: 1 | M27: 1 | N27: 3 | O27: 180 | P27: =L27*N27*O27 -> 540
A28: BASE YEAR TOTAL | F28: =SUM(F8:F27) -> 0 | H28: Sasebo Safety Aide | I28: Run | J28: 540 | L28: 1 | M28: 1 | N28: 3 | O28: 180 | P28: =L28*N28*O28 -> 540
H29: Yokosuka Safety Aide | I29: Run | J29: 1620 | L29: 3 | M29: 3 | N29: 3 | O29: 180 | P29: =L29*N29*O29 -> 1620
A30: PAC East SA/A | C30: Option Year 1 SY 2027 - 2028 | H30: Yokota Safety Aide | I30: Run | J30: 540 | L30: 1 | M30: 1 | N30: 3 | O30: 180 | P30: =L30*N30*O30 -> 540
A31: CLIN/SLIN | B31: Description | C31: Unit of Issue | D31: Estimated Quantity | E31: Unit Price | F31: Estimated Amounts | H31: Zama/Atsugi Safety Aide | I31: Run | J31: 1620 | L31: 3 | M31: 3 | N31: 3 | O31: 180 | P31: =L31*N31*O31 -> 1620
A32: 1001 | B32: PAC East Safety Attendant | H32: PAC East ESY Safety Aide
A33: 1001AA | B33: Iwakuni Safety Attendant | C33: Runs | D33: 3600 | E33: 0 | F33: =D33*E33 -> 0 | H33: Iwakuni ESY Safety Aide | I33: Run | J33: 40 | L33: 1 | M33: 1 | N33: 2 | O33: 20 | P33: =L33*N33*O33 -> 40
A34: 1001AB | B34: Misawa Safety Attendant | C34: Runs | D34: 3600 | E34: 0 | F34: =D34*E34 -> 0 | H34: Misawa ESY Safety Aide | I34: Run | J34: 40 | L34: 1 | M34: 1 | N34: 2 | O34: 20 | P34: =L34*N34*O34 -> 40
A35: 1001AC | B35: Sasebo Safety Attendant | C35: Runs | D35: 5400 | E35: 0 | F35: =D35*E35 -> 0 | H35: Sasebo ESY Safety Aide | I35: Run | J35: 40 | L35: 1 | M35: 1 | N35: 2 | O35: 20 | P35: =L35*N35*O35 -> 40
A36: 1001AD | B36: Yokosuka Safety Attendant | C36: Runs | D36: 8280 | E36: 0 | F36: =D36*E36 -> 0 | H36: Yokosuka ESY Safety Aide | I36: Run | J36: 80 | L36: 2 | M36: 2 | N36: 2 | O36: 20 | P36: =L36*N36*O36 -> 80
A37: 1001AE | B37: Yokota Safety Attendant | C37: Runs | D37: 6120 | E37: 0 | F37: =D37*E37 -> 0 | H37: Yokota ESY Safety Aide | I37: Run | J37: 40 | L37: 1 | M37: 1 | N37: 2 | O37: 20 | P37: =L37*N37*O37 -> 40
A38: 1001AF | B38: Zama/Atsugi Safety Attendant | C38: Runs | D38: 6120 | E38: 0 | F38: =D38*E38 -> 0 | H38: Zama/Atsugi ESY Safety Aide | I38: Run | J38: 40 | L38: 1 | M38: 1 | N38: 2 | O38: 20 | P38: =L38*N38*O38 -> 40
A39: 1002 | B39: PAC East Safety Aide
A40: 1002AA | B40: Iwakuni Safety Aide | C40: Runs | D40: 540 | E40: 0 | F40: =D40*E40 -> 0
A41: 1002AB | B41: Misawa Safety Aide | C41: Runs | D41: 540 | E41: 0 | F41: =D41*E41 -> 0
A42: 1002AC | B42: Sasebo Safety Aide | C42: Runs | D42: 540 | E42: 0 | F42: =D42*E42 -> 0
A43: 1002AD | B43: Yokosuka Safety Aide | C43: Runs | D43: 1620 | E43: 0 | F43: =D43*E43 -> 0
A44: 1002AE | B44: Yokota Safety Aide | C44: Runs | D44: 540 | E44: 0 | F44: =D44*E44 -> 0
A45: 1002AF | B45: Zama/Atsugi Safety Aide | C45: Runs | D45: 1620 | E45: 0 | F45: =D45*E45 -> 0
A46: 1003 | B46: PAC East ESY Safety Aide
A47: 1003AA | B47: Iwakuni ESY Safety Aide | C47: Runs | D47: 40 | E47: 0 | F47: =D47*E47 -> 0
A48: 1003AB | B48: Misawa ESY Safety Aide | C48: Runs | D48: 40 | E48: 0 | F48: =D48*E48 -> 0
A49: 1003AC | B49: Sasebo ESY Safety Aide | C49: Runs | D49: 40 | E49: 0 | F49: =D49*E49 -> 0
A50: 1003AD | B50: Yokosuka ESY Safety Aide | C50: Runs | D50: 80 | E50: 0 | F50: =D50*E50 -> 0
A51: 1003AE | B51: Yokota ESY Safety Aide | C51: Runs | D51: 40 | E51: 0 | F51: =D51*E51 -> 0
A52: 1003AF | B52: Zama/Atsugi ESY Safety Aide | C52: Runs | D52: 40 | E52: 0 | F52: =D52*E52 -> 0
A53: OPTION YEAR 1 TOTAL | F53: =SUM(F33:F52) -> 0
A55: PAC East SA/A | C55: Option Year 2 SY 2028 - 2029
A56: CLIN/SLIN | B56: Description | C56: Unit of Issue | D56: Estimated Quantity | E56: Unit Price | F56: Estimated Amounts
A57: 2001 | B57: PAC East Safety Attendant
A58: 2001AA | B58: Iwakuni Safety Attendant | C58: Runs | D58: 3600 | E58: 0 | F58: =D58*E58 -> 0
A59: 2001AB | B59: Misawa Safety Attendant | C59: Runs | D59: 3600 | E59: 0 | F59: =D59*E59 -> 0
A60: 2001AC | B60: Sasebo Safety Attendant | C60: Runs | D60: 5400 | E60: 0 | F60: =D60*E60 -> 0
A61: 2001AD | B61: Yokosuka Safety Attendant | C61: Runs | D61: 8280 | E61: 0 | F61: =D61*E61 -> 0
A62: 2001AE | B62: Yokota Safety Attendant | C62: Runs | D62: 6120 | E62: 0 | F62: =D62*E62 -> 0
A63: 2001AF | B63: Zama/Atsugi Safety Attendant | C63: Runs | D63: 6120 | E63: 0 | F63: =D63*E63 -> 0
A64: 2002 | B64: PAC East Safety Aide
A65: 2002AA | B65: Iwakuni Safety Aide | C65: Runs | D65: 540 | E65: 0 | F65: =D65*E65 -> 0
A66: 2002AB | B66: Misawa Safety Aide | C66: Runs | D66: 540 | E66: 0 | F66: =D66*E66 -> 0
A67: 2002AC | B67: Sasebo Safety Aide | C67: Runs | D67: 540 | E67: 0 | F67: =D67*E67 -> 0
A68: 2002AD | B68: Yokosuka Safety Aide | C68: Runs | D68: 1620 | E68: 0 | F68: =D68*E68 -> 0
A69: 2002AE | B69: Yokota Safety Aide | C69: Runs | D69: 540 | E69: 0 | F69: =D69*E69 -> 0
A70: 2002AF | B70: Zama/Atsugi Safety Aide | C70: Runs | D70: 1620 | E70: 0 | F70: =D70*E70 -> 0
A71: 2003 | B71: PAC East ESY Safety Aide
A72: 2003AA | B72: Iwakuni ESY Safety Aide | C72: Runs | D72: 40 | E72: 0 | F72: =D72*E72 -> 0
A73: 2003AB | B73: Misawa ESY Safety Aide | C73: Runs | D73: 40 | E73: 0 | F73: =D73*E73 -> 0
A74: 2003AC | B74: Sasebo ESY Safety Aide | C74: Runs | D74: 40 | E74: 0 | F74: =D74*E74 -> 0
A75: 2003AD | B75: Yokosuka ESY Safety Aide | C75: Runs | D75: 80 | E75: 0 | F75: =D75*E75 -> 0
A76: 2003AE | B76: Yokota ESY Safety Aide | C76: Runs | D76: 40 | E76: 0 | F76: =D76*E76 -> 0
A77: 2003AF | B77: Zama/Atsugi ESY Safety Aide | C77: Runs | D77: 40 | E77: 0 | F77: =D77*E77 -> 0
A78: OPTION YEAR 2 TOTAL | F78: =SUM(F58:F77) -> 0
A80: PAC East SA/A | C80: Option Year 3 SY 2029 - 2030
A81: CLIN/SLIN | B81: Description | C81: Unit of Issue | D81: Estimated Quantity | E81: Unit Price | F81: Estimated Amounts
A82: 3001 | B82: PAC East Safety Attendant
A83: 3001AA | B83: Iwakuni Safety Attendant | C83: Runs | D83: 3600 | E83: 0 | F83: =D83*E83 -> 0
A84: 3001AB | B84: Misawa Safety Attendant | C84: Runs | D84: 3600 | E84: 0 | F84: =D84*E84 -> 0
A85: 3001AC | B85: Sasebo Safety Attendant | C85: Runs | D85: 5400 | E85: 0 | F85: =D85*E85 -> 0
A86: 3001AD | B86: Yokosuka Safety Attendant | C86: Runs | D86: 8280 | E86: 0 | F86: =D86*E86 -> 0
A87: 3001AE | B87: Yokota Safety Attendant | C87: Runs | D87: 6120 | E87: 0 | F87: =D87*E87 -> 0
A88: 3001AF | B88: Zama/Atsugi Safety Attendant | C88: Runs | D88: 6120 | E88: 0 | F88: =D88*E88 -> 0
A89: 3002 | B89: PAC East Safety Aide
A90: 3002AA | B90: Iwakuni Safety Aide | C90: Runs | D90: 540 | E90: 0 | F90: =D90*E90 -> 0
A91: 3002AB | B91: Misawa Safety Aide | C91: Runs | D91: 540 | E91: 0 | F91: =D91*E91 -> 0
A92: 3002AC | B92: Sasebo Safety Aide | C92: Runs | D92: 540 | E92: 0 | F92: =D92*E92 -> 0
A93: 3002AD | B93: Yokosuka Safety Aide | C93: Runs | D93: 1620 | E93: 0 | F93: =D93*E93 -> 0
A94: 3002AE | B94: Yokota Safety Aide | C94: Runs | D94: 540 | E94: 0 | F94: =D94*E94 -> 0
A95: 3002AF | B95: Zama/Atsugi Safety Aide | C95: Runs | D95: 1620 | E95: 0 | F95: =D95*E95 -> 0
A96: 3003 | B96: PAC East ESY Safety Aide
A97: 3003AA | B97: Iwakuni ESY Safety Aide | C97: Runs | D97: 40 | E97: 0 | F97: =D97*E97 -> 0
A98: 3003AB | B98: Misawa ESY Safety Aide | C98: Runs | D98: 40 | E98: 0 | F98: =D98*E98 -> 0
A99: 3003AC | B99: Sasebo ESY Safety Aide | C99: Runs | D99: 40 | E99: 0 | F99: =D99*E99 -> 0
A100: 3003AD | B100: Yokosuka ESY Safety Aide | C100: Runs | D100: 80 | E100: 0 | F100: =D100*E100 -> 0
A101: 3003AE | B101: Yokota ESY Safety Aide | C101: Runs | D101: 40 | E101: 0 | F101: =D101*E101 -> 0
A102: 3003AF | B102: Zama/Atsugi ESY Safety Aide | C102: Runs | D102: 40 | E102: 0 | F102: =D102*E102 -> 0
...
