Workbook

Sheet CLINS
A1: Bid Schedule 2 Day Per Week
A2: Armed Forces Recruiting Center Janitorial Services
A3: Furnish all labor, equipment, materials, supplies, management, and supervision to accomplish Janitorial Cleaning Services at the Armed Forces Recruiting Center in accordance with attached Performance Work Statement and Requirements Summary specifications.
A4: Base Period of Performance: Date of award and 12 months following
A5: ITEM | B5: DESCRIPTION | C5: QUANTITY | D5: UNIT | E5: UNIT PRICE | F5: AMOUNT
A6: 0001 | B6: Beeville | C6: 1 | D6: JOB | F6: =BEEVILLE!F26 -> 0
A7: Option Period 1 Total: | B7: Total | C7: Base | F7: =SUM(F6:F6) -> 0
A9: 1001 Option 1 Period of Performance: 12 months following base year
A10: ITEM | B10: DESCRIPTION | C10: QUANTITY | D10: UNIT | E10: UNIT PRICE | F10: AMOUNT
A11: 1001 | B11: Beeville | C11: 1 | D11: JOB | F11: =BEEVILLE!F50 -> 0
A12: Option Period 1 Total: | F12: =SUM(F11:F11) -> 0
A14: 2001 Option 2 Period of Performance: 12 months following option 1
A15: ITEM | B15: DESCRIPTION | C15: QUANTITY | D15: UNIT | E15: UNIT PRICE | F15: AMOUNT
A16: 2001 | B16: Beeville | C16: 1 | D16: JOB | F16: =BEEVILLE!F74 -> 0
A17: Option Period 2 Total: | F17: =SUM(F16:F16) -> 0
A19: 3001 Option 3 Period of Performance: 12 months following option 2
A20: ITEM | B20: DESCRIPTION | C20: QUANTITY | D20: UNIT | E20: UNIT PRICE | F20: AMOUNT
A21: 3001 | B21: Beeville | C21: 1 | D21: JOB | F21: =BEEVILLE!F98 -> 0
A22: Option Period 3 Total: | F22: =SUM(F21:F21) -> 0
A24: 4001 Option 4 Period of Performance: 12 months following option 3
A25: ITEM | B25: DESCRIPTION | C25: QUANTITY | D25: UNIT | E25: UNIT PRICE | F25: AMOUNT
A26: 4001 | B26: Beeville | C26: 1 | D26: JOB | F26: =BEEVILLE!F122 -> 0
A27: Option Period 4 Total: | F27: =SUM(F26:F26) -> 0
A29: TOTAL AMOUNT: (Base and Option Period) | F29: =F7+F27+F22+F17+F12 -> 0

Sheet BEEVILLE
A1: Bid Schedule 2 Day Per Week
A2: Armed Forces Recruiting Center Janitorial Services - BEEVILLE, TX
A3: Furnish all labor, equipment, materials, supplies, management, and supervision to accomplish Janitorial Cleaning Services at the Armed Forces Recruiting Center in accordance with attached Performance Work Statement and Requirements Summary specifications. **EACH = Per Year (2 Each = twice a year)
A4: 0001 Base Period of Performance: Date of award and 12 months following
A5: ITEM | B5: DESCRIPTION | C5: QUANTITY | D5: UNIT | E5: UNIT PRICE | F5: AMOUNT
A6: Base Services | C6: 1500 | D6: SF | E6: 0 | F6: =C6*E6 -> 0
B7: Floor Maintenance (Vacuum & Sweep/Mop) | C7: 2 | D7: Weekly | E7: =F7/C7 -> 0 | F7: =F6*0.2 -> 0
B8: Trash Removal | C8: 2 | D8: Weekly | E8: =F8/C8 -> 0 | F8: =F6*0.2 -> 0
B9: Drinking Fountains | C9: 2 | D9: Weekly | E9: =F9/C9 -> 0 | F9: =F6*0.2 -> 0
B10: Spot Cleaning Windows | C10: 2 | D10: Weekly | E10: =F10/C10 -> 0 | F10: =F6*0.2 -> 0
B11: Restroom Services | C11: 2 | D11: Weekly | E11: =F11/C11 -> 0 | F11: =F6*0.2 -> 0
A12: Periodic Services | C12: 1500 | D12: SF | E12: 0 | F12: =C12*E12 -> 0
B13: Professional Ceramic and Carpet Tile Floor Cleaning | C13: 2 | D13: Each | E13: =F13/C13 -> 0 | F13: =F12*0.31 -> 0
B14: Dusting | C14: 1 | D14: Monthly | E14: =F14/C14 -> 0 | F14: =F12*0.09 -> 0
B15: High Dusting/Cleaning | C15: 1 | D15: Each | E15: =F15/C15 -> 0 | F15: =F12*0.09 -> 0
B16: Clean Light Fixtures | C16: 1 | D16: Each | E16: =F16/C16 -> 0 | F16: =F12*0.09 -> 0
B17: Exterior Glass Surfaces | C17: 1 | D17: Monthly | E17: =F17/C17 -> 0 | F17: =F12*0.09 -> 0
B18: Interior Glass Surfaces | C18: 1 | D18: Monthly | E18: =F18/C18 -> 0 | F18: =F12*0.09 -> 0
B19: Clean HVAC Return, Diffuser and Grilles | C19: 4 | D19: Each | E19: =F19/C19 -> 0 | F19: =F12*0.15 -> 0
B20: De-Scale Toilet bowls and Urinals | C20: 1 | D20: Monthly | E20: =F20/C20 -> 0 | F20: =F12*0.09 -> 0
A21: Other Services | C21: 1500 | E21: 0 | F21: =C21*E21 -> 0
B22: Re-Lamping (estimated 10 bulbs per year) | C22: 10 | D22: Each | E22: =F22/C22 -> 0 | F22: =F21*0.6 -> 0
B23: Change HVAC Filters | C23: 1 | D23: Monthly | E23: =F23/C23 -> 0 | F23: =F21*0.1 -> 0
B24: Pest Control | C24: 2 | D24: Each | E24: =F24/C24 -> 0 | F24: =F21*0.3 -> 0
B25: CONTRACT MANPOWER REPORTING | C25: 1 | D25: Each | F25: 0
A26: Base Year Total: | F26: =F6+F12+F21 -> 0
A28: 1001 Option 1 Period of Performance: 12 months following base year
A29: ITEM | B29: DESCRIPTION | C29: QUANTITY | D29: UNIT | E29: UNIT PRICE | F29: AMOUNT
A30: Base Services | C30: 1500 | D30: SF | F30: =F6*1.05 -> 0
B31: Floor Maintenance (Vacuum & Sweep/Mop) | C31: 2 | D31: Weekly | E31: =F31/C31 -> 0 | F31: =$F$30*0.2 -> 0
B32: Trash Removal | C32: 2 | D32: Weekly | E32: =F32/C32 -> 0 | F32: =$F$30*0.2 -> 0
B33: Drinking Fountains | C33: 2 | D33: Weekly | E33: =F33/C33 -> 0 | F33: =$F$30*0.2 -> 0
B34: Spot Cleaning Windows | C34: 2 | D34: Weekly | E34: =F34/C34 -> 0 | F34: =$F$30*0.2 -> 0
B35: Restroom Services | C35: 2 | D35: Weekly | E35: =F35/C35 -> 0 | F35: =$F$30*0.2 -> 0
A36: Periodic Services | C36: 1500 | D36: SF | F36: =F12*1.05 -> 0
B37: Professional Ceramic and Carpet Tile Floor Cleaning | C37: 2 | D37: Each | E37: =F37/C37 -> 0 | F37: =F36*0.31 -> 0
B38: Dusting | C38: 1 | D38: Monthly | E38: =F38/C38 -> 0 | F38: =$F$36*0.09 -> 0
B39: High Dusting/Cleaning | C39: 1 | D39: Each | E39: =F39/C39 -> 0 | F39: =$F$36*0.09 -> 0
B40: Clean Light Fixtures | C40: 1 | D40: Each | E40: =F40/C40 -> 0 | F40: =$F$36*0.09 -> 0
B41: Exterior Glass Surfaces | C41: 1 | D41: Monthly | E41: =F41/C41 -> 0 | F41: =$F$36*0.09 -> 0
B42: Interior Glass Surfaces | C42: 1 | D42: Monthly | E42: =F42/C42 -> 0 | F42: =$F$36*0.09 -> 0
B43: Clean HVAC Return, Diffuser and Grilles | C43: 4 | D43: Each | E43: =F43/C43 -> 0 | F43: =F36*0.15 -> 0
B44: De-Scale Toilet bowls and Urinals | C44: 1 | D44: Monthly | E44: =F44/C44 -> 0 | F44: =F36*0.09 -> 0
A45: Other Services | C45: 1500 | F45: =F21*1.05 -> 0
B46: Re-Lamping (estimated 10 bulbs per year) | C46: 10 | D46: Each | E46: =F46/C46 -> 0 | F46: =F45*0.6 -> 0
B47: Change HVAC Filters | C47: 1 | D47: Monthly | E47: =F47/C47 -> 0 | F47: =F45*0.1 -> 0
B48: Pest Control | C48: 2 | D48: Each | E48: =F48/C48 -> 0 | F48: =F45*0.3 -> 0
B49: CONTRACT MANPOWER REPORTING | C49: 2 | D49: Each | E49: =F49/C49 -> 0 | F49: 0
A50: Option Year 1 Total: | F50: =F30+F36+F45 -> 0
A52: 2001 Option 2 Period of Performance: 12 months following option 1
A53: ITEM | B53: DESCRIPTION | C53: QUANTITY | D53: UNIT | E53: UNIT PRICE | F53: AMOUNT
A54: Base Services | C54: 1500 | D54: SF | F54: =F30*1.05 -> 0
B55: Floor Maintenance (Vacuum & Sweep/Mop) | C55: 2 | D55: Weekly | E55: =F55/C55 -> 0 | F55: =$F$54*0.2 -> 0
B56: Trash Removal | C56: 2 | D56: Weekly | E56: =F56/C56 -> 0 | F56: =$F$54*0.2 -> 0
B57: Drinking Fountains | C57: 2 | D57: Weekly | E57: =F57/C57 -> 0 | F57: =$F$54*0.2 -> 0
B58: Spot Cleaning Windows | C58: 2 | D58: Weekly | E58: =F58/C58 -> 0 | F58: =$F$54*0.2 -> 0
B59: Restroom Services | C59: 2 | D59: Weekly | E59: =F59/C59 -> 0 | F59: =$F$54*0.2 -> 0
A60: Periodic Services | C60: 1500 | D60: SF | F60: =F36*1.05 -> 0
B61: Professional Ceramic and Tile Floor Cleaning | C61: 2 | D61: Each | E61: =F61/C61 -> 0 | F61: =F60*0.31 -> 0
B62: Dusting | C62: 1 | D62: Monthly | E62: =F62/C62 -> 0 | F62: =$F$60*0.09 -> 0
B63: High Dusting/Cleaning | C63: 1 | D63: Each | E63: =F63/C63 -> 0 | F63: =$F$60*0.09 -> 0
B64: Clean Light Fixtures | C64: 1 | D64: Each | E64: =F64/C64 -> 0 | F64: =$F$60*0.09 -> 0
B65: Exterior Glass Surfaces | C65: 1 | D65: Monthly | E65: =F65/C65 -> 0 | F65: =$F$60*0.09 -> 0
B66: Interior Glass Surfaces | C66: 1 | D66: Monthly | E66: =F66/C66 -> 0 | F66: =$F$60*0.09 -> 0
B67: Clean HVAC Return, Diffuser and Grilles | C67: 4 | D67: Each | E67: =F67/C67 -> 0 | F67: =F60*0.15 -> 0
B68: De-Scale Toilet bowls and Urinals | C68: 1 | D68: Monthly | E68: =F68/C68 -> 0 | F68: =F60*0.09 -> 0
A69: Other Services | C69: 1500 | F69: =F45*1.05 -> 0
B70: Re-Lamping (estimated 10 bulbs per year) | C70: 10 | D70: Each | E70: =F70/C70 -> 0 | F70: =F69*0.6 -> 0
B71: Change HVAC Filters | C71: 1 | D71: Monthly | E71: =F71/C71 -> 0 | F71: =F69*0.1 -> 0
B72: Pest Control | C72: 2 | D72: Each | E72: =F72/C72 -> 0 | F72: =F69*0.3 -> 0
B73: CONTRACT MANPOWER REPORTING | C73: 2 | D73: Each | E73: =F73/C73 -> 0 | F73: 0
A74: Option Year 2 Total: | F74: =F54+F60+F69 -> 0
A76: 3001 Option 3 Period of Performance: 12 months following option 2
A77: ITEM | B77: DESCRIPTION | C77: QUANTITY | D77: UNIT | E77: UNIT PRICE | F77: AMOUNT
A78: Base Services | C78: 1500 | D78: SF | F78: =F54*1.05 -> 0
B79: Floor Maintenance (Vacuum & Sweep/Mop) | C79: 2 | D79: Weekly | E79: =F79/C79 -> 0 | F79: =$F$78*0.2 -> 0
B80: Trash Removal | C80: 2 | D80: Weekly | E80: =F80/C80 -> 0 | F80: =$F$78*0.2 -> 0
B81: Drinking Fountains | C81: 2 | D81: Weekly | E81: =F81/C81 -> 0 | F81: =$F$78*0.2 -> 0
B82: Spot Cleaning Windows | C82: 2 | D82: Weekly | E82: =F82/C82 -> 0 | F82: =$F$78*0.2 -> 0
B83: Restroom Services | C83: 2 | D83: Weekly | E83: =F83/C83 -> 0 | F83: =$F$78*0.2 -> 0
A84: Periodic Services | C84: 1500 | D84: SF | F84: =F60*1.05 -> 0
B85: Professional Ceramic and Tile Floor Cleaning | C85: 2 | D85: Each | E85: =F85/C85 -> 0 | F85: =F84*0.31 -> 0
B86: Dusting | C86: 1 | D86: Monthly | E86: =F86/C86 -> 0 | F86: =$F$84*0.09 -> 0
B87: High Dusting/Cleaning | C87: 1 | D87: Each | E87: =F87/C87 -> 0 | F87: =$F$84*0.09 -> 0
B88: Clean Light Fixtures | C88: 1 | D88: Each | E88: =F88/C88 -> 0 | F88: =$F$84*0.09 -> 0
B89: Exterior Glass Surfaces | C89: 1 | D89: Monthly | E89: =F89/C89 -> 0 | F89: =$F$84*0.09 -> 0
B90: Interior Glass Surfaces | C90: 1 | D90: Monthly | E90: =F90/C90 -> 0 | F90: =$F$84*0.09 -> 0
B91: Clean HVAC Return, Diffuser and Grilles | C91: 4 | D91: Each | E91: =F91/C91 -> 0 | F91: =F84*0.15 -> 0
B92: De-Scale Toilet bowls and Urinals | C92: 1 | D92: Monthly | E92: =F92/C92 -> 0 | F92: =F84*0.09 -> 0
A93: Other Services | C93: 1500 | F93: =F69*1.05 -> 0
B94: Re-Lamping (estimated 10 bulbs per year) | C94: 10 | D94: Each | E94: =F94/C94 -> 0 | F94: =F93*0.6 -> 0
B95: Change HVAC Filters | C95: 1 | D95: Monthly | E95: =F95/C95 -> 0 | F95: =F93*0.1 -> 0
B96: Pest Control | C96: 2 | D96: Each | E96: =F96/C96 -> 0 | F96: =F93*0.3 -> 0
B97: CONTRACT MANPOWER REPORTING | C97: 2 | D97: Each | E97: =F97/C97 -> 0 | F97: 0
A98: Option Year 3 Total: | F98: =F78+F84+F93 -> 0
A100: 4001 Option 4 Period of Performance: 12 months following option 3
A101: ITEM | B101: DESCRIPTION | C101: QUANTITY | D101: UNIT | E101: UNIT PRICE | F101: AMOUNT
A102: Base Services | C102: 1500 | D102: SF | F102: =F78*1.05 -> 0
B103: Floor Maintenance (Vacuum & Sweep/Mop) | C103: 2 | D103: Weekly | E103: =F103/C103 -> 0 | F103: =$F$102*0.2 -> 0
B104: Trash Removal | C104: 2 | D104: Weekly | E104: =F104/C104 -> 0 | F104: =$F$102*0.2 -> 0
...
