Workbook

Sheet Summary
A1: Proposal Price Worksheet | B1: Date:
B2: Fill Here
A3: Company
A4: Fill Here
D5: Please refer to the combined synopsis/solicitation for more information on Price Evaluation.
A7: Title
A8: Motorcycle Safety Training
A9: Location
A10: Cannon AFB, NM
A12: Description | B12: Total Price
A13: Base Year | B13: =Base!F7 -> 0
A14: Option Year 1 | B14: ='OY1'!F7 -> 0
A15: Option Year 2 | B15: ='OY2'!F7 -> 0
A16: Option Year 3 | B16: ='OY3'!F7 -> 0
A17: Option Year 4 | B17: ='OY4'!F7 -> 0
A18: Total Price | B18: =SUM(B13:B17) -> 0

Sheet Base
A1: Base Year Pricing
A3: CLIN | B3: Description | C3: Unit of Measure | D3: Estimated Quantity | E3: Unit Price | F3: Extended Price
A4: 0001 | B4: Basic Rider Course eP1x11 | C4: Ea | D4: 30 | E4: 0 | F4: =D4*E4 -> 0
A5: 0002 | B5: Basic RiderCourse2 (BRC2) – Skills Practice | C5: Ea | D5: 40 | E5: 0 | F5: =D5*E5 -> 0
A6: 0003 | B6: Advance RiderCourse (ARC) – Skills Practice | C6: Ea | D6: 40 | E6: 0 | F6: =D6*E6 -> 0
E7: Base Year Total | F7: =SUM(F4:F6) -> 0

Sheet OY1
A1: Option Year 1 Pricing
A3: CLIN | B3: Description | C3: Unit of Measure | D3: Estimated Quantity | E3: Unit Price | F3: Extended Price
A4: 1001 | B4: Basic Rider Course eP1x11 | C4: Ea | D4: 30 | E4: 0 | F4: =D4*E4 -> 0
A5: 1002 | B5: Basic RiderCourse2 (BRC2) – Skills Practice | C5: Ea | D5: 40 | E5: 0 | F5: =D5*E5 -> 0
A6: 1003 | B6: Advance RiderCourse (ARC) – Skills Practice | C6: Ea | D6: 40 | E6: 0 | F6: =D6*E6 -> 0
E7: OY 1 Total | F7: =SUM(F4:F6) -> 0

Sheet OY2
A1: Option Year 2 Pricing
A3: CLIN | B3: Description | C3: Unit of Measure | D3: Estimated Quantity | E3: Unit Price | F3: Extended Price
A4: 2001 | B4: Basic Rider Course eP1x11 | C4: Ea | D4: 30 | E4: 0 | F4: =D4*E4 -> 0
A5: 2002 | B5: Basic RiderCourse2 (BRC2) – Skills Practice | C5: Ea | D5: 40 | E5: 0 | F5: =D5*E5 -> 0
A6: 2003 | B6: Advance RiderCourse (ARC) – Skills Practice | C6: Ea | D6: 40 | E6: 0 | F6: =D6*E6 -> 0
E7: OY 2 Total | F7: =SUM(F4:F6) -> 0

Sheet OY3
A1: Option Year 3 Pricing
A3: CLIN | B3: Description | C3: Unit of Measure | D3: Estimated Quantity | E3: Unit Price | F3: Extended Price
A4: 3001 | B4: Basic Rider Course eP1x11 | C4: Ea | D4: 30 | E4: 0 | F4: =D4*E4 -> 0
A5: 3002 | B5: Basic RiderCourse2 (BRC2) – Skills Practice | C5: Ea | D5: 40 | E5: 0 | F5: =D5*E5 -> 0
A6: 3003 | B6: Advance RiderCourse (ARC) – Skills Practice | C6: Ea | D6: 40 | E6: 0 | F6: =D6*E6 -> 0
E7: OY 3 Total | F7: =SUM(F4:F6) -> 0

Sheet OY4
A1: Option Year 4 Pricing
A3: CLIN | B3: Description | C3: Unit of Measure | D3: Estimated Quantity | E3: Unit Price | F3: Extended Price
A4: 4001 | B4: Basic Rider Course eP1x11 | C4: Ea | D4: 30 | E4: 0 | F4: =D4*E4 -> 0
A5: 4002 | B5: Basic RiderCourse2 (BRC2) – Skills Practice | C5: Ea | D5: 40 | E5: 0 | F5: =D5*E5 -> 0
A6: 4003 | B6: Advance RiderCourse (ARC) – Skills Practice | C6: Ea | D6: 40 | E6: 0 | F6: =D6*E6 -> 0
E7: OY 4 Total | F7: =SUM(F4:F6) -> 0

Sheet Dash_8
A1: "Option to Extend Services" IAW FAR 52.212-8 Pricing
A3: CLIN | B3: Description | C3: Unit of Measure | D3: Estimated Quantity | E3: Unit Price | F3: Extended Price
A4: 5001 | B4: Basic Rider Course eP1x11 | D4: 30 | E4: 0 | F4: =D4*E4 -> 0
A5: 5002 | B5: Basic RiderCourse2 (BRC2) – Skills Practice | D5: 40 | E5: 0 | F5: =D5*E5 -> 0
A6: 5003 | B6: Advance RiderCourse (ARC) – Skills Practice | D6: 40 | E6: 0 | F6: =D6*E6 -> 0
E7: Extension of Services Total | F7: =SUM(F4:F6) -> 0
