Workbook

Sheet Summary
B1: Period of Performance | C1: Hours | F1: Total CLINS
B2: Oct 1 -Sep 30 | C2: Total | D2: FFP Labor CLINS | E2: CR Travel CLINS | F2: FFP & CR
A3: Base Year | B3: 2026 - 2027 | C3: ='Base Year'!C11 -> 0 | D3: ='Base Year'!F16 -> 0 | E3: ='Base Year'!F17 -> 0 | F3: =SUM(D3:E3) -> 0
A4: Option Year 1 | B4: 2027 - 2028 | C4: ='Option 1'!$C$11 -> 0 | D4: ='Option 1'!$F$16 -> 0 | E4: ='Option 1'!$F$17 -> 0 | F4: =SUM(D4:E4) -> 0
A5: Option Year 2 | B5: 2028 - 2029 | C5: ='Option 2'!$C$11 -> 0 | D5: ='Option 2'!$F$16 -> 0 | E5: ='Option 2'!$F$17 -> 0 | F5: =SUM(D5:E5) -> 0
A6: Option Year 3 | B6: 2029 - 2030 | C6: ='Option 3'!$C$11 -> 0 | D6: ='Option 3'!$F$16 -> 0 | E6: ='Option 3'!$F$17 -> 0 | F6: =SUM(D6:E6) -> 0
A7: Option Year 4 | B7: 2030 - 2031 | C7: ='Option 4'!$C$11 -> 0 | D7: ='Option 4'!$F$16 -> 0 | E7: ='Option 4'!$F$17 -> 0 | F7: =SUM(D7:E7) -> 0
A8: TOTAL FFP Price | D8: =SUM(D3:D7) -> 0 | E8: =SUM(E3:E7) -> 0 | F8: =SUM(D8:E8) -> 0
A10: Fringe | B10: ='Base Year'!E2 -> 0
A11: Overhead | B11: ='Base Year'!F2 -> 0
A12: G&A Onsite | B12: ='Base Year'!G2 -> 0
A13: Fee | B13: ='Base Year'!I2 -> 0
A14: Escalation Year | C14: OY1 | D14: OY2 | E14: OY3 | F14: OY4
A15: Escalation Labor | C15: 0 | D15: 0 | E15: 0 | F15: 0
A16: Offeror is responsible for accuracy of all formulas in its submission

Sheet Base Year
A1: Labor Category | B1: FTE | C1: Labor Hours | D1: Labor Rate | E1: Fringe | F1: OH | G1: G&A | H1: Burdened Rate | I1: Fee | J1: Extended
E2: 0 | F2: 0 | G2: 0 | I2: 0
A3: Senior Financial Analyst III (Project Manager) (KEY) | B3: 1 | D3: 0 | E3: =D3*$E$2 -> 0 | F3: =(D3+E3)*$F$2 -> 0 | G3: =(D3+E3+F3)*$G$2 -> 0 | H3: =D3+E3+F3+G3 -> 0 | I3: =(C3*H3)*$I$2 -> 0 | J3: =(C3*H3)+I3 -> 0
A4: Financial Analyst III (Accounting Analyst) (KEY) | B4: 2 | D4: 0 | E4: =D4*$E$2 -> 0 | F4: =(D4+E4)*$F$2 -> 0 | G4: =(D4+E4+F4)*$G$2 -> 0 | H4: =D4+E4+F4+G4 -> 0 | I4: =(C4*H4)*$I$2 -> 0 | J4: =(C4*H4)+I4 -> 0
A5: Financial Analyst III | B5: 2 | D5: 0 | E5: =D5*$E$2 -> 0 | F5: =(D5+E5)*$F$2 -> 0 | G5: =(D5+E5+F5)*$G$2 -> 0 | H5: =D5+E5+F5+G5 -> 0 | I5: =(C5*H5)*$I$2 -> 0 | J5: =(C5*H5)+I5 -> 0
A6: Financial Analyst II | B6: 2 | D6: 0 | E6: =D6*$E$2 -> 0 | F6: =(D6+E6)*$F$2 -> 0 | G6: =(D6+E6+F6)*$G$2 -> 0 | H6: =D6+E6+F6+G6 -> 0 | I6: =(C6*H6)*$I$2 -> 0 | J6: =(C6*H6)+I6 -> 0
J8: =SUM(J3:J7) -> 0
A9: Other Direct Cost (Travel) | J9: 0
A11: Subtotals | B11: =SUM(B3:B7) -> 7 | C11: =SUM(C3:C7) -> 0 | I11: Total | J11: =SUM(J8:J9) -> 0
C15: CLIN | D15: Cost | E15: Fee | F15: Total
B16: Labor | C16: 1000 | D16: =SUM((H5*C5),(H6*C6),(C3*H3),(C4*H4)) -> 0 | E16: =SUM(I3:I6) -> 0 | F16: =SUM(D16:E16) -> 0
B17: Travel | C17: 3000 | D17: =J9 -> 0 | E17: 0 | F17: =SUM(D17:E17) -> 0
D18: =SUM(D16:D17) -> 0 | E18: =SUM(E16:E17) -> 0 | F18: =SUM(F16:F17) -> 0

Sheet Option 1
A1: Labor Category | B1: FTE | C1: Labor Hours | D1: Labor Rate | E1: Fringe | F1: OH | G1: G&A | H1: Burdened Rate | I1: Fee | J1: Extended
E2: 0 | F2: 0 | G2: 0 | I2: 0
A3: Senior Financial Analyst III (Project Manager) (KEY) | B3: 1 | D3: 0 | E3: =D3*$E$2 -> 0 | F3: =(D3+E3)*$F$2 -> 0 | G3: =(D3+E3+F3)*$G$2 -> 0 | H3: =D3+E3+F3+G3 -> 0 | I3: =(C3*H3)*$I$2 -> 0 | J3: =(C3*H3)+I3 -> 0
A4: Financial Analyst III (Accounting Analyst) (KEY) | B4: 2 | D4: 0 | E4: =D4*$E$2 -> 0 | F4: =(D4+E4)*$F$2 -> 0 | G4: =(D4+E4+F4)*$G$2 -> 0 | H4: =D4+E4+F4+G4 -> 0 | I4: =(C4*H4)*$I$2 -> 0 | J4: =(C4*H4)+I4 -> 0
A5: Financial Analyst III | B5: 2 | D5: 0 | E5: =D5*$E$2 -> 0 | F5: =(D5+E5)*$F$2 -> 0 | G5: =(D5+E5+F5)*$G$2 -> 0 | H5: =D5+E5+F5+G5 -> 0 | I5: =(C5*H5)*$I$2 -> 0 | J5: =(C5*H5)+I5 -> 0
A6: Financial Analyst II | B6: 2 | D6: 0 | E6: =D6*$E$2 -> 0 | F6: =(D6+E6)*$F$2 -> 0 | G6: =(D6+E6+F6)*$G$2 -> 0 | H6: =D6+E6+F6+G6 -> 0 | I6: =(C6*H6)*$I$2 -> 0 | J6: =(C6*H6)+I6 -> 0
J8: =SUM(J3:J7) -> 0
A9: Other Direct Cost (Travel) | J9: 0
A11: Subtotals | B11: =SUM(B3:B7) -> 7 | C11: =SUM(C3:C7) -> 0 | I11: Total | J11: =SUM(J8:J9) -> 0
C15: CLIN | D15: Cost | E15: Fee | F15: Total
B16: Labor | C16: 5000 | D16: =SUM((H4*C4),(H5*C5),(H6*C6),(C3*H3)) -> 0 | E16: =SUM(I3:I6) -> 0 | F16: =SUM(D16:E16) -> 0
B17: Travel | C17: 7000 | D17: =J9 -> 0 | E17: 0 | F17: =SUM(D17:E17) -> 0
D18: =SUM(D16:D17) -> 0 | E18: =SUM(E16:E17) -> 0 | F18: =SUM(F16:F17) -> 0

Sheet Option 2
A1: Labor Category | B1: FTE | C1: Labor Hours | D1: Labor Rate | E1: Fringe | F1: OH | G1: G&A | H1: Burdened Rate | I1: Fee | J1: Extended
E2: 0 | F2: 0 | G2: 0 | I2: 0
A3: Senior Financial Analyst III (Project Manager) (KEY) | B3: 1 | D3: 0 | E3: =D3*$E$2 -> 0 | F3: =(D3+E3)*$F$2 -> 0 | G3: =(D3+E3+F3)*$G$2 -> 0 | H3: =D3+E3+F3+G3 -> 0 | I3: =(C3*H3)*$I$2 -> 0 | J3: =(C3*H3)+I3 -> 0
A4: Financial Analyst III (Accounting Analyst) (KEY) | B4: 2 | D4: 0 | E4: =D4*$E$2 -> 0 | F4: =(D4+E4)*$F$2 -> 0 | G4: =(D4+E4+F4)*$G$2 -> 0 | H4: =D4+E4+F4+G4 -> 0 | I4: =(C4*H4)*$I$2 -> 0 | J4: =(C4*H4)+I4 -> 0
A5: Financial Analyst III | B5: 2 | D5: 0 | E5: =D5*$E$2 -> 0 | F5: =(D5+E5)*$F$2 -> 0 | G5: =(D5+E5+F5)*$G$2 -> 0 | H5: =D5+E5+F5+G5 -> 0 | I5: =(C5*H5)*$I$2 -> 0 | J5: =(C5*H5)+I5 -> 0
A6: Financial Analyst II | B6: 2 | D6: 0 | E6: =D6*$E$2 -> 0 | F6: =(D6+E6)*$F$2 -> 0 | G6: =(D6+E6+F6)*$G$2 -> 0 | H6: =D6+E6+F6+G6 -> 0 | I6: =(C6*H6)*$I$2 -> 0 | J6: =(C6*H6)+I6 -> 0
J8: =SUM(J3:J7) -> 0
A9: Other Direct Cost (Travel) | J9: 0
A11: Subtotals | B11: =SUM(B3:B7) -> 7 | C11: =SUM(C3:C7) -> 0 | I11: Total | J11: =SUM(J8:J9) -> 0
C15: CLIN | D15: Cost | E15: Fee | F15: Total
B16: Labor | C16: 5000 | D16: =SUM((H4*C4),(H5*C5),(H6*C6),(C3*H3)) -> 0 | E16: =SUM(I3:I6) -> 0 | F16: =SUM(D16:E16) -> 0
B17: Travel | C17: 7000 | D17: =J9 -> 0 | E17: 0 | F17: =SUM(D17:E17) -> 0
D18: =SUM(D16:D17) -> 0 | E18: =SUM(E16:E17) -> 0 | F18: =SUM(F16:F17) -> 0

Sheet Option 3
A1: Labor Category | B1: FTE | C1: Labor Hours | D1: Labor Rate | E1: Fringe | F1: OH | G1: G&A | H1: Burdened Rate | I1: Fee | J1: Extended
E2: 0 | F2: 0 | G2: 0 | I2: 0
A3: Senior Financial Analyst III (Project Manager) (KEY) | B3: 1 | D3: 0 | E3: =D3*$E$2 -> 0 | F3: =(D3+E3)*$F$2 -> 0 | G3: =(D3+E3+F3)*$G$2 -> 0 | H3: =D3+E3+F3+G3 -> 0 | I3: =(C3*H3)*$I$2 -> 0 | J3: =(C3*H3)+I3 -> 0
A4: Financial Analyst III (Accounting Analyst) (KEY) | B4: 2 | D4: 0 | E4: =D4*$E$2 -> 0 | F4: =(D4+E4)*$F$2 -> 0 | G4: =(D4+E4+F4)*$G$2 -> 0 | H4: =D4+E4+F4+G4 -> 0 | I4: =(C4*H4)*$I$2 -> 0 | J4: =(C4*H4)+I4 -> 0
A5: Financial Analyst III | B5: 2 | D5: 0 | E5: =D5*$E$2 -> 0 | F5: =(D5+E5)*$F$2 -> 0 | G5: =(D5+E5+F5)*$G$2 -> 0 | H5: =D5+E5+F5+G5 -> 0 | I5: =(C5*H5)*$I$2 -> 0 | J5: =(C5*H5)+I5 -> 0
A6: Financial Analyst II | B6: 2 | D6: 0 | E6: =D6*$E$2 -> 0 | F6: =(D6+E6)*$F$2 -> 0 | G6: =(D6+E6+F6)*$G$2 -> 0 | H6: =D6+E6+F6+G6 -> 0 | I6: =(C6*H6)*$I$2 -> 0 | J6: =(C6*H6)+I6 -> 0
J8: =SUM(J3:J7) -> 0
A9: Other Direct Cost (Travel) | J9: 0
A11: Subtotals | B11: =SUM(B3:B7) -> 7 | C11: =SUM(C3:C7) -> 0 | I11: Total | J11: =SUM(J8:J9) -> 0
C15: CLIN | D15: Cost | E15: Fee | F15: Total
B16: Labor | C16: 5000 | D16: =SUM((H4*C4),(H5*C5),(H6*C6),(C3*H3)) -> 0 | E16: =SUM(I3:I6) -> 0 | F16: =SUM(D16:E16) -> 0
B17: Travel | C17: 7000 | D17: =J9 -> 0 | E17: 0 | F17: =SUM(D17:E17) -> 0
D18: =SUM(D16:D17) -> 0 | E18: =SUM(E16:E17) -> 0 | F18: =SUM(F16:F17) -> 0

Sheet Option 4
A1: Labor Category | B1: FTE | C1: Labor Hours | D1: Labor Rate | E1: Fringe | F1: OH | G1: G&A | H1: Burdened Rate | I1: Fee | J1: Extended
E2: 0 | F2: 0 | G2: 0 | I2: 0
A3: Senior Financial Analyst III (Project Manager) (KEY) | B3: 1 | D3: 0 | E3: =D3*$E$2 -> 0 | F3: =(D3+E3)*$F$2 -> 0 | G3: =(D3+E3+F3)*$G$2 -> 0 | H3: =D3+E3+F3+G3 -> 0 | I3: =(C3*H3)*$I$2 -> 0 | J3: =(C3*H3)+I3 -> 0
A4: Financial Analyst III (Accounting Analyst) (KEY) | B4: 2 | D4: 0 | E4: =D4*$E$2 -> 0 | F4: =(D4+E4)*$F$2 -> 0 | G4: =(D4+E4+F4)*$G$2 -> 0 | H4: =D4+E4+F4+G4 -> 0 | I4: =(C4*H4)*$I$2 -> 0 | J4: =(C4*H4)+I4 -> 0
A5: Financial Analyst III | B5: 2 | D5: 0 | E5: =D5*$E$2 -> 0 | F5: =(D5+E5)*$F$2 -> 0 | G5: =(D5+E5+F5)*$G$2 -> 0 | H5: =D5+E5+F5+G5 -> 0 | I5: =(C5*H5)*$I$2 -> 0 | J5: =(C5*H5)+I5 -> 0
A6: Financial Analyst II | B6: 2 | D6: 0 | E6: =D6*$E$2 -> 0 | F6: =(D6+E6)*$F$2 -> 0 | G6: =(D6+E6+F6)*$G$2 -> 0 | H6: =D6+E6+F6+G6 -> 0 | I6: =(C6*H6)*$I$2 -> 0 | J6: =(C6*H6)+I6 -> 0
J8: =SUM(J3:J7) -> 0
A9: Other Direct Cost (Travel) | J9: 0
A11: Subtotals | B11: =SUM(B3:B7) -> 7 | C11: =SUM(C3:C7) -> 0 | I11: Total | J11: =SUM(J8:J9) -> 0
C15: CLIN | D15: Cost | E15: Fee | F15: Total
B16: Labor | C16: 5000 | D16: =SUM((H4*C4),(H5*C5),(H6*C6),(C3*H3)) -> 0 | E16: =SUM(I3:I6) -> 0 | F16: =SUM(D16:E16) -> 0
B17: Travel | C17: 7000 | D17: =J9 -> 0 | E17: 0 | F17: =SUM(D17:E17) -> 0
D18: =SUM(D16:D17) -> 0 | E18: =SUM(E16:E17) -> 0 | F18: =SUM(F16:F17) -> 0

Sheet Far 52.217-8 6-Month Extension
A1: Labor Category | B1: FTE | C1: Labor Hours | D1: Labor Rate | E1: Fringe | F1: OH | G1: G&A | H1: Burdened Rate | I1: Fee | J1: Extended
E2: 0 | F2: 0 | G2: 0 | I2: 0
A3: Senior Financial Analyst III (Project Manager) (KEY) | B3: 1 | C3: ='Option 4'!C3/2 -> 0 | D3: ='Option 4'!D3 -> 0 | E3: =D3*$E$2 -> 0 | F3: =(D3+E3)*$F$2 -> 0 | G3: =(D3+E3+F3)*$G$2 -> 0 | H3: =D3+E3+F3+G3 -> 0 | I3: =(C3*H3)*$I$2 -> 0 | J3: =(C3*H3)+I3 -> 0
A4: Financial Analyst III (Accounting Analyst) (KEY) | B4: 2 | C4: ='Option 4'!C4/2 -> 0 | D4: ='Option 4'!D4 -> 0 | E4: =D4*$E$2 -> 0 | F4: =(D4+E4)*$F$2 -> 0 | G4: =(D4+E4+F4)*$G$2 -> 0 | H4: =D4+E4+F4+G4 -> 0 | I4: =(C4*H4)*$I$2 -> 0 | J4: =(C4*H4)+I4 -> 0
A5: Financial Analyst III | B5: 2 | C5: ='Option 4'!C5/2 -> 0 | D5: ='Option 4'!D5 -> 0 | E5: =D5*$E$2 -> 0 | F5: =(D5+E5)*$F$2 -> 0 | G5: =(D5+E5+F5)*$G$2 -> 0 | H5: =D5+E5+F5+G5 -> 0 | I5: =(C5*H5)*$I$2 -> 0 | J5: =(C5*H5)+I5 -> 0
A6: Financial Analyst II | B6: 2 | C6: ='Option 4'!C6/2 -> 0 | D6: ='Option 4'!D6 -> 0 | E6: =D6*$E$2 -> 0 | F6: =(D6+E6)*$F$2 -> 0 | G6: =(D6+E6+F6)*$G$2 -> 0 | H6: =D6+E6+F6+G6 -> 0 | I6: =(C6*H6)*$I$2 -> 0 | J6: =(C6*H6)+I6 -> 0
J8: =SUM(J3:J7) -> 0
A9: Other Direct Cost (Travel) | J9: 0
A11: Subtotals | B11: =SUM(B3:B7) -> 7 | C11: =SUM(C3:C7) -> 0 | I11: Total | J11: =SUM(J8:J9) -> 0
C15: CLIN | D15: Cost | E15: Fee | F15: Total
B16: Labor | C16: 5000 | D16: =SUM((H4*C4),(H5*C5),(H6*C6),(C3*H3)) -> 0 | E16: =SUM(I3:I6) -> 0 | F16: =SUM(D16:E16) -> 0
B17: Travel | C17: 7000 | D17: =J9 -> 0 | E17: 0 | F17: =SUM(D17:E17) -> 0
D18: =SUM(D16:D17) -> 0 | E18: =SUM(E16:E17) -> 0 | F18: =SUM(F16:F17) -> 0
