Workbook
Name A4AV5percent: #REF!
Name Kanto10percent: #REF!
Name Kanto23percent: #REF!
Name KantoAV5percent: #REF!
Name KantoAverage: #REF!
Name KantoU: #REF!
Name U412percent: #REF!
Name U423percent: #REF!
Name U4average: #REF!
Name Upper4: #REF!

Sheet Sheet1
A1: GT | B1: =SUM(B2,B3) -> 8411
A2: Point | B2: 6811
A3: Distance | B3: 1600 | E3: 0.045
A4: Ammo | B4: 543 | C4: 29 | D4: 0.064
A5: Dangerous | C5: 228 | D5: 0.027
A6: Sensitive | C6: 119 | D6: 0.018
A7: Hazard | C7: 106 | D7: 0.018
A8: sen/hazard | C8: 61
A11: G4
A12: Cancel | B12: 5000 | D12: Demurrage | E12: 25
A13: same day | B13: 32 | D13: winter | E13: 14
D14: Midnight | E14: 5
A16: Reefer | B16: 2540
A19: OSOW | B19: 970 | C19: 181
A20: SGDYND | B20: 20 | C20: 18 | D20: 14 | E20: =SUM(C20:D20) -> 32
B21: 30 | C21: 18 | D21: 25 | E21: =SUM(C21:D21) -> 43
B22: 36 | C22: 14 | D22: 9 | E22: =SUM(C22:D22) -> 23
E23: =SUM(E20:E22) -> 98
A25: SGDFuji | C25: 20 | D25: 24 | E25: =SUM(C25:D25) -> 44
C26: 11 | E26: =SUM(C26:D26) -> 11
C27: 16 | D27: 11 | E27: =SUM(C27:D27) -> 27
A31: Forklift | B31: 100 | C31: 91
A32: 7 | C32: 38
A33: Crane | B33: 80 | C33: 68
A34: 25 | C34: 55
A35: 50 | C35: 13

Sheet A. General
A1: EXHIBIT AA: GENERAL TRUCKING FAMILY PRICING SCHEDULE (BASE YEAR 0001) | N1: EXHIBIT AB: GENERAL TRUCKING FAMILY PRICING SCHEDULE (BASE YEAR 1001) | AA1: EXHIBIT AC: GENERAL TRUCKING FAMILY PRICING SCHEDULE (BASE YEAR 2001) | AN1: EXHIBIT AD: GENERAL TRUCKING FAMILY PRICING SCHEDULE (BASE YEAR 3001) | BA1: EXHIBIT AE: GENERAL TRUCKING FAMILY PRICING SCHEDULE (BASE YEAR 4001)
A2: POINT-TO-POINT ROUTES (IAW PWS 3.4.1.): All listed unit prices shall be one-way rates per truckload of general freight. If proposing under the Mainland portion of the General Trucking family, offerors shall provide proposed unit prices for all listed Items. | N2: POINT-TO-POINT ROUTES (IAW PWS 3.4.1.): All listed unit prices shall be one-way rates per truckload of general freight. If proposing under the Mainland portion of the General Trucking family, offerors shall provide proposed unit prices for all listed Items. | AA2: POINT-TO-POINT ROUTES (IAW PWS 3.4.1.): All listed unit prices shall be one-way rates per truckload of general freight. If proposing under the Mainland portion of the General Trucking family, offerors shall provide proposed unit prices for all listed Items. | AN2: POINT-TO-POINT ROUTES (IAW PWS 3.4.1.): All listed unit prices shall be one-way rates per truckload of general freight. If proposing under the Mainland portion of the General Trucking family, offerors shall provide proposed unit prices for all listed Items. | BA2: POINT-TO-POINT ROUTES (IAW PWS 3.4.1.): All listed unit prices shall be one-way rates per truckload of general freight. If proposing under the Mainland portion of the General Trucking family, offerors shall provide proposed unit prices for all listed Items.
A3: Item No. | B3: Description | H3: Est. Qty | I3: Unit | K3: Unit Price | M3: Est. Total | N3: Item No. | O3: Description | U3: Est. Qty | V3: Unit | X3: Unit Price | Z3: Est. Total | AA3: Item No. | AB3: Description | AH3: Est. Qty | AI3: Unit | AK3: Unit Price | AM3: Est. Total | AN3: Item No. | AO3: Description | AU3: Est. Qty | AV3: Unit | AX3: Unit Price | AZ3: Est. Total | BA3: Item No. | BB3: Description | BH3: Est. Qty | BI3: Unit | BK3: Unit Price | BM3: Est. Total
B4: Between | C4: Sagami General Depot | O4: Between | P4: Sagami General Depot | AB4: Between | AC4: Sagami General Depot | AO4: Between | AP4: Sagami General Depot | BB4: Between | BC4: Sagami General Depot
B5: and | C5: US Fleet Activities, Yokosuka (52km) | O5: and | P5: US Fleet Activities, Yokosuka (52km) | AB5: and | AC5: US Fleet Activities, Yokosuka (52km) | AO5: and | AP5: US Fleet Activities, Yokosuka (52km) | BB5: and | BC5: US Fleet Activities, Yokosuka (52km)
A6: AA01 | C6: Medium/Large Truck | H6: 959 | I6: EA | J6: ¥ | L6: ¥ | M6: =H6*K6 -> 0 | N6: AB01 | P6: Medium/Large Truck | U6: 959 | V6: EA | W6: ¥ | Y6: ¥ | Z6: =U6*X6 -> 0 | AA6: AC01 | AC6: Medium/Large Truck | AH6: 959 | AI6: EA | AJ6: ¥ | AL6: ¥ | AM6: =AH6*AK6 -> 0 | AN6: AD01 | AP6: Medium/Large Truck | AU6: 959 | AV6: EA | AW6: ¥ | AY6: ¥ | AZ6: =AU6*AX6 -> 0 | BA6: AE01 | BC6: Medium/Large Truck | BH6: 959 | BI6: EA | BJ6: ¥ | BL6: ¥ | BM6: =BH6*BK6 -> 0
B7: Between | C7: Sagami General Depot | O7: Between | P7: Sagami General Depot | AB7: Between | AC7: Sagami General Depot | AO7: Between | AP7: Sagami General Depot | BB7: Between | BC7: Sagami General Depot
B8: and | C8: Yokota Air Base (24km) | O8: and | P8: Yokota Air Base (24km) | AB8: and | AC8: Yokota Air Base (24km) | AO8: and | AP8: Yokota Air Base (24km) | BB8: and | BC8: Yokota Air Base (24km)
A9: AA02 | C9: Medium/Large Truck | H9: 818 | I9: EA | J9: ¥ | L9: ¥ | M9: =H9*K9 -> 0 | N9: AB02 | P9: Medium/Large Truck | U9: 818 | V9: EA | W9: ¥ | Y9: ¥ | Z9: =U9*X9 -> 0 | AA9: AC02 | AC9: Medium/Large Truck | AH9: 818 | AI9: EA | AJ9: ¥ | AL9: ¥ | AM9: =AH9*AK9 -> 0 | AN9: AD02 | AP9: Medium/Large Truck | AU9: 818 | AV9: EA | AW9: ¥ | AY9: ¥ | AZ9: =AU9*AX9 -> 0 | BA9: AE02 | BC9: Medium/Large Truck | BH9: 818 | BI9: EA | BJ9: ¥ | BL9: ¥ | BM9: =BH9*BK9 -> 0
B10: Between | C10: Sagami General Depot | O10: Between | P10: Sagami General Depot | AB10: Between | AC10: Sagami General Depot | AO10: Between | AP10: Sagami General Depot | BB10: Between | BC10: Sagami General Depot
B11: and | C11: USN Air Facility, Atsugi (20km) | O11: and | P11: USN Air Facility, Atsugi (20km) | AB11: and | AC11: USN Air Facility, Atsugi (20km) | AO11: and | AP11: USN Air Facility, Atsugi (20km) | BB11: and | BC11: USN Air Facility, Atsugi (20km)
A12: AA03 | C12: Medium/Large Truck | H12: 348 | I12: EA | J12: ¥ | L12: ¥ | M12: =H12*K12 -> 0 | N12: AB03 | P12: Medium/Large Truck | U12: 348 | V12: EA | W12: ¥ | Y12: ¥ | Z12: =U12*X12 -> 0 | AA12: AC03 | AC12: Medium/Large Truck | AH12: 348 | AI12: EA | AJ12: ¥ | AL12: ¥ | AM12: =AH12*AK12 -> 0 | AN12: AD03 | AP12: Medium/Large Truck | AU12: 348 | AV12: EA | AW12: ¥ | AY12: ¥ | AZ12: =AU12*AX12 -> 0 | BA12: AE03 | BC12: Medium/Large Truck | BH12: 348 | BI12: EA | BJ12: ¥ | BL12: ¥ | BM12: =BH12*BK12 -> 0
B13: Between | C13: Sagami General Depot | O13: Between | P13: Sagami General Depot | AB13: Between | AC13: Sagami General Depot | AO13: Between | AP13: Sagami General Depot | BB13: Between | BC13: Sagami General Depot
B14: and | C14: Sagamihara Family Housing Area or Camp Zama, or Camp Zama via Sagamihara Housing Area or vice versa (10km/12km/15km/17km) | O14: and | P14: Sagamihara Family Housing Area or Camp Zama, or Camp Zama via Sagamihara Housing Area or vice versa (10km/12km/15km/17km) | AB14: and | AC14: Sagamihara Family Housing Area or Camp Zama, or Camp Zama via Sagamihara Housing Area or vice versa (10km/12km/15km/17km) | AO14: and | AP14: Sagamihara Family Housing Area or Camp Zama, or Camp Zama via Sagamihara Housing Area or vice versa (10km/12km/15km/17km) | BB14: and | BC14: Sagamihara Family Housing Area or Camp Zama, or Camp Zama via Sagamihara Housing Area or vice versa (10km/12km/15km/17km)
A15: AA04 | C15: Medium/Large Truck | H15: 294 | I15: EA | J15: ¥ | L15: ¥ | M15: =H15*K15 -> 0 | N15: AB04 | P15: Medium/Large Truck | U15: 294 | V15: EA | W15: ¥ | Y15: ¥ | Z15: =U15*X15 -> 0 | AA15: AC04 | AC15: Medium/Large Truck | AH15: 294 | AI15: EA | AJ15: ¥ | AL15: ¥ | AM15: =AH15*AK15 -> 0 | AN15: AD04 | AP15: Medium/Large Truck | AU15: 294 | AV15: EA | AW15: ¥ | AY15: ¥ | AZ15: =AU15*AX15 -> 0 | BA15: AE04 | BC15: Medium/Large Truck | BH15: 294 | BI15: EA | BJ15: ¥ | BL15: ¥ | BM15: =BH15*BK15 -> 0
B16: Between | C16: Sagami General Depot | O16: Between | P16: Sagami General Depot | AB16: Between | AC16: Sagami General Depot | AO16: Between | AP16: Sagami General Depot | BB16: Between | BC16: Sagami General Depot
B17: and | C17: USMC Air Station, Iwakuni (830km) | O17: and | P17: USMC Air Station, Iwakuni (830km) | AB17: and | AC17: USMC Air Station, Iwakuni (830km) | AO17: and | AP17: USMC Air Station, Iwakuni (830km) | BB17: and | BC17: USMC Air Station, Iwakuni (830km)
A18: AA05 | C18: Medium/Large Truck | H18: 27 | I18: EA | J18: ¥ | L18: ¥ | M18: =H18*K18 -> 0 | N18: AB05 | P18: Medium/Large Truck | U18: 27 | V18: EA | W18: ¥ | Y18: ¥ | Z18: =U18*X18 -> 0 | AA18: AC05 | AC18: Medium/Large Truck | AH18: 27 | AI18: EA | AJ18: ¥ | AL18: ¥ | AM18: =AH18*AK18 -> 0 | AN18: AD05 | AP18: Medium/Large Truck | AU18: 27 | AV18: EA | AW18: ¥ | AY18: ¥ | AZ18: =AU18*AX18 -> 0 | BA18: AE05 | BC18: Medium/Large Truck | BH18: 27 | BI18: EA | BJ18: ¥ | BL18: ¥ | BM18: =BH18*BK18 -> 0
B19: Between | C19: US Fleet Activities, Yokosuka | O19: Between | P19: US Fleet Activities, Yokosuka | AB19: Between | AC19: US Fleet Activities, Yokosuka | AO19: Between | AP19: US Fleet Activities, Yokosuka | BB19: Between | BC19: US Fleet Activities, Yokosuka
B20: and | C20: USN Air Facility, Atsugi (38km) | O20: and | P20: USN Air Facility, Atsugi (38km) | AB20: and | AC20: USN Air Facility, Atsugi (38km) | AO20: and | AP20: USN Air Facility, Atsugi (38km) | BB20: and | BC20: USN Air Facility, Atsugi (38km)
A21: AA06 | C21: Medium/Large Truck | H21: 358 | I21: EA | J21: ¥ | L21: ¥ | M21: =H21*K21 -> 0 | N21: AB06 | P21: Medium/Large Truck | U21: 358 | V21: EA | W21: ¥ | Y21: ¥ | Z21: =U21*X21 -> 0 | AA21: AC06 | AC21: Medium/Large Truck | AH21: 358 | AI21: EA | AJ21: ¥ | AL21: ¥ | AM21: =AH21*AK21 -> 0 | AN21: AD06 | AP21: Medium/Large Truck | AU21: 358 | AV21: EA | AW21: ¥ | AY21: ¥ | AZ21: =AU21*AX21 -> 0 | BA21: AE06 | BC21: Medium/Large Truck | BH21: 358 | BI21: EA | BJ21: ¥ | BL21: ¥ | BM21: =BH21*BK21 -> 0
B22: Between | C22: US Fleet Activities, Yokosuka or USN Air Facility, Atsugi | O22: Between | P22: US Fleet Activities, Yokosuka or USN Air Facility, Atsugi | AB22: Between | AC22: US Fleet Activities, Yokosuka or USN Air Facility, Atsugi | AO22: Between | AP22: US Fleet Activities, Yokosuka or USN Air Facility, Atsugi | BB22: Between | BC22: US Fleet Activities, Yokosuka or USN Air Facility, Atsugi
B23: and | C23: US Fleet Activities, Sasebo (1,206km/1159km) | O23: and | P23: US Fleet Activities, Sasebo (1,206km/1159km) | AB23: and | AC23: US Fleet Activities, Sasebo (1,206km/1159km) | AO23: and | AP23: US Fleet Activities, Sasebo (1,206km/1159km) | BB23: and | BC23: US Fleet Activities, Sasebo (1,206km/1159km)
A24: AA07 | C24: Medium/Large Truck | H24: 931 | I24: EA | J24: ¥ | L24: ¥ | M24: =H24*K24 -> 0 | N24: AB07 | P24: Medium/Large Truck | U24: 931 | V24: EA | W24: ¥ | Y24: ¥ | Z24: =U24*X24 -> 0 | AA24: AC07 | AC24: Medium/Large Truck | AH24: 931 | AI24: EA | AJ24: ¥ | AL24: ¥ | AM24: =AH24*AK24 -> 0 | AN24: AD07 | AP24: Medium/Large Truck | AU24: 931 | AV24: EA | AW24: ¥ | AY24: ¥ | AZ24: =AU24*AX24 -> 0 | BA24: AE07 | BC24: Medium/Large Truck | BH24: 931 | BI24: EA | BJ24: ¥ | BL24: ¥ | BM24: =BH24*BK24 -> 0
B25: Between | C25: US Fleet Activities, Yokosuka via Yokota | O25: Between | P25: US Fleet Activities, Yokosuka via Yokota | AB25: Between | AC25: US Fleet Activities, Yokosuka via Yokota | AO25: Between | AP25: US Fleet Activities, Yokosuka via Yokota | BB25: Between | BC25: US Fleet Activities, Yokosuka via Yokota
B26: and | C26: US Fleet Activities, Sasebo (1,273km) | O26: and | P26: US Fleet Activities, Sasebo (1,273km) | AB26: and | AC26: US Fleet Activities, Sasebo (1,273km) | AO26: and | AP26: US Fleet Activities, Sasebo (1,273km) | BB26: and | BC26: US Fleet Activities, Sasebo (1,273km)
A27: AA08 | C27: Medium/Large Truck | H27: 103 | I27: EA | J27: ¥ | L27: ¥ | M27: =H27*K27 -> 0 | N27: AB08 | P27: Medium/Large Truck | U27: 103 | V27: EA | W27: ¥ | Y27: ¥ | Z27: =U27*X27 -> 0 | AA27: AC08 | AC27: Medium/Large Truck | AH27: 103 | AI27: EA | AJ27: ¥ | AL27: ¥ | AM27: =AH27*AK27 -> 0 | AN27: AD08 | AP27: Medium/Large Truck | AU27: 103 | AV27: EA | AW27: ¥ | AY27: ¥ | AZ27: =AU27*AX27 -> 0 | BA27: AE08 | BC27: Medium/Large Truck | BH27: 103 | BI27: EA | BJ27: ¥ | BL27: ¥ | BM27: =BH27*BK27 -> 0
B28: Between | C28: US Fleet Activities, Yokosuka or USN Air Facility, Atsugi | O28: Between | P28: US Fleet Activities, Yokosuka or USN Air Facility, Atsugi | AB28: Between | AC28: US Fleet Activities, Yokosuka or USN Air Facility, Atsugi | AO28: Between | AP28: US Fleet Activities, Yokosuka or USN Air Facility, Atsugi | BB28: Between | BC28: US Fleet Activities, Yokosuka or USN Air Facility, Atsugi
B29: and | C29: USMC Air Station, Iwakuni (858km/816km) | O29: and | P29: USMC Air Station, Iwakuni (858km/816km) | AB29: and | AC29: USMC Air Station, Iwakuni (858km/816km) | AO29: and | AP29: USMC Air Station, Iwakuni (858km/816km) | BB29: and | BC29: USMC Air Station, Iwakuni (858km/816km)
A30: AA09 | C30: Medium/Large Truck | H30: 514 | I30: EA | J30: ¥ | L30: ¥ | M30: =H30*K30 -> 0 | N30: AB09 | P30: Medium/Large Truck | U30: 514 | V30: EA | W30: ¥ | Y30: ¥ | Z30: =U30*X30 -> 0 | AA30: AC09 | AC30: Medium/Large Truck | AH30: 514 | AI30: EA | AJ30: ¥ | AL30: ¥ | AM30: =AH30*AK30 -> 0 | AN30: AD09 | AP30: Medium/Large Truck | AU30: 514 | AV30: EA | AW30: ¥ | AY30: ¥ | AZ30: =AU30*AX30 -> 0 | BA30: AE09 | BC30: Medium/Large Truck | BH30: 514 | BI30: EA | BJ30: ¥ | BL30: ¥ | BM30: =BH30*BK30 -> 0
B31: Between | C31: US Fleet Activities, Yokosuka or USN Air Facility, Atsugi | O31: Between | P31: US Fleet Activities, Yokosuka or USN Air Facility, Atsugi | AB31: Between | AC31: US Fleet Activities, Yokosuka or USN Air Facility, Atsugi | AO31: Between | AP31: US Fleet Activities, Yokosuka or USN Air Facility, Atsugi | BB31: Between | BC31: US Fleet Activities, Yokosuka or USN Air Facility, Atsugi
B32: and | C32: Misawa Air base (740km/731km) | O32: and | P32: Misawa Air base (740km/731km) | AB32: and | AC32: Misawa Air base (740km/731km) | AO32: and | AP32: Misawa Air base (740km/731km) | BB32: and | BC32: Misawa Air base (740km/731km)
A33: AA10 | C33: Medium/Large Truck | H33: 331 | I33: EA | J33: ¥ | L33: ¥ | M33: =H33*K33 -> 0 | N33: AB10 | P33: Medium/Large Truck | U33: 331 | V33: EA | W33: ¥ | Y33: ¥ | Z33: =U33*X33 -> 0 | AA33: AC10 | AC33: Medium/Large Truck | AH33: 331 | AI33: EA | AJ33: ¥ | AL33: ¥ | AM33: =AH33*AK33 -> 0 | AN33: AD10 | AP33: Medium/Large Truck | AU33: 331 | AV33: EA | AW33: ¥ | AY33: ¥ | AZ33: =AU33*AX33 -> 0 | BA33: AE10 | BC33: Medium/Large Truck | BH33: 331 | BI33: EA | BJ33: ¥ | BL33: ¥ | BM33: =BH33*BK33 -> 0
B34: Between | C34: US Fleet Activities, Yokosuka | O34: Between | P34: US Fleet Activities, Yokosuka | AB34: Between | AC34: US Fleet Activities, Yokosuka | AO34: Between | AP34: US Fleet Activities, Yokosuka | BB34: Between | BC34: US Fleet Activities, Yokosuka
B35: and | C35: Yokota Air Base (75km) | O35: and | P35: Yokota Air Base (75km) | AB35: and | AC35: Yokota Air Base (75km) | AO35: and | AP35: Yokota Air Base (75km) | BB35: and | BC35: Yokota Air Base (75km)
A36: AA11 | C36: Medium/Large Truck | H36: 1315 | I36: EA | J36: ¥ | L36: ¥ | M36: =H36*K36 -> 0 | N36: AB11 | P36: Medium/Large Truck | U36: 1315 | V36: EA | W36: ¥ | Y36: ¥ | Z36: =U36*X36 -> 0 | AA36: AC11 | AC36: Medium/Large Truck | AH36: 1315 | AI36: EA | AJ36: ¥ | AL36: ¥ | AM36: =AH36*AK36 -> 0 | AN36: AD11 | AP36: Medium/Large Truck | AU36: 1315 | AV36: EA | AW36: ¥ | AY36: ¥ | AZ36: =AU36*AX36 -> 0 | BA36: AE11 | BC36: Medium/Large Truck | BH36: 1315 | BI36: EA | BJ36: ¥ | BL36: ¥ | BM36: =BH36*BK36 -> 0
B37: Between | C37: US Fleet Activities, Yokosuka or USN Air Facility, Atsugi | O37: Between | P37: US Fleet Activities, Yokosuka or USN Air Facility, Atsugi | AB37: Between | AC37: US Fleet Activities, Yokosuka or USN Air Facility, Atsugi | AO37: Between | AP37: US Fleet Activities, Yokosuka or USN Air Facility, Atsugi | BB37: Between | BC37: US Fleet Activities, Yokosuka or USN Air Facility, Atsugi
B38: and | C38: DET Camp Kisarazu (70kn) | O38: and | P38: DET Camp Kisarazu (70kn) | AB38: and | AC38: DET Camp Kisarazu (70kn) | AO38: and | AP38: DET Camp Kisarazu (70kn) | BB38: and | BC38: DET Camp Kisarazu (70kn)
A39: AA12 | C39: Medium/Large Truck | H39: 44 | I39: EA | J39: ¥ | L39: ¥ | M39: =H39*K39 -> 0 | N39: AB12 | P39: Medium/Large Truck | U39: 44 | V39: EA | W39: ¥ | Y39: ¥ | Z39: =U39*X39 -> 0 | AA39: AC12 | AC39: Medium/Large Truck | AH39: 44 | AI39: EA | AJ39: ¥ | AL39: ¥ | AM39: =AH39*AK39 -> 0 | AN39: AD12 | AP39: Medium/Large Truck | AU39: 44 | AV39: EA | AW39: ¥ | AY39: ¥ | AZ39: =AU39*AX39 -> 0 | BA39: AE12 | BC39: Medium/Large Truck | BH39: 44 | BI39: EA | BJ39: ¥ | BL39: ¥ | BM39: =BH39*BK39 -> 0
B40: Between | C40: Yokota Air Base | O40: Between | P40: Yokota Air Base | AB40: Between | AC40: Yokota Air Base | AO40: Between | AP40: Yokota Air Base | BB40: Between | BC40: Yokota Air Base
B41: and | C41: USN Air Facility, Atsugi (41km) | O41: and | P41: USN Air Facility, Atsugi (41km) | AB41: and | AC41: USN Air Facility, Atsugi (41km) | AO41: and | AP41: USN Air Facility, Atsugi (41km) | BB41: and | BC41: USN Air Facility, Atsugi (41km)
A42: AA13 | C42: Medium/Large Truck | H42: 105 | I42: EA | J42: ¥ | L42: ¥ | M42: =H42*K42 -> 0 | N42: AB13 | P42: Medium/Large Truck | U42: 105 | V42: EA | W42: ¥ | Y42: ¥ | Z42: =U42*X42 -> 0 | AA42: AC13 | AC42: Medium/Large Truck | AH42: 105 | AI42: EA | AJ42: ¥ | AL42: ¥ | AM42: =AH42*AK42 -> 0 | AN42: AD13 | AP42: Medium/Large Truck | AU42: 105 | AV42: EA | AW42: ¥ | AY42: ¥ | AZ42: =AU42*AX42 -> 0 | BA42: AE13 | BC42: Medium/Large Truck | BH42: 105 | BI42: EA | BJ42: ¥ | BL42: ¥ | BM42: =BH42*BK42 -> 0
B43: Between | C43: Yokota Air Base | O43: Between | P43: Yokota Air Base | AB43: Between | AC43: Yokota Air Base | AO43: Between | AP43: Yokota Air Base | BB43: Between | BC43: Yokota Air Base
B44: and | C44: Misawa Air Base (693km) | O44: and | P44: Misawa Air Base (693km) | AB44: and | AC44: Misawa Air Base (693km) | AO44: and | AP44: Misawa Air Base (693km) | BB44: and | BC44: Misawa Air Base (693km)
A45: AA14 | C45: Medium/Large Truck | H45: 75 | I45: EA | J45: ¥ | L45: ¥ | M45: =H45*K45 -> 0 | N45: AB14 | P45: Medium/Large Truck | U45: 75 | V45: EA | W45: ¥ | Y45: ¥ | Z45: =U45*X45 -> 0 | AA45: AC14 | AC45: Medium/Large Truck | AH45: 75 | AI45: EA | AJ45: ¥ | AL45: ¥ | AM45: =AH45*AK45 -> 0 | AN45: AD14 | AP45: Medium/Large Truck | AU45: 75 | AV45: EA | AW45: ¥ | AY45: ¥ | AZ45: =AU45*AX45 -> 0 | BA45: AE14 | BC45: Medium/Large Truck | BH45: 75 | BI45: EA | BJ45: ¥ | BL45: ¥ | BM45: =BH45*BK45 -> 0
B46: Between | C46: Yokota Air Base | O46: Between | P46: Yokota Air Base | AB46: Between | AC46: Yokota Air Base | AO46: Between | AP46: Yokota Air Base | BB46: Between | BC46: Yokota Air Base
B47: and | C47: US Fleet Activities, Sasebo (1,198km) | O47: and | P47: US Fleet Activities, Sasebo (1,198km) | AB47: and | AC47: US Fleet Activities, Sasebo (1,198km) | AO47: and | AP47: US Fleet Activities, Sasebo (1,198km) | BB47: and | BC47: US Fleet Activities, Sasebo (1,198km)
A48: AA15 | C48: Medium/Large Truck | H48: 63 | I48: EA | J48: ¥ | L48: ¥ | M48: =H48*K48 -> 0 | N48: AB15 | P48: Medium/Large Truck | U48: 63 | V48: EA | W48: ¥ | Y48: ¥ | Z48: =U48*X48 -> 0 | AA48: AC15 | AC48: Medium/Large Truck | AH48: 63 | AI48: EA | AJ48: ¥ | AL48: ¥ | AM48: =AH48*AK48 -> 0 | AN48: AD15 | AP48: Medium/Large Truck | AU48: 63 | AV48: EA | AW48: ¥ | AY48: ¥ | AZ48: =AU48*AX48 -> 0 | BA48: AE15 | BC48: Medium/Large Truck | BH48: 63 | BI48: EA | BJ48: ¥ | BL48: ¥ | BM48: =BH48*BK48 -> 0
B49: Between | C49: Yokota Air Base | O49: Between | P49: Yokota Air Base | AB49: Between | AC49: Yokota Air Base | AO49: Between | AP49: Yokota Air Base | BB49: Between | BC49: Yokota Air Base
B50: and | C50: USMC Air Station, Iwakuni (856km) | O50: and | P50: USMC Air Station, Iwakuni (856km) | AB50: and | AC50: USMC Air Station, Iwakuni (856km) | AO50: and | AP50: USMC Air Station, Iwakuni (856km) | BB50: and | BC50: USMC Air Station, Iwakuni (856km)
A51: AA16 | C51: Medium/Large Truck | H51: 65 | I51: EA | J51: ¥ | L51: ¥ | M51: =H51*K51 -> 0 | N51: AB16 | P51: Medium/Large Truck | U51: 65 | V51: EA | W51: ¥ | Y51: ¥ | Z51: =U51*X51 -> 0 | AA51: AC16 | AC51: Medium/Large Truck | AH51: 65 | AI51: EA | AJ51: ¥ | AL51: ¥ | AM51: =AH51*AK51 -> 0 | AN51: AD16 | AP51: Medium/Large Truck | AU51: 65 | AV51: EA | AW51: ¥ | AY51: ¥ | AZ51: =AU51*AX51 -> 0 | BA51: AE16 | BC51: Medium/Large Truck | BH51: 65 | BI51: EA | BJ51: ¥ | BL51: ¥ | BM51: =BH51*BK51 -> 0
B52: Between | C52: Yokohama North Dock | O52: Between | P52: Yokohama North Dock | AB52: Between | AC52: Yokohama North Dock | AO52: Between | AP52: Yokohama North Dock | BB52: Between | BC52: Yokohama North Dock
B53: and | C53: Combined Arms Training Center, Camp Fuji (94km) | O53: and | P53: Combined Arms Training Center, Camp Fuji (94km) | AB53: and | AC53: Combined Arms Training Center, Camp Fuji (94km) | AO53: and | AP53: Combined Arms Training Center, Camp Fuji (94km) | BB53: and | BC53: Combined Arms Training Center, Camp Fuji (94km)
A54: AA17 | C54: Medium/Large Truck | H54: 83 | I54: EA | J54: ¥ | L54: ¥ | M54: =H54*K54 -> 0 | N54: AB17 | P54: Medium/Large Truck | U54: 83 | V54: EA | W54: ¥ | Y54: ¥ | Z54: =U54*X54 -> 0 | AA54: AC17 | AC54: Medium/Large Truck | AH54: 83 | AI54: EA | AJ54: ¥ | AL54: ¥ | AM54: =AH54*AK54 -> 0 | AN54: AD17 | AP54: Medium/Large Truck | AU54: 83 | AV54: EA | AW54: ¥ | AY54: ¥ | AZ54: =AU54*AX54 -> 0 | BA54: AE17 | BC54: Medium/Large Truck | BH54: 83 | BI54: EA | BJ54: ¥ | BL54: ¥ | BM54: =BH54*BK54 -> 0
B55: Between | C55: USMC Air Station, Iwakuni | O55: Between | P55: USMC Air Station, Iwakuni | AB55: Between | AC55: USMC Air Station, Iwakuni | AO55: Between | AP55: USMC Air Station, Iwakuni | BB55: Between | BC55: USMC Air Station, Iwakuni
B56: and | C56: US Fleet Activities, Sasebo (352km) or Hario Village (350km) | O56: and | P56: US Fleet Activities, Sasebo (352km) or Hario Village (350km) | AB56: and | AC56: US Fleet Activities, Sasebo (352km) or Hario Village (350km) | AO56: and | AP56: US Fleet Activities, Sasebo (352km) or Hario Village (350km) | BB56: and | BC56: US Fleet Activities, Sasebo (352km) or Hario Village (350km)
A57: AA18 | C57: Medium/Large Truck | H57: 318 | I57: EA | J57: ¥ | L57: ¥ | M57: =H57*K57 -> 0 | N57: AB18 | P57: Medium/Large Truck | U57: 318 | V57: EA | W57: ¥ | Y57: ¥ | Z57: =U57*X57 -> 0 | AA57: AC18 | AC57: Medium/Large Truck | AH57: 318 | AI57: EA | AJ57: ¥ | AL57: ¥ | AM57: =AH57*AK57 -> 0 | AN57: AD18 | AP57: Medium/Large Truck | AU57: 318 | AV57: EA | AW57: ¥ | AY57: ¥ | AZ57: =AU57*AX57 -> 0 | BA57: AE18 | BC57: Medium/Large Truck | BH57: 318 | BI57: EA | BJ57: ¥ | BL57: ¥ | BM57: =BH57*BK57 -> 0
B58: Between | C58: USMC Air Station, Iwakuni | O58: Between | P58: USMC Air Station, Iwakuni | AB58: Between | AC58: USMC Air Station, Iwakuni | AO58: Between | AP58: USMC Air Station, Iwakuni | BB58: Between | BC58: USMC Air Station, Iwakuni
B59: and | C59: Maehata Ordnance (350 km) or Hario Ordnance (344km) | O59: and | P59: Maehata Ordnance (350 km) or Hario Ordnance (344km) | AB59: and | AC59: Maehata Ordnance (350 km) or Hario Ordnance (344km) | AO59: and | AP59: Maehata Ordnance (350 km) or Hario Ordnance (344km) | BB59: and | BC59: Maehata Ordnance (350 km) or Hario Ordnance (344km)
A60: AA19 | C60: Medium/Large Truck | H60: 104 | I60: EA | J60: ¥ | L60: ¥ | M60: =H60*K60 -> 0 | N60: AB19 | P60: Medium/Large Truck | U60: 104 | V60: EA | W60: ¥ | Y60: ¥ | Z60: =U60*X60 -> 0 | AA60: AC19 | AC60: Medium/Large Truck | AH60: 104 | AI60: EA | AJ60: ¥ | AL60: ¥ | AM60: =AH60*AK60 -> 0 | AN60: AD19 | AP60: Medium/Large Truck | AU60: 104 | AV60: EA | AW60: ¥ | AY60: ¥ | AZ60: =AU60*AX60 -> 0 | BA60: AE19 | BC60: Medium/Large Truck | BH60: 104 | BI60: EA | BJ60: ¥ | BL60: ¥ | BM60: =BH60*BK60 -> 0
A61: AA20 thru AA29 | C61: Reserved | H61: Reserved | N61: AB20 thru AB29 | P61: Reserved | U61: Reserved | AA61: AC20 thru AC29 | AC61: Reserved | AH61: Reserved | AN61: AD20 thru AD29 | AP61: Reserved | AU61: Reserved | BA61: AE20 thru AE29 | BC61: Reserved | BH61: Reserved
A62: ① ESTIMATED TOTAL AMOUNT FOR POINT-TO-POINT ROUTE: | L62: ¥ | M62: =SUM(M6:M60) -> 0 | N62: ① ESTIMATED TOTAL AMOUNT FOR POINT-TO-POINT ROUTE: | Y62: ¥ | Z62: =SUM(Z6:Z60) -> 0 | AA62: ① ESTIMATED TOTAL AMOUNT FOR POINT-TO-POINT ROUTE: | AL62: ¥ | AM62: =SUM(AM6:AM60) -> 0 | AN62: ① ESTIMATED TOTAL AMOUNT FOR POINT-TO-POINT ROUTE: | AY62: ¥ | AZ62: =SUM(AZ6:AZ60) -> 0 | BA62: ① ESTIMATED TOTAL AMOUNT FOR POINT-TO-POINT ROUTE: | BL62: ¥ | BM62: =SUM(BM6:BM60) -> 0
A63: MAINLAND DISTANCE RATE TABLE (IAW nationwide industiry standards and GOJ guidelines; see PWS 3.4.2.): All listed unit prices shall be one-way rates per truckload of general freight. (Min. Chargeable Distance: 10km) If proposing under the Mainland portion of the General Trucking family, offerors shall provide proposed distance rates for all listed distances. | N63: MAINLAND DISTANCE RATE TABLE (IAW nationwide industiry standards and GOJ guidelines; see PWS 3.4.2.): All listed unit prices shall be one-way rates per truckload of general freight. (Min. Chargeable Distance: 10km) If proposing under the Mainland portion of the General Trucking family, offerors shall provide proposed distance rates for all listed distances. | AA63: MAINLAND DISTANCE RATE TABLE (IAW nationwide industiry standards and GOJ guidelines; see PWS 3.4.2.): All listed unit prices shall be one-way rates per truckload of general freight. (Min. Chargeable Distance: 10km) If proposing under the Mainland portion of the General Trucking family, offerors shall provide proposed distance rates for all listed distances. | AN63: MAINLAND DISTANCE RATE TABLE (IAW nationwide industiry standards and GOJ guidelines; see PWS 3.4.2.): All listed unit prices shall be one-way rates per truckload of general freight. (Min. Chargeable Distance: 10km) If proposing under the Mainland portion of the General Trucking family, offerors shall provide proposed distance rates for all listed distances. | BA63: MAINLAND DISTANCE RATE TABLE (IAW nationwide industiry standards and GOJ guidelines; see PWS 3.4.2.): All listed unit prices shall be one-way rates per truckload of general freight. (Min. Chargeable Distance: 10km) If proposing under the Mainland portion of the General Trucking family, offerors shall provide proposed distance rates for all listed distances.
A64: Item No. | B64: Description | H64: Est. Qty | I64: Unit | N64: Item No. | O64: Description | U64: Est. Qty | V64: Unit | AA64: Item No. | AB64: Description | AH64: Est. Qty | AI64: Unit | AN64: Item No. | AO64: Description | AU64: Est. Qty | AV64: Unit | BA64: Item No. | BB64: Description | BH64: Est. Qty | BI64: Unit
A65: AA30 | B65: Distance Rates for All Areas excluding Okinawa | H65: 1600 | I65: EA | N65: AB30 | O65: Distance Rates for All Areas excluding Okinawa | U65: 1600 | V65: EA | AA65: AC30 | AB65: Distance Rates for All Areas excluding Okinawa | AH65: 1600 | AI65: EA | AN65: AD30 | AO65: Distance Rates for All Areas excluding Okinawa | AU65: 1600 | AV65: EA | BA65: AE30 | BB65: Distance Rates for All Areas excluding Okinawa | BH65: 1600 | BI65: EA
H66: One-Way | J66: Truck Type | U66: One-Way | W66: Truck Type | AH66: One-Way | AJ66: Truck Type | AU66: One-Way | AW66: Truck Type | BH66: One-Way | BJ66: Truck Type
H67: Distance (km) | J67: Medium/Large Truck | U67: Distance (km) | W67: Medium/Large Truck | AH67: Distance (km) | AJ67: Medium/Large Truck | AU67: Distance (km) | AW67: Medium/Large Truck | BH67: Distance (km) | BJ67: Medium/Large Truck
H68: 10 | U68: 10 | AH68: 10 | AU68: 10 | BH68: 10
H69: 20 | U69: 20 | AH69: 20 | AU69: 20 | BH69: 20
H70: 30 | U70: 30 | AH70: 30 | AU70: 30 | BH70: 30
H71: 40 | U71: 40 | AH71: 40 | AU71: 40 | BH71: 40
H72: 50 | U72: 50 | AH72: 50 | AU72: 50 | BH72: 50
H73: 60 | U73: 60 | AH73: 60 | AU73: 60 | BH73: 60
H74: 70 | U74: 70 | AH74: 70 | AU74: 70 | BH74: 70
H75: 80 | U75: 80 | AH75: 80 | AU75: 80 | BH75: 80
H76: 90 | U76: 90 | AH76: 90 | AU76: 90 | BH76: 90
H77: 100 | U77: 100 | AH77: 100 | AU77: 100 | BH77: 100
H78: 110 | U78: 110 | AH78: 110 | AU78: 110 | BH78: 110
H79: 120 | U79: 120 | AH79: 120 | AU79: 120 | BH79: 120
... H87: 200 | U87: 200 | AH87: 200 | AU87: 200 | BH87: 200
H88: Over 200 km through 500 km: Per 20 km Increment | U88: Over 200 km through 500 km: Per 20 km Increment | AH88: Over 200 km through 500 km: Per 20 km Increment | AU88: Over 200 km through 500 km: Per 20 km Increment | BH88: Over 200 km through 500 km: Per 20 km Increment
H89: Over 500 km: Per 50 km Increment | U89: Over 500 km: Per 50 km Increment | AH89: Over 500 km: Per 50 km Increment | AU89: Over 500 km: Per 50 km Increment | BH89: Over 500 km: Per 50 km Increment
A90: ② ESTIMATED TOTAL AMOUNT FOR STANDARD TABLE: | L90: ¥ | M90: =SUM(J68:M89) -> 0 | N90: ② ESTIMATED TOTAL AMOUNT FOR STANDARD TABLE: | Y90: ¥ | Z90: =SUM(W68:Z89) -> 0 | AA90: ② ESTIMATED TOTAL AMOUNT FOR STANDARD TABLE: | AL90: ¥ | AM90: =SUM(AJ68:AM89) -> 0 | AN90: ② ESTIMATED TOTAL AMOUNT FOR STANDARD TABLE: | AY90: ¥ | AZ90: =SUM(AW68:AZ89) -> 0 | BA90: ② ESTIMATED TOTAL AMOUNT FOR STANDARD TABLE: | BL90: ¥ | BM90: =SUM(BJ68:BM89) -> 0
A91: OKINAWA DISTANCE RATE TABLE (IAW nationwide industiry standards and GOJ guidelines; see PWS 3.4.2.): All listed unit prices shall be one-way rates per truckload of general freight. (Min. Chargeable Distance: 5km) If proposing under the Mainland portion of the General Trucking family, offerors shall provide proposed distance rates for all listed distances. | N91: OKINAWA DISTANCE RATE TABLE (IAW nationwide industiry standards and GOJ guidelines; see PWS 3.4.2.): All listed unit prices shall be one-way rates per truckload of general freight. (Min. Chargeable Distance: 5km) If proposing under the Mainland portion of the General Trucking family, offerors shall provide proposed distance rates for all listed distances. | AA91: OKINAWA DISTANCE RATE TABLE (IAW nationwide industiry standards and GOJ guidelines; see PWS 3.4.2.): All listed unit prices shall be one-way rates per truckload of general freight. (Min. Chargeable Distance: 5km) If proposing under the Mainland portion of the General Trucking family, offerors shall provide proposed distance rates for all listed distances. | AN91: OKINAWA DISTANCE RATE TABLE (IAW nationwide industiry standards and GOJ guidelines; see PWS 3.4.2.): All listed unit prices shall be one-way rates per truckload of general freight. (Min. Chargeable Distance: 5km) If proposing under the Mainland portion of the General Trucking family, offerors shall provide proposed distance rates for all listed distances. | BA91: OKINAWA DISTANCE RATE TABLE (IAW nationwide industiry standards and GOJ guidelines; see PWS 3.4.2.): All listed unit prices shall be one-way rates per truckload of general freight. (Min. Chargeable Distance: 5km) If proposing under the Mainland portion of the General Trucking family, offerors shall provide proposed distance rates for all listed distances.
A92: Item No. | B92: Description | H92: Est. Qty | I92: Unit | N92: Item No. | O92: Description | U92: Est. Qty | V92: Unit | AA92: Item No. | AB92: Description | AH92: Est. Qty | AI92: Unit | AN92: Item No. | AO92: Description | AU92: Est. Qty | AV92: Unit | BA92: Item No. | BB92: Description | BH92: Est. Qty | BI92: Unit
A93: AA31 | B93: Distance Rates for transportation service of general freight in Okinawa | H93: 1714 | I93: EA | N93: AB31 | O93: Distance Rates for transportation service of general freight in Okinawa | U93: 1714 | V93: EA | AA93: AC31 | AB93: Distance Rates for transportation service of general freight in Okinawa | AH93: 1714 | AI93: EA | AN93: AD31 | AO93: Distance Rates for transportation service of general freight in Okinawa | AU93: 1714 | AV93: EA | BA93: AE31 | BB93: Distance Rates for transportation service of general freight in Okinawa | BH93: 1714 | BI93: EA
H94: One-Way | J94: Truck Size | U94: One-Way | W94: Truck Size | AH94: One-Way | AJ94: Truck Size | AU94: One-Way | AW94: Truck Size | BH94: One-Way | BJ94: Truck Size
H95: Distance (km) | J95: 4-6 Ton | L95: Large Truck | U95: Distance (km) | W95: 4-6 Ton | Y95: Large Truck | AH95: Distance (km) | AJ95: 4-6 Ton | AL95: Large Truck | AU95: Distance (km) | AW95: 4-6 Ton | AY95: Large Truck | BH95: Distance (km) | BJ95: 4-6 Ton | BL95: Large Truck
H96: 5 | U96: 5 | AH96: 5 | AU96: 5 | BH96: 5
H97: 10 | U97: 10 | AH97: 10 | AU97: 10 | BH97: 10
H98: 20 | U98: 20 | AH98: 20 | AU98: 20 | BH98: 20
H99: 30 | U99: 30 | AH99: 30 | AU99: 30 | BH99: 30
H100: 40 | U100: 40 | AH100: 40 | AU100: 40 | BH100: 40
H101: 50 | U101: 50 | AH101: 50 | AU101: 50 | BH101: 50
H102: 60 | U102: 60 | AH102: 60 | AU102: 60 | BH102: 60
H103: 70 | U103: 70 | AH103: 70 | AU103: 70 | BH103: 70
H104: 80 | U104: 80 | AH104: 80 | AU104: 80 | BH104: 80
H105: 90 | U105: 90 | AH105: 90 | AU105: 90 | BH105: 90
H106: 100 | U106: 100 | AH106: 100 | AU106: 100 | BH106: 100
H107: 110 | U107: 110 | AH107: 110 | AU107: 110 | BH107: 110
...

Sheet B. Reefer
A1: EXHIBIT BA: REEFER TRUCKING FAMILY PRICING SCHEDULE (BASE YEAR 0002) | N1: EXHIBIT BB: REEFER TRUCKING FAMILY PRICING SCHEDULE (BASE YEAR 1002) | AA1: EXHIBIT BC: REEFER TRUCKING FAMILY PRICING SCHEDULE (BASE YEAR 2002) | AN1: EXHIBIT BD: REEFER TRUCKING FAMILY PRICING SCHEDULE (BASE YEAR 3002) | BA1: EXHIBIT BE: REEFER TRUCKING FAMILY PRICING SCHEDULE (BASE YEAR 4002)
A2: POINT-TO-POINT ROUTES (IAW PWS 3.4.1.): All listed unit prices shall be one-way rates per truckload of temparature-controlled freight. If proposing under the Mainland portion of the Reefer Trucking family, offerors shall provide proposed unit prices for all listed Items. | N2: POINT-TO-POINT ROUTES (IAW PWS 3.4.1.): All listed unit prices shall be one-way rates per truckload of temparature-controlled freight. If proposing under the Mainland portion of the Reefer Trucking family, offerors shall provide proposed unit prices for all listed Items. | AA2: POINT-TO-POINT ROUTES (IAW PWS 3.4.1.): All listed unit prices shall be one-way rates per truckload of temparature-controlled freight. If proposing under the Mainland portion of the Reefer Trucking family, offerors shall provide proposed unit prices for all listed Items. | AN2: POINT-TO-POINT ROUTES (IAW PWS 3.4.1.): All listed unit prices shall be one-way rates per truckload of temparature-controlled freight. If proposing under the Mainland portion of the Reefer Trucking family, offerors shall provide proposed unit prices for all listed Items. | BA2: POINT-TO-POINT ROUTES (IAW PWS 3.4.1.): All listed unit prices shall be one-way rates per truckload of temparature-controlled freight. If proposing under the Mainland portion of the Reefer Trucking family, offerors shall provide proposed unit prices for all listed Items.
A3: Item No. | B3: Description | H3: Est. Qty | I3: Unit | K3: Unit Price | M3: Est. Total | N3: Item No. | O3: Description | U3: Est. Qty | V3: Unit | X3: Unit Price | Z3: Est. Total | AA3: Item No. | AB3: Description | AH3: Est. Qty | AI3: Unit | AK3: Unit Price | AM3: Est. Total | AN3: Item No. | AO3: Description | AU3: Est. Qty | AV3: Unit | AX3: Unit Price | AZ3: Est. Total | BA3: Item No. | BB3: Description | BH3: Est. Qty | BI3: Unit | BK3: Unit Price | BM3: Est. Total
B4: Between | C4: Sagami General Depot | O4: Between | P4: Sagami General Depot | AB4: Between | AC4: Sagami General Depot | AO4: Between | AP4: Sagami General Depot | BB4: Between | BC4: Sagami General Depot
B5: and | C5: US Fleet Activities, Yokosuka (52km) | O5: and | P5: US Fleet Activities, Yokosuka (52km) | AB5: and | AC5: US Fleet Activities, Yokosuka (52km) | AO5: and | AP5: US Fleet Activities, Yokosuka (52km) | BB5: and | BC5: US Fleet Activities, Yokosuka (52km)
A6: BA01 | C6: Medium/Large Truck | H6: 360 | I6: EA | J6: ¥ | L6: ¥ | M6: =H6*K6 -> 0 | N6: BB01 | P6: Medium/Large Truck | U6: 360 | V6: EA | W6: ¥ | Y6: ¥ | Z6: =U6*X6 -> 0 | AA6: BC01 | AC6: Medium/Large Truck | AH6: 360 | AI6: EA | AJ6: ¥ | AL6: ¥ | AM6: =AH6*AK6 -> 0 | AN6: BD01 | AP6: Medium/Large Truck | AU6: 360 | AV6: EA | AW6: ¥ | AY6: ¥ | AZ6: =AU6*AX6 -> 0 | BA6: BE01 | BC6: Medium/Large Truck | BH6: 360 | BI6: EA | BJ6: ¥ | BL6: ¥ | BM6: =BH6*BK6 -> 0
B7: Between | C7: Sagami General Depot | O7: Between | P7: Sagami General Depot | AB7: Between | AC7: Sagami General Depot | AO7: Between | AP7: Sagami General Depot | BB7: Between | BC7: Sagami General Depot
B8: and | C8: Yokota Air Base (24km) | O8: and | P8: Yokota Air Base (24km) | AB8: and | AC8: Yokota Air Base (24km) | AO8: and | AP8: Yokota Air Base (24km) | BB8: and | BC8: Yokota Air Base (24km)
A9: BA02 | C9: Medium/Large Truck | H9: 350 | I9: EA | J9: ¥ | L9: ¥ | M9: =H9*K9 -> 0 | N9: BB02 | P9: Medium/Large Truck | U9: 350 | V9: EA | W9: ¥ | Y9: ¥ | Z9: =U9*X9 -> 0 | AA9: BC02 | AC9: Medium/Large Truck | AH9: 350 | AI9: EA | AJ9: ¥ | AL9: ¥ | AM9: =AH9*AK9 -> 0 | AN9: BD02 | AP9: Medium/Large Truck | AU9: 350 | AV9: EA | AW9: ¥ | AY9: ¥ | AZ9: =AU9*AX9 -> 0 | BA9: BE02 | BC9: Medium/Large Truck | BH9: 350 | BI9: EA | BJ9: ¥ | BL9: ¥ | BM9: =BH9*BK9 -> 0
B10: Between | C10: Sagami General Depot | O10: Between | P10: Sagami General Depot | AB10: Between | AC10: Sagami General Depot | AO10: Between | AP10: Sagami General Depot | BB10: Between | BC10: Sagami General Depot
B11: and | C11: USN Air Facility, Atsugi (20km) | O11: and | P11: USN Air Facility, Atsugi (20km) | AB11: and | AC11: USN Air Facility, Atsugi (20km) | AO11: and | AP11: USN Air Facility, Atsugi (20km) | BB11: and | BC11: USN Air Facility, Atsugi (20km)
A12: BA03 | C12: Medium/Large Truck | H12: 320 | I12: EA | J12: ¥ | L12: ¥ | M12: =H12*K12 -> 0 | N12: BB03 | P12: Medium/Large Truck | U12: 320 | V12: EA | W12: ¥ | Y12: ¥ | Z12: =U12*X12 -> 0 | AA12: BC03 | AC12: Medium/Large Truck | AH12: 320 | AI12: EA | AJ12: ¥ | AL12: ¥ | AM12: =AH12*AK12 -> 0 | AN12: BD03 | AP12: Medium/Large Truck | AU12: 320 | AV12: EA | AW12: ¥ | AY12: ¥ | AZ12: =AU12*AX12 -> 0 | BA12: BE03 | BC12: Medium/Large Truck | BH12: 320 | BI12: EA | BJ12: ¥ | BL12: ¥ | BM12: =BH12*BK12 -> 0
B13: Between | C13: Sagami General Depot | O13: Between | P13: Sagami General Depot | AB13: Between | AC13: Sagami General Depot | AO13: Between | AP13: Sagami General Depot | BB13: Between | BC13: Sagami General Depot
B14: and | C14: Sagamihara Family Housing Area or Camp Zama, or Camp Zama via Sagamihara Housing Area or vice versa (10km/12km/15km/17km) | O14: and | P14: Sagamihara Family Housing Area or Camp Zama, or Camp Zama via Sagamihara Housing Area or vice versa (10km/12km/15km/17km) | AB14: and | AC14: Sagamihara Family Housing Area or Camp Zama, or Camp Zama via Sagamihara Housing Area or vice versa (10km/12km/15km/17km) | AO14: and | AP14: Sagamihara Family Housing Area or Camp Zama, or Camp Zama via Sagamihara Housing Area or vice versa (10km/12km/15km/17km) | BB14: and | BC14: Sagamihara Family Housing Area or Camp Zama, or Camp Zama via Sagamihara Housing Area or vice versa (10km/12km/15km/17km)
A15: BA04 | C15: Medium/Large Truck | H15: 320 | I15: EA | J15: ¥ | L15: ¥ | M15: =H15*K15 -> 0 | N15: BB04 | P15: Medium/Large Truck | U15: 320 | V15: EA | W15: ¥ | Y15: ¥ | Z15: =U15*X15 -> 0 | AA15: BC04 | AC15: Medium/Large Truck | AH15: 320 | AI15: EA | AJ15: ¥ | AL15: ¥ | AM15: =AH15*AK15 -> 0 | AN15: BD04 | AP15: Medium/Large Truck | AU15: 320 | AV15: EA | AW15: ¥ | AY15: ¥ | AZ15: =AU15*AX15 -> 0 | BA15: BE04 | BC15: Medium/Large Truck | BH15: 320 | BI15: EA | BJ15: ¥ | BL15: ¥ | BM15: =BH15*BK15 -> 0
B16: Between | C16: Sagami General Depot | O16: Between | P16: Sagami General Depot | AB16: Between | AC16: Sagami General Depot | AO16: Between | AP16: Sagami General Depot | BB16: Between | BC16: Sagami General Depot
B17: and | C17: USMC Air Station, Iwakuni (830km) | O17: and | P17: USMC Air Station, Iwakuni (830km) | AB17: and | AC17: USMC Air Station, Iwakuni (830km) | AO17: and | AP17: USMC Air Station, Iwakuni (830km) | BB17: and | BC17: USMC Air Station, Iwakuni (830km)
A18: BA05 | C18: Medium/Large Truck | H18: 170 | I18: EA | J18: ¥ | L18: ¥ | M18: =H18*K18 -> 0 | N18: BB05 | P18: Medium/Large Truck | U18: 170 | V18: EA | W18: ¥ | Y18: ¥ | Z18: =U18*X18 -> 0 | AA18: BC05 | AC18: Medium/Large Truck | AH18: 170 | AI18: EA | AJ18: ¥ | AL18: ¥ | AM18: =AH18*AK18 -> 0 | AN18: BD05 | AP18: Medium/Large Truck | AU18: 170 | AV18: EA | AW18: ¥ | AY18: ¥ | AZ18: =AU18*AX18 -> 0 | BA18: BE05 | BC18: Medium/Large Truck | BH18: 170 | BI18: EA | BJ18: ¥ | BL18: ¥ | BM18: =BH18*BK18 -> 0
B19: Between | C19: Sagami General Depot | O19: Between | P19: Sagami General Depot | AB19: Between | AC19: Sagami General Depot | AO19: Between | AP19: Sagami General Depot | BB19: Between | BC19: Sagami General Depot
B20: and | C20: Misawa Air base (725km) | O20: and | P20: Misawa Air base (725km) | AB20: and | AC20: Misawa Air base (725km) | AO20: and | AP20: Misawa Air base (725km) | BB20: and | BC20: Misawa Air base (725km)
A21: BA06 | C21: Medium/Large Truck | H21: 10 | I21: EA | J21: ¥ | L21: ¥ | M21: =H21*K21 -> 0 | N21: BB06 | P21: Medium/Large Truck | U21: 10 | V21: EA | W21: ¥ | Y21: ¥ | Z21: =U21*X21 -> 0 | AA21: BC06 | AC21: Medium/Large Truck | AH21: 10 | AI21: EA | AJ21: ¥ | AL21: ¥ | AM21: =AH21*AK21 -> 0 | AN21: BD06 | AP21: Medium/Large Truck | AU21: 10 | AV21: EA | AW21: ¥ | AY21: ¥ | AZ21: =AU21*AX21 -> 0 | BA21: BE06 | BC21: Medium/Large Truck | BH21: 10 | BI21: EA | BJ21: ¥ | BL21: ¥ | BM21: =BH21*BK21 -> 0
B22: Between | C22: USMC Air Station, Iwakuni | O22: Between | P22: USMC Air Station, Iwakuni | AB22: Between | AC22: USMC Air Station, Iwakuni | AO22: Between | AP22: USMC Air Station, Iwakuni | BB22: Between | BC22: USMC Air Station, Iwakuni
B23: and | C23: Kure Pier No. 6 (72km) | O23: and | P23: Kure Pier No. 6 (72km) | AB23: and | AC23: Kure Pier No. 6 (72km) | AO23: and | AP23: Kure Pier No. 6 (72km) | BB23: and | BC23: Kure Pier No. 6 (72km)
A24: BA07 | C24: Medium/Large Truck | H24: 52 | I24: EA | J24: ¥ | L24: ¥ | M24: =H24*K24 -> 0 | N24: BB07 | P24: Medium/Large Truck | U24: 52 | V24: EA | W24: ¥ | Y24: ¥ | Z24: =U24*X24 -> 0 | AA24: BC07 | AC24: Medium/Large Truck | AH24: 52 | AI24: EA | AJ24: ¥ | AL24: ¥ | AM24: =AH24*AK24 -> 0 | AN24: BD07 | AP24: Medium/Large Truck | AU24: 52 | AV24: EA | AW24: ¥ | AY24: ¥ | AZ24: =AU24*AX24 -> 0 | BA24: BE07 | BC24: Medium/Large Truck | BH24: 52 | BI24: EA | BJ24: ¥ | BL24: ¥ | BM24: =BH24*BK24 -> 0
B25: Between | C25: USMC Air Station, Iwakuni | O25: Between | P25: USMC Air Station, Iwakuni | AB25: Between | AC25: USMC Air Station, Iwakuni | AO25: Between | AP25: USMC Air Station, Iwakuni | BB25: Between | BC25: USMC Air Station, Iwakuni
B26: and | C26: US Fleet Activities, Sasebo (352km) or Hario Village (350km) | O26: and | P26: US Fleet Activities, Sasebo (352km) or Hario Village (350km) | AB26: and | AC26: US Fleet Activities, Sasebo (352km) or Hario Village (350km) | AO26: and | AP26: US Fleet Activities, Sasebo (352km) or Hario Village (350km) | BB26: and | BC26: US Fleet Activities, Sasebo (352km) or Hario Village (350km)
A27: BA08 | C27: Medium/Large Truck | H27: 245 | I27: EA | J27: ¥ | L27: ¥ | M27: =H27*K27 -> 0 | N27: BB08 | P27: Medium/Large Truck | U27: 245 | V27: EA | W27: ¥ | Y27: ¥ | Z27: =U27*X27 -> 0 | AA27: BC08 | AC27: Medium/Large Truck | AH27: 245 | AI27: EA | AJ27: ¥ | AL27: ¥ | AM27: =AH27*AK27 -> 0 | AN27: BD08 | AP27: Medium/Large Truck | AU27: 245 | AV27: EA | AW27: ¥ | AY27: ¥ | AZ27: =AU27*AX27 -> 0 | BA27: BE08 | BC27: Medium/Large Truck | BH27: 245 | BI27: EA | BJ27: ¥ | BL27: ¥ | BM27: =BH27*BK27 -> 0
B28: Between | C28: Yokohama North Dock | O28: Between | P28: Yokohama North Dock | AB28: Between | AC28: Yokohama North Dock | AO28: Between | AP28: Yokohama North Dock | BB28: Between | BC28: Yokohama North Dock
B29: and | C29: US Fleet Activities, Sasebo (1,187km) | O29: and | P29: US Fleet Activities, Sasebo (1,187km) | AB29: and | AC29: US Fleet Activities, Sasebo (1,187km) | AO29: and | AP29: US Fleet Activities, Sasebo (1,187km) | BB29: and | BC29: US Fleet Activities, Sasebo (1,187km)
A30: BA09 | C30: Medium/Large Truck | H30: 52 | I30: EA | J30: ¥ | L30: ¥ | M30: =H30*K30 -> 0 | N30: BB09 | P30: Medium/Large Truck | U30: 52 | V30: EA | W30: ¥ | Y30: ¥ | Z30: =U30*X30 -> 0 | AA30: BC09 | AC30: Medium/Large Truck | AH30: 52 | AI30: EA | AJ30: ¥ | AL30: ¥ | AM30: =AH30*AK30 -> 0 | AN30: BD09 | AP30: Medium/Large Truck | AU30: 52 | AV30: EA | AW30: ¥ | AY30: ¥ | AZ30: =AU30*AX30 -> 0 | BA30: BE09 | BC30: Medium/Large Truck | BH30: 52 | BI30: EA | BJ30: ¥ | BL30: ¥ | BM30: =BH30*BK30 -> 0
B31: Between | C31: US Fleet Activities, Yokosuka | O31: Between | P31: US Fleet Activities, Yokosuka | AB31: Between | AC31: US Fleet Activities, Yokosuka | AO31: Between | AP31: US Fleet Activities, Yokosuka | BB31: Between | BC31: US Fleet Activities, Yokosuka
B32: and | C32: US Fleet Activities, Sasebo (1,206km) | O32: and | P32: US Fleet Activities, Sasebo (1,206km) | AB32: and | AC32: US Fleet Activities, Sasebo (1,206km) | AO32: and | AP32: US Fleet Activities, Sasebo (1,206km) | BB32: and | BC32: US Fleet Activities, Sasebo (1,206km)
A33: BA10 | C33: Medium/Large Truck | H33: 50 | I33: EA | J33: ¥ | L33: ¥ | M33: =H33*K33 -> 0 | N33: BB10 | P33: Medium/Large Truck | U33: 50 | V33: EA | W33: ¥ | Y33: ¥ | Z33: =U33*X33 -> 0 | AA33: BC10 | AC33: Medium/Large Truck | AH33: 50 | AI33: EA | AJ33: ¥ | AL33: ¥ | AM33: =AH33*AK33 -> 0 | AN33: BD10 | AP33: Medium/Large Truck | AU33: 50 | AV33: EA | AW33: ¥ | AY33: ¥ | AZ33: =AU33*AX33 -> 0 | BA33: BE10 | BC33: Medium/Large Truck | BH33: 50 | BI33: EA | BJ33: ¥ | BL33: ¥ | BM33: =BH33*BK33 -> 0
A34: BA11 thru BA15 | C34: Reserved | H34: Reserved | N34: BB11 thru BB15 | P34: Reserved | U34: Reserved | AA34: BC11 thru BC15 | AC34: Reserved | AH34: Reserved | AN34: BD11 thru BD15 | AP34: Reserved | AU34: Reserved | BA34: BE11 thru BE15 | BC34: Reserved | BH34: Reserved
A35: ① ESTIMATED TOTAL AMOUNT FOR POINT-TO-POINT ROUTE: | L35: ¥ | M35: =SUM(M5:M33) -> 0 | N35: ① ESTIMATED TOTAL AMOUNT FOR POINT-TO-POINT ROUTE: | Y35: ¥ | Z35: =SUM(Z5:Z33) -> 0 | AA35: ① ESTIMATED TOTAL AMOUNT FOR POINT-TO-POINT ROUTE: | AL35: ¥ | AM35: =SUM(AM5:AM33) -> 0 | AN35: ① ESTIMATED TOTAL AMOUNT FOR POINT-TO-POINT ROUTE: | AY35: ¥ | AZ35: =SUM(AZ5:AZ33) -> 0 | BA35: ① ESTIMATED TOTAL AMOUNT FOR POINT-TO-POINT ROUTE: | BL35: ¥ | BM35: =SUM(BM5:BM33) -> 0
A36: MAINLAND DISTANCE RATE TABLE (IAW nationwide industiry standards and GOJ guidelines; see PWS 3.4.2.): All listed unit prices shall be one-way rates per truckload of temparature-controlled freight. (Min. Chargeable Distance: 10km) If proposing under the Mainland portion of the Reefer Trucking family, offerors shall provide proposed distance rates for all listed distances. | N36: MAINLAND DISTANCE RATE TABLE (IAW nationwide industiry standards and GOJ guidelines; see PWS 3.4.2.): All listed unit prices shall be one-way rates per truckload of temparature-controlled freight. (Min. Chargeable Distance: 10km) If proposing under the Mainland portion of the Reefer Trucking family, offerors shall provide proposed distance rates for all listed distances. | AA36: MAINLAND DISTANCE RATE TABLE (IAW nationwide industiry standards and GOJ guidelines; see PWS 3.4.2.): All listed unit prices shall be one-way rates per truckload of temparature-controlled freight. (Min. Chargeable Distance: 10km) If proposing under the Mainland portion of the Reefer Trucking family, offerors shall provide proposed distance rates for all listed distances. | AN36: MAINLAND DISTANCE RATE TABLE (IAW nationwide industiry standards and GOJ guidelines; see PWS 3.4.2.): All listed unit prices shall be one-way rates per truckload of temparature-controlled freight. (Min. Chargeable Distance: 10km) If proposing under the Mainland portion of the Reefer Trucking family, offerors shall provide proposed distance rates for all listed distances. | BA36: MAINLAND DISTANCE RATE TABLE (IAW nationwide industiry standards and GOJ guidelines; see PWS 3.4.2.): All listed unit prices shall be one-way rates per truckload of temparature-controlled freight. (Min. Chargeable Distance: 10km) If proposing under the Mainland portion of the Reefer Trucking family, offerors shall provide proposed distance rates for all listed distances.
A37: All listed unit prices shall be one-way rates per truckload of general freight. (Min. Chargeable Distance: 10km) | B37: Description | H37: Est. Qty | I37: Unit | N37: Item No. | O37: Description | U37: Est. Qty | V37: Unit | AA37: Item No. | AB37: Description | AH37: Est. Qty | AI37: Unit | AN37: Item No. | AO37: Description | AU37: Est. Qty | AV37: Unit | BA37: Item No. | BB37: Description | BH37: Est. Qty | BI37: Unit
A38: BA16 | B38: Distance Rates for Refeer Transportation Service in Mainland | H38: 20 | I38: EA | N38: BB16 | O38: Distance Rates for Refeer Transportation Service in Mainland | U38: 20 | V38: EA | AA38: BC16 | AB38: Distance Rates for Refeer Transportation Service in Mainland | AH38: 20 | AI38: EA | AN38: BD16 | AO38: Distance Rates for Refeer Transportation Service in Mainland | AU38: 20 | AV38: EA | BA38: BE16 | BB38: Distance Rates for Refeer Transportation Service in Mainland | BH38: 20 | BI38: EA
H39: One-Way | J39: Truck Type | U39: One-Way | W39: Truck Type | AH39: One-Way | AJ39: Truck Type | AU39: One-Way | AW39: Truck Type | BH39: One-Way | BJ39: Truck Type
H40: Distance (km) | J40: Medium/Large Truck | U40: Distance (km) | W40: Medium/Large Truck | AH40: Distance (km) | AJ40: Medium/Large Truck | AU40: Distance (km) | AW40: Medium/Large Truck | BH40: Distance (km) | BJ40: Medium/Large Truck
H41: 10 | U41: 10 | AH41: 10 | AU41: 10 | BH41: 10
H42: 20 | U42: 20 | AH42: 20 | AU42: 20 | BH42: 20
H43: 30 | U43: 30 | AH43: 30 | AU43: 30 | BH43: 30
H44: 40 | U44: 40 | AH44: 40 | AU44: 40 | BH44: 40
H45: 50 | U45: 50 | AH45: 50 | AU45: 50 | BH45: 50
H46: 60 | U46: 60 | AH46: 60 | AU46: 60 | BH46: 60
H47: 70 | U47: 70 | AH47: 70 | AU47: 70 | BH47: 70
H48: 80 | U48: 80 | AH48: 80 | AU48: 80 | BH48: 80
H49: 90 | U49: 90 | AH49: 90 | AU49: 90 | BH49: 90
H50: 100 | U50: 100 | AH50: 100 | AU50: 100 | BH50: 100
H51: 110 | U51: 110 | AH51: 110 | AU51: 110 | BH51: 110
H52: 120 | U52: 120 | AH52: 120 | AU52: 120 | BH52: 120
... H60: 200 | U60: 200 | AH60: 200 | AU60: 200 | BH60: 200
H61: Every 20 km Over 200 km Through 500 km | U61: Every 20 km Over 200 km Through 500 km | AH61: Every 20 km Over 200 km Through 500 km | AU61: Every 20 km Over 200 km Through 500 km | BH61: Every 20 km Over 200 km Through 500 km
H62: Every 50 km Over 500 km | U62: Every 50 km Over 500 km | AH62: Every 50 km Over 500 km | AU62: Every 50 km Over 500 km | BH62: Every 50 km Over 500 km
A63: ② ESTIMATED TOTAL AMOUNT FOR STANDARD TABLE: | L63: ¥ | M63: =SUM(J41:M62) -> 0 | N63: ② ESTIMATED TOTAL AMOUNT FOR STANDARD TABLE: | Y63: ¥ | Z63: =SUM(W41:Z62) -> 0 | AA63: ② ESTIMATED TOTAL AMOUNT FOR STANDARD TABLE: | AL63: ¥ | AM63: =SUM(AJ41:AM62) -> 0 | AN63: ② ESTIMATED TOTAL AMOUNT FOR STANDARD TABLE: | AY63: ¥ | AZ63: =SUM(AW41:AZ62) -> 0 | BA63: ② ESTIMATED TOTAL AMOUNT FOR STANDARD TABLE: | BL63: ¥ | BM63: =SUM(BJ41:BM62) -> 0
A64: OKINAWA DISTANCE RATE TABLE (IAW nationwide industiry standards and GOJ guidelines; see PWS 3.4.2.): All listed unit prices shall be one-way rates per truckload of temparature-controlled freight. (Min. Chargeable Distance: 5km) If proposing under the Mainland portion of the General Trucking family, offerors shall provide proposed distance rates for all listed distances. | N64: OKINAWA DISTANCE RATE TABLE (IAW nationwide industiry standards and GOJ guidelines; see PWS 3.4.2.): All listed unit prices shall be one-way rates per truckload of temparature-controlled freight. (Min. Chargeable Distance: 5km) If proposing under the Mainland portion of the General Trucking family, offerors shall provide proposed distance rates for all listed distances. | AA64: OKINAWA DISTANCE RATE TABLE (IAW nationwide industiry standards and GOJ guidelines; see PWS 3.4.2.): All listed unit prices shall be one-way rates per truckload of temparature-controlled freight. (Min. Chargeable Distance: 5km) If proposing under the Mainland portion of the General Trucking family, offerors shall provide proposed distance rates for all listed distances. | AN64: OKINAWA DISTANCE RATE TABLE (IAW nationwide industiry standards and GOJ guidelines; see PWS 3.4.2.): All listed unit prices shall be one-way rates per truckload of temparature-controlled freight. (Min. Chargeable Distance: 5km) If proposing under the Mainland portion of the General Trucking family, offerors shall provide proposed distance rates for all listed distances. | BA64: OKINAWA DISTANCE RATE TABLE (IAW nationwide industiry standards and GOJ guidelines; see PWS 3.4.2.): All listed unit prices shall be one-way rates per truckload of temparature-controlled freight. (Min. Chargeable Distance: 5km) If proposing under the Mainland portion of the General Trucking family, offerors shall provide proposed distance rates for all listed distances.
A65: Item No. | B65: Description | H65: Est. Qty | I65: Unit | N65: Item No. | O65: Description | U65: Est. Qty | V65: Unit | AA65: Item No. | AB65: Description | AH65: Est. Qty | AI65: Unit | AN65: Item No. | AO65: Description | AU65: Est. Qty | AV65: Unit | BA65: Item No. | BB65: Description | BH65: Est. Qty | BI65: Unit
A66: BA17 | B66: Distance Rates for Refeer Transportation Service in Okinawa | H66: 1625 | I66: EA | N66: BB17 | O66: Distance Rates for Refeer Transportation Service in Okinawa | U66: 1625 | V66: EA | AA66: BC17 | AB66: Distance Rates for Refeer Transportation Service in Okinawa | AH66: 1625 | AI66: EA | AN66: BD17 | AO66: Distance Rates for Refeer Transportation Service in Okinawa | AU66: 1625 | AV66: EA | BA66: BE17 | BB66: Distance Rates for Refeer Transportation Service in Okinawa | BH66: 1625 | BI66: EA
H67: One-Way | J67: Truck Type | U67: One-Way | W67: Truck Type | AH67: One-Way | AJ67: Truck Type | AU67: One-Way | AW67: Truck Type | BH67: One-Way | BJ67: Truck Type
H68: Distance (km) | J68: 14-Pallet Reefer | U68: Distance (km) | W68: 14-Pallet Reefer | AH68: Distance (km) | AJ68: 14-Pallet Reefer | AU68: Distance (km) | AW68: 14-Pallet Reefer | BH68: Distance (km) | BJ68: 14-Pallet Reefer
H69: 5 | U69: 5 | AH69: 5 | AU69: 5 | BH69: 5
H70: 10 | U70: 10 | AH70: 10 | AU70: 10 | BH70: 10
H71: 20 | U71: 20 | AH71: 20 | AU71: 20 | BH71: 20
H72: 30 | U72: 30 | AH72: 30 | AU72: 30 | BH72: 30
H73: 40 | U73: 40 | AH73: 40 | AU73: 40 | BH73: 40
H74: 50 | U74: 50 | AH74: 50 | AU74: 50 | BH74: 50
H75: 60 | U75: 60 | AH75: 60 | AU75: 60 | BH75: 60
H76: 70 | U76: 70 | AH76: 70 | AU76: 70 | BH76: 70
H77: 80 | U77: 80 | AH77: 80 | AU77: 80 | BH77: 80
H78: 90 | U78: 90 | AH78: 90 | AU78: 90 | BH78: 90
H79: 100 | U79: 100 | AH79: 100 | AU79: 100 | BH79: 100
H80: 110 | U80: 110 | AH80: 110 | AU80: 110 | BH80: 110
... H90: 200 | U90: 200 | AH90: 200 | AU90: 200 | BH90: 200
H91: Over 200 km: Per 10 km Increment | U91: Over 200 km: Per 10 km Increment | AH91: Over 200 km: Per 10 km Increment | AU91: Over 200 km: Per 10 km Increment | BH91: Over 200 km: Per 10 km Increment
A92: ③ ESTIMATED TOTAL AMOUNT FOR OKINAWA TABLE: | L92: ¥ | M92: =SUM(J69:M91) -> 0 | N92: ③ ESTIMATED TOTAL AMOUNT FOR OKINAWA TABLE: | Y92: ¥ | Z92: =SUM(W69:Z91) -> 0 | AA92: ③ ESTIMATED TOTAL AMOUNT FOR OKINAWA TABLE: | AL92: ¥ | AM92: =SUM(AJ69:AM91) -> 0 | AN92: ③ ESTIMATED TOTAL AMOUNT FOR OKINAWA TABLE: | AY92: ¥ | AZ92: =SUM(AW69:AZ91) -> 0 | BA92: ③ ESTIMATED TOTAL AMOUNT FOR OKINAWA TABLE: | BL92: ¥ | BM92: =SUM(BJ69:BM91) -> 0
A93: ④ ESTIMATED TOTAL AMOUNT FOR ①＋②＋③: | L93: ¥ | M93: =SUM(M92,M63,M35) -> 0 | N93: ④ ESTIMATED TOTAL AMOUNT FOR ①＋②＋③: | Y93: ¥ | Z93: =SUM(Z92,Z63,Z35) -> 0 | AA93: ④ ESTIMATED TOTAL AMOUNT FOR ①＋②＋③: | AL93: ¥ | AM93: =SUM(AM92,AM63,AM35) -> 0 | AN93: ④ ESTIMATED TOTAL AMOUNT FOR ①＋②＋③: | AY93: ¥ | AZ93: =SUM(AZ92,AZ63,AZ35) -> 0 | BA93: ④ ESTIMATED TOTAL AMOUNT FOR ①＋②＋③: | BL93: ¥ | BM93: =SUM(BM92,BM63,BM35) -> 0
A94: ACCESSORIAL SERVICES AND OTHER BILLABLE CHARGES: All listed unit prices shall be per truck. Prices shall be proposed in the unit specified for each item. Offerors shall provide proposed prices or rates in all listed items. Only Item No. BA49 is optional. | N94: ACCESSORIAL SERVICES AND OTHER BILLABLE CHARGES: All listed unit prices shall be per truck. Prices shall be proposed in the unit specified for each item. Offerors shall provide proposed prices or rates in all listed items. Only Item No. BB49 is optional. | AA94: ACCESSORIAL SERVICES AND OTHER BILLABLE CHARGES: All listed unit prices shall be per truck. Prices shall be proposed in the unit specified for each item. Offerors shall provide proposed prices or rates in all listed items. Only Item No. BC49 is optional. | AN94: ACCESSORIAL SERVICES AND OTHER BILLABLE CHARGES: All listed unit prices shall be per truck. Prices shall be proposed in the unit specified for each item. Offerors shall provide proposed prices or rates in all listed items. Only Item No. BD49 is optional. | BA94: ACCESSORIAL SERVICES AND OTHER BILLABLE CHARGES: All listed unit prices shall be per truck. Prices shall be proposed in the unit specified for each item. Offerors shall provide proposed prices or rates in all listed items. Only Item No. BE49 is optional.
A95: Item No. | B95: Description | H95: Est. Qty | I95: Unit | K95: Unit Price | M95: Est. Total | N95: Item No. | O95: Description | U95: Est. Qty | V95: Unit | X95: Unit Price | Z95: Est. Total | AA95: Item No. | AB95: Description | AH95: Est. Qty | AI95: Unit | AK95: Unit Price | AM95: Est. Total | AN95: Item No. | AO95: Description | AU95: Est. Qty | AV95: Unit | AX95: Unit Price | AZ95: Est. Total | BA95: Item No. | BB95: Description | BH95: Est. Qty | BI95: Unit | BK95: Unit Price | BM95: Est. Total
A96: BA41 | B96: RETENTION, DEMURRAGE | N96: BB41 | O96: RETENTION, DEMURRAGE | AA96: BC41 | AB96: RETENTION, DEMURRAGE | AN96: BD41 | AO96: RETENTION, DEMURRAGE | BA96: BE41 | BB96: RETENTION, DEMURRAGE
A97: BA41A | B97: Retention Charge per truck per day IAW PWS 3.7.1. | H97: 10 | I97: EA | J97: ¥ | L97: ¥ | M97: =K97*H97 -> 0 | N97: BB41A | O97: Retention Charge per truck per day IAW PWS 3.7.1. | U97: 10 | V97: EA | W97: ¥ | Y97: ¥ | Z97: =X97*U97 -> 0 | AA97: BC41A | AB97: Retention Charge per truck per day IAW PWS 3.7.1. | AH97: 10 | AI97: EA | AJ97: ¥ | AL97: ¥ | AM97: =AK97*AH97 -> 0 | AN97: BD41A | AO97: Retention Charge per truck per day IAW PWS 3.7.1. | AU97: 10 | AV97: EA | AW97: ¥ | AY97: ¥ | AZ97: =AX97*AU97 -> 0 | BA97: BE41A | BB97: Retention Charge per truck per day IAW PWS 3.7.1. | BH97: 10 | BI97: EA | BJ97: ¥ | BL97: ¥ | BM97: =BK97*BH97 -> 0
A98: BA41B | B98: Demurrage Charge per truck IAW PWS 3.7.2. | H98: 60 | I98: HR | J98: ¥ | L98: ¥ | M98: =K98*H98 -> 0 | N98: BB41B | O98: Demurrage Charge per truck IAW PWS 3.7.2. | U98: 60 | V98: HR | W98: ¥ | Y98: ¥ | Z98: =X98*U98 -> 0 | AA98: BC41B | AB98: Demurrage Charge per truck IAW PWS 3.7.2. | AH98: 60 | AI98: HR | AJ98: ¥ | AL98: ¥ | AM98: =AK98*AH98 -> 0 | AN98: BD41B | AO98: Demurrage Charge per truck IAW PWS 3.7.2. | AU98: 60 | AV98: HR | AW98: ¥ | AY98: ¥ | AZ98: =AX98*AU98 -> 0 | BA98: BE41B | BB98: Demurrage Charge per truck IAW PWS 3.7.2. | BH98: 60 | BI98: HR | BJ98: ¥ | BL98: ¥ | BM98: =BK98*BH98 -> 0
A99: BA42 | B99: CANCELLATION (max 100%) IAW PWS 3.7.3. | N99: BB42 | O99: CANCELLATION (max 100%) IAW PWS 3.7.3. | AA99: BC42 | AB99: CANCELLATION (max 100%) IAW PWS 3.7.3. | AN99: BD42 | AO99: CANCELLATION (max 100%) IAW PWS 3.7.3. | BA99: BE42 | BB99: CANCELLATION (max 100%) IAW PWS 3.7.3.
B100: Formula: ④x 10% (Est. Qty) x Unit Price (Offer Rate: %) = Est. Total | O100: Formula: ④x 10% (Est. Qty) x Unit Price (Offer Rate: %) = Est. Total | AB100: Formula: ④x 10% (Est. Qty) x Unit Price (Offer Rate: %) = Est. Total | AO100: Formula: ④x 10% (Est. Qty) x Unit Price (Offer Rate: %) = Est. Total | BB100: Formula: ④x 10% (Est. Qty) x Unit Price (Offer Rate: %) = Est. Total
A101: BA42A | B101: Two-Day Prior Cancellation Charge | H101: 0.1 | I101: EA | J101: % | L101: ¥ | M101: =M93*H101*K101 -> 0 | N101: BB42A | O101: Two-Day Prior Cancellation Charge | U101: 0.1 | V101: EA | W101: % | Y101: ¥ | Z101: =Z93*U101*X101 -> 0 | AA101: BC42A | AB101: Two-Day Prior Cancellation Charge | AH101: 0.1 | AI101: EA | AJ101: % | AL101: ¥ | AM101: =AM93*AH101*AK101 -> 0 | AN101: BD42A | AO101: Two-Day Prior Cancellation Charge | AU101: 0.1 | AV101: EA | AW101: % | AY101: ¥ | AZ101: =AZ93*AU101*AX101 -> 0 | BA101: BE42A | BB101: Two-Day Prior Cancellation Charge | BH101: 0.1 | BI101: EA | BJ101: % | BL101: ¥ | BM101: =BM93*BH101*BK101 -> 0
B102: Formula: ④x 10% (Est. Qty) x Unit Price (Offer Rate: %) = Est. Total | O102: Formula: ④x 10% (Est. Qty) x Unit Price (Offer Rate: %) = Est. Total | AB102: Formula: ④x 10% (Est. Qty) x Unit Price (Offer Rate: %) = Est. Total | AO102: Formula: ④x 10% (Est. Qty) x Unit Price (Offer Rate: %) = Est. Total | BB102: Formula: ④x 10% (Est. Qty) x Unit Price (Offer Rate: %) = Est. Total
A103: BA42B | B103: One-Day Prior Cancellation Charge | H103: 0.1 | I103: EA | J103: % | L103: ¥ | M103: =M93*H103*K103 -> 0 | N103: BB42B | O103: One-Day Prior Cancellation Charge | U103: 0.1 | V103: EA | W103: % | Y103: ¥ | Z103: =Z93*U103*X103 -> 0 | AA103: BC42B | AB103: One-Day Prior Cancellation Charge | AH103: 0.1 | AI103: EA | AJ103: % | AL103: ¥ | AM103: =AM93*AH103*AK103 -> 0 | AN103: BD42B | AO103: One-Day Prior Cancellation Charge | AU103: 0.1 | AV103: EA | AW103: % | AY103: ¥ | AZ103: =AZ93*AU103*AX103 -> 0 | BA103: BE42B | BB103: One-Day Prior Cancellation Charge | BH103: 0.1 | BI103: EA | BJ103: % | BL103: ¥ | BM103: =BM93*BH103*BK103 -> 0
B104: Formula: ④x 10% (Est. Qty) x Unit Price (Offer Rate: %) = Est. Total | O104: Formula: ④x 10% (Est. Qty) x Unit Price (Offer Rate: %) = Est. Total | AB104: Formula: ④x 10% (Est. Qty) x Unit Price (Offer Rate: %) = Est. Total | AO104: Formula: ④x 10% (Est. Qty) x Unit Price (Offer Rate: %) = Est. Total | BB104: Formula: ④x 10% (Est. Qty) x Unit Price (Offer Rate: %) = Est. Total
A105: BA42C | B105: Same-Day Prior Cancellation Charge | H105: 0.1 | I105: EA | J105: % | L105: ¥ | M105: =M93*H105*K105 -> 0 | N105: BB42C | O105: Same-Day Prior Cancellation Charge | U105: 0.1 | V105: EA | W105: % | Y105: ¥ | Z105: =Z93*U105*X105 -> 0 | AA105: BC42C | AB105: Same-Day Prior Cancellation Charge | AH105: 0.1 | AI105: EA | AJ105: % | AL105: ¥ | AM105: =AM93*AH105*AK105 -> 0 | AN105: BD42C | AO105: Same-Day Prior Cancellation Charge | AU105: 0.1 | AV105: EA | AW105: % | AY105: ¥ | AZ105: =AZ93*AU105*AX105 -> 0 | BA105: BE42C | BB105: Same-Day Prior Cancellation Charge | BH105: 0.1 | BI105: EA | BJ105: % | BL105: ¥ | BM105: =BM93*BH105*BK105 -> 0
B106: Formula: ④x 15% (Est. Qty) x Unit Price (Offer Rate: %) = Est. Total | O106: Formula: ④x 15% (Est. Qty) x Unit Price (Offer Rate: %) = Est. Total | AB106: Formula: ④x 15% (Est. Qty) x Unit Price (Offer Rate: %) = Est. Total | AO106: Formula: ④x 15% (Est. Qty) x Unit Price (Offer Rate: %) = Est. Total | BB106: Formula: ④x 15% (Est. Qty) x Unit Price (Offer Rate: %) = Est. Total
A107: BA43 | B107: SHORT-NOTICE SERVICE PREMIUM (max 50%) IAW PWS 3.7.4. | H107: 0.15 | I107: EA | J107: % | L107: ¥ | M107: =M93*H107*K107 -> 0 | N107: BB43 | O107: SHORT-NOTICE SERVICE PREMIUM (max 50%) IAW PWS 3.7.4. | U107: 0.15 | V107: EA | W107: % | Y107: ¥ | Z107: =Z93*U107*X107 -> 0 | AA107: BC43 | AB107: SHORT-NOTICE SERVICE PREMIUM (max 50%) IAW PWS 3.7.4. | AH107: 0.15 | AI107: EA | AJ107: % | AL107: ¥ | AM107: =AM93*AH107*AK107 -> 0 | AN107: BD43 | AO107: SHORT-NOTICE SERVICE PREMIUM (max 50%) IAW PWS 3.7.4. | AU107: 0.15 | AV107: EA | AW107: % | AY107: ¥ | AZ107: =AZ93*AU107*AX107 -> 0 | BA107: BE43 | BB107: SHORT-NOTICE SERVICE PREMIUM (max 50%) IAW PWS 3.7.4. | BH107: 0.15 | BI107: EA | BJ107: % | BL107: ¥ | BM107: =BM93*BH107*BK107 -> 0
B108: Formula: ④x 3% (Est. Qty) x Unit Price (Offer Rate: %) = Est. Total | O108: Formula: ④x 3% (Est. Qty) x Unit Price (Offer Rate: %) = Est. Total | AB108: Formula: ④x 3% (Est. Qty) x Unit Price (Offer Rate: %) = Est. Total | AO108: Formula: ④x 3% (Est. Qty) x Unit Price (Offer Rate: %) = Est. Total | BB108: Formula: ④x 3% (Est. Qty) x Unit Price (Offer Rate: %) = Est. Total
A109: BA44 | B109: MIDNIGHT AND EARLY MORNING SURCHARGE IAW PWS 3.7.5. | H109: 0.03 | I109: EA | J109: % | L109: ¥ | M109: =M93*H109*K109 -> 0 | N109: BB44 | O109: MIDNIGHT AND EARLY MORNING SURCHARGE IAW PWS 3.7.5. | U109: 0.03 | V109: EA | W109: % | Y109: ¥ | Z109: =Z93*U109*X109 -> 0 | AA109: BC44 | AB109: MIDNIGHT AND EARLY MORNING SURCHARGE IAW PWS 3.7.5. | AH109: 0.03 | AI109: EA | AJ109: % | AL109: ¥ | AM109: =AM93*AH109*AK109 -> 0 | AN109: BD44 | AO109: MIDNIGHT AND EARLY MORNING SURCHARGE IAW PWS 3.7.5. | AU109: 0.03 | AV109: EA | AW109: % | AY109: ¥ | AZ109: =AZ93*AU109*AX109 -> 0 | BA109: BE44 | BB109: MIDNIGHT AND EARLY MORNING SURCHARGE IAW PWS 3.7.5. | BH109: 0.03 | BI109: EA | BJ109: % | BL109: ¥ | BM109: =BM93*BH109*BK109 -> 0
B110: Formula: ④x 3% (Est. Qty) x Unit Price (Offer Rate: %) = Est. Total | O110: Formula: ④x 3% (Est. Qty) x Unit Price (Offer Rate: %) = Est. Total | AB110: Formula: ④x 3% (Est. Qty) x Unit Price (Offer Rate: %) = Est. Total | AO110: Formula: ④x 3% (Est. Qty) x Unit Price (Offer Rate: %) = Est. Total | BB110: Formula: ④x 3% (Est. Qty) x Unit Price (Offer Rate: %) = Est. Total
A111: BA45 | B111: WINTER PREMIUM IAW paragraph 3.7.6. of the PWS | H111: 0.03 | I111: EA | J111: % | L111: ¥ | M111: =M93*H111*K111 -> 0 | N111: BB45 | O111: WINTER PREMIUM IAW paragraph 3.7.6. of the PWS | U111: 0.03 | V111: EA | W111: % | Y111: ¥ | Z111: =Z93*U111*X111 -> 0 | AA111: BC45 | AB111: WINTER PREMIUM IAW paragraph 3.7.6. of the PWS | AH111: 0.03 | AI111: EA | AJ111: % | AL111: ¥ | AM111: =AM93*AH111*AK111 -> 0 | AN111: BD45 | AO111: WINTER PREMIUM IAW paragraph 3.7.6. of the PWS | AU111: 0.03 | AV111: EA | AW111: % | AY111: ¥ | AZ111: =AZ93*AU111*AX111 -> 0 | BA111: BE45 | BB111: WINTER PREMIUM IAW paragraph 3.7.6. of the PWS | BH111: 0.03 | BI111: EA | BJ111: % | BL111: ¥ | BM111: =BM93*BH111*BK111 -> 0
A112: BA46 | B112: MATERIAL HANDLING EQUIPMENT (FORKLIFT ) IAW PWS 3.7.7. | H112: See Exhibit F | N112: BB46 | O112: MATERIAL HANDLING EQUIPMENT (FORKLIFT ) IAW PWS 3.7.7. | U112: See Exhibit F | AA112: BC46 | AB112: MATERIAL HANDLING EQUIPMENT (FORKLIFT ) IAW PWS 3.7.7. | AH112: See Exhibit F | AN112: BD46 | AO112: MATERIAL HANDLING EQUIPMENT (FORKLIFT ) IAW PWS 3.7.7. | AU112: See Exhibit F | BA112: BE46 | BB112: MATERIAL HANDLING EQUIPMENT (FORKLIFT ) IAW PWS 3.7.7. | BH112: See Exhibit F
A113: BA47 | B113: MATERIAL HANDLING EQUIPMENT (CRANE) IAW PWS 3.7.7. | H113: See Exhibit F | N113: BB47 | O113: MATERIAL HANDLING EQUIPMENT (CRANE) IAW PWS 3.7.7. | U113: See Exhibit F | AA113: BC47 | AB113: MATERIAL HANDLING EQUIPMENT (CRANE) IAW PWS 3.7.7. | AH113: See Exhibit F | AN113: BD47 | AO113: MATERIAL HANDLING EQUIPMENT (CRANE) IAW PWS 3.7.7. | AU113: See Exhibit F | BA113: BE47 | BB113: MATERIAL HANDLING EQUIPMENT (CRANE) IAW PWS 3.7.7. | BH113: See Exhibit F
A114: BA48 | B114: EXPENSES IAW PWS 3.7.8. | H114: Reserved | N114: BB48 | O114: EXPENSES IAW PWS 3.7.8. | U114: Reserved | AA114: BC48 | AB114: EXPENSES IAW PWS 3.7.8. | AH114: Reserved | AN114: BD48 | AO114: EXPENSES IAW PWS 3.7.8. | AU114: Reserved | BA114: BE48 | BB114: EXPENSES IAW PWS 3.7.8. | BH114: Reserved
A115: BA49 | B115: TRACTOR FOR CONTAINER DROP & HOOK (Okinawa Only) IAW TE-B 2.3.(b) | H115: 260 | I115: EA | J115: ¥ | L115: ¥ | M115: =K115*H115 -> 0 | N115: BB49 | O115: TRACTOR FOR CONTAINER DROP & HOOK (Okinawa Only) IAW TE-B 2.3.(b) | U115: 260 | V115: EA | W115: ¥ | Y115: ¥ | Z115: =X115*U115 -> 0 | AA115: BC49 | AB115: TRACTOR FOR CONTAINER DROP & HOOK (Okinawa Only) IAW TE-B 2.3.(b) | AH115: 260 | AI115: EA | AJ115: ¥ | AL115: ¥ | AM115: =AK115*AH115 -> 0 | AN115: BD49 | AO115: TRACTOR FOR CONTAINER DROP & HOOK (Okinawa Only) IAW TE-B 2.3.(b) | AU115: 260 | AV115: EA | AW115: ¥ | AY115: ¥ | AZ115: =AX115*AU115 -> 0 | BA115: BE49 | BB115: TRACTOR FOR CONTAINER DROP & HOOK (Okinawa Only) IAW TE-B 2.3.(b) | BH115: 260 | BI115: EA | BJ115: ¥ | BL115: ¥ | BM115: =BK115*BH115 -> 0
A116: ⑤ ESTIMATED TOTAL FOR ACCESORIAL SERVICES: | L116: ¥ | M116: =SUM(M97:M115) -> 0 | N116: ⑤ ESTIMATED TOTAL FOR ACCESORIAL SERVICES: | Y116: ¥ | Z116: =SUM(Z97:Z115) -> 0 | AA116: ⑤ ESTIMATED TOTAL FOR ACCESORIAL SERVICES: | AL116: ¥ | AM116: =SUM(AM97:AM115) -> 0 | AN116: ⑤ ESTIMATED TOTAL FOR ACCESORIAL SERVICES: | AY116: ¥ | AZ116: =SUM(AZ97:AZ115) -> 0 | BA116: ⑤ ESTIMATED TOTAL FOR ACCESORIAL SERVICES: | BL116: ¥ | BM116: =SUM(BM97:BM115) -> 0
...

Sheet C. OSOW
A1: EXHIBIT CA: OVERSIZED OVERWEIGHT FAMILY PRICING SCHEDULE (BASE YEAR 0003) | P1: EXHIBIT CB: OVERSIZED OVERWEIGHT FAMILY PRICING SCHEDULE (BASE YEAR 1003) | AE1: EXHIBIT CC: OVERSIZED OVERWEIGHT FAMILY PRICING SCHEDULE (BASE YEAR 2003) | AT1: EXHIBIT CD: OVERSIZED OVERWEIGHT FAMILY PRICING SCHEDULE (BASE YEAR 3003) | BI1: EXHIBIT CE: OVERSIZED OVERWEIGHT FAMILY PRICING SCHEDULE (BASE YEAR 4003)
A2: POINT-TO-POINT ROUTES (IAW PWS 3.4.1.): All listed unit prices shall be one-way rates per truckload of OSOW freight. If proposing under the Mainland portion of the OSOW family, offerors shall provide proposed unit prices for all listed Items. | P2: POINT-TO-POINT ROUTES (IAW PWS 3.4.1.): All listed unit prices shall be one-way rates per truckload of OSOW freight. If proposing under the Mainland portion of the OSOW family, offerors shall provide proposed unit prices for all listed Items. | AE2: POINT-TO-POINT ROUTES (IAW PWS 3.4.1.): All listed unit prices shall be one-way rates per truckload of OSOW freight. If proposing under the Mainland portion of the OSOW family, offerors shall provide proposed unit prices for all listed Items. | AT2: POINT-TO-POINT ROUTES (IAW PWS 3.4.1.): All listed unit prices shall be one-way rates per truckload of OSOW freight. If proposing under the Mainland portion of the OSOW family, offerors shall provide proposed unit prices for all listed Items. | BI2: POINT-TO-POINT ROUTES (IAW PWS 3.4.1.): All listed unit prices shall be one-way rates per truckload of OSOW freight. If proposing under the Mainland portion of the OSOW family, offerors shall provide proposed unit prices for all listed Items.
A3: Item No. | C3: Description | H3: Est. Qty | I3: Unit | K3: Unit Price | N3: Est. Total | P3: Item No. | R3: Description | W3: Est. Qty | X3: Unit | Z3: Unit Price | AC3: Est. Total | AE3: Item No. | AG3: Description | AL3: Est. Qty | AM3: Unit | AO3: Unit Price | AR3: Est. Total | AT3: Item No. | AV3: Description | BA3: Est. Qty | BB3: Unit | BD3: Unit Price | BG3: Est. Total | BI3: Item No. | BK3: Description | BP3: Est. Qty | BQ3: Unit | BS3: Unit Price | BV3: Est. Total
A4: CA01 | B4: Between | C4: Sagami General Depot | P4: CB01 | Q4: Between | R4: Sagami General Depot | AE4: CC01 | AF4: Between | AG4: Sagami General Depot | AT4: CD01 | AU4: Between | AV4: Sagami General Depot | BI4: CE01 | BJ4: Between | BK4: Sagami General Depot
B5: and | C5: Yokohama North Dock or Honmoku Futo or Minami Honmoku Futo (32km/35km/38km) | Q5: and | R5: Yokohama North Dock or Honmoku Futo or Minami Honmoku Futo (32km/35km/38km) | AF5: and | AG5: Yokohama North Dock or Honmoku Futo or Minami Honmoku Futo (32km/35km/38km) | AU5: and | AV5: Yokohama North Dock or Honmoku Futo or Minami Honmoku Futo (32km/35km/38km) | BJ5: and | BK5: Yokohama North Dock or Honmoku Futo or Minami Honmoku Futo (32km/35km/38km)
A6: CA01A | C6: Up to 20-ton capacity Low-bed Semitrailer | H6: 35 | I6: EA | J6: ¥ | M6: ¥ | N6: =H6*K6 -> 0 | P6: CB01A | R6: Up to 20-ton capacity Low-bed Semitrailer | W6: 35 | X6: EA | Y6: ¥ | AB6: ¥ | AC6: =W6*Z6 -> 0 | AE6: CC01A | AG6: Up to 20-ton capacity Low-bed Semitrailer | AL6: 35 | AM6: EA | AN6: ¥ | AQ6: ¥ | AR6: =AL6*AO6 -> 0 | AT6: CD01A | AV6: Up to 20-ton capacity Low-bed Semitrailer | BA6: 35 | BB6: EA | BC6: ¥ | BF6: ¥ | BG6: =BA6*BD6 -> 0 | BI6: CE01A | BK6: Up to 20-ton capacity Low-bed Semitrailer | BP6: 35 | BQ6: EA | BR6: ¥ | BU6: ¥ | BV6: =BP6*BS6 -> 0
A7: CA01B | C7: Up to 26-ton capacity Low-bed Semitrailer | H7: 35 | I7: EA | J7: ¥ | M7: ¥ | N7: =H7*K7 -> 0 | P7: CB01B | R7: Up to 26-ton capacity Low-bed Semitrailer | W7: 35 | X7: EA | Y7: ¥ | AB7: ¥ | AC7: =W7*Z7 -> 0 | AE7: CC01B | AG7: Up to 26-ton capacity Low-bed Semitrailer | AL7: 35 | AM7: EA | AN7: ¥ | AQ7: ¥ | AR7: =AL7*AO7 -> 0 | AT7: CD01B | AV7: Up to 26-ton capacity Low-bed Semitrailer | BA7: 35 | BB7: EA | BC7: ¥ | BF7: ¥ | BG7: =BA7*BD7 -> 0 | BI7: CE01B | BK7: Up to 26-ton capacity Low-bed Semitrailer | BP7: 35 | BQ7: EA | BR7: ¥ | BU7: ¥ | BV7: =BP7*BS7 -> 0
A8: CA01C | C8: Up to 30-ton capacity Low-bed Semitrailer | H8: 45 | I8: EA | J8: ¥ | M8: ¥ | N8: =H8*K8 -> 0 | P8: CB01C | R8: Up to 30-ton capacity Low-bed Semitrailer | W8: 45 | X8: EA | Y8: ¥ | AB8: ¥ | AC8: =W8*Z8 -> 0 | AE8: CC01C | AG8: Up to 30-ton capacity Low-bed Semitrailer | AL8: 45 | AM8: EA | AN8: ¥ | AQ8: ¥ | AR8: =AL8*AO8 -> 0 | AT8: CD01C | AV8: Up to 30-ton capacity Low-bed Semitrailer | BA8: 45 | BB8: EA | BC8: ¥ | BF8: ¥ | BG8: =BA8*BD8 -> 0 | BI8: CE01C | BK8: Up to 30-ton capacity Low-bed Semitrailer | BP8: 45 | BQ8: EA | BR8: ¥ | BU8: ¥ | BV8: =BP8*BS8 -> 0
A9: CA01D | C9: Up to 36-ton capacity Low-bed Semitrailer | H9: 25 | I9: EA | J9: ¥ | M9: ¥ | N9: =H9*K9 -> 0 | P9: CB01D | R9: Up to 36-ton capacity Low-bed Semitrailer | W9: 25 | X9: EA | Y9: ¥ | AB9: ¥ | AC9: =W9*Z9 -> 0 | AE9: CC01D | AG9: Up to 36-ton capacity Low-bed Semitrailer | AL9: 25 | AM9: EA | AN9: ¥ | AQ9: ¥ | AR9: =AL9*AO9 -> 0 | AT9: CD01D | AV9: Up to 36-ton capacity Low-bed Semitrailer | BA9: 25 | BB9: EA | BC9: ¥ | BF9: ¥ | BG9: =BA9*BD9 -> 0 | BI9: CE01D | BK9: Up to 36-ton capacity Low-bed Semitrailer | BP9: 25 | BQ9: EA | BR9: ¥ | BU9: ¥ | BV9: =BP9*BS9 -> 0
A10: CA02 | B10: Between | C10: Yokohama North Dock | P10: CB02 | Q10: Between | R10: Yokohama North Dock | AE10: CC02 | AF10: Between | AG10: Yokohama North Dock | AT10: CD02 | AU10: Between | AV10: Yokohama North Dock | BI10: CE02 | BJ10: Between | BK10: Yokohama North Dock
B11: and | C11: Combined Arms Training Center, Camp Fuji (94km) | Q11: and | R11: Combined Arms Training Center, Camp Fuji (94km) | AF11: and | AG11: Combined Arms Training Center, Camp Fuji (94km) | AU11: and | AV11: Combined Arms Training Center, Camp Fuji (94km) | BJ11: and | BK11: Combined Arms Training Center, Camp Fuji (94km)
A12: CA02A | C12: Up to 20-ton capacity Low-bed Semitrailer | H12: 44 | I12: EA | J12: ¥ | M12: ¥ | N12: =H12*K12 -> 0 | P12: CB02A | R12: Up to 20-ton capacity Low-bed Semitrailer | W12: 44 | X12: EA | Y12: ¥ | AB12: ¥ | AC12: =W12*Z12 -> 0 | AE12: CC02A | AG12: Up to 20-ton capacity Low-bed Semitrailer | AL12: 44 | AM12: EA | AN12: ¥ | AQ12: ¥ | AR12: =AL12*AO12 -> 0 | AT12: CD02A | AV12: Up to 20-ton capacity Low-bed Semitrailer | BA12: 44 | BB12: EA | BC12: ¥ | BF12: ¥ | BG12: =BA12*BD12 -> 0 | BI12: CE02A | BK12: Up to 20-ton capacity Low-bed Semitrailer | BP12: 44 | BQ12: EA | BR12: ¥ | BU12: ¥ | BV12: =BP12*BS12 -> 0
A13: CA02B | C13: Up to 26-ton capacity Low-bed Semitrailer | H13: 44 | I13: EA | J13: ¥ | M13: ¥ | N13: =H13*K13 -> 0 | P13: CB02B | R13: Up to 26-ton capacity Low-bed Semitrailer | W13: 44 | X13: EA | Y13: ¥ | AB13: ¥ | AC13: =W13*Z13 -> 0 | AE13: CC02B | AG13: Up to 26-ton capacity Low-bed Semitrailer | AL13: 44 | AM13: EA | AN13: ¥ | AQ13: ¥ | AR13: =AL13*AO13 -> 0 | AT13: CD02B | AV13: Up to 26-ton capacity Low-bed Semitrailer | BA13: 44 | BB13: EA | BC13: ¥ | BF13: ¥ | BG13: =BA13*BD13 -> 0 | BI13: CE02B | BK13: Up to 26-ton capacity Low-bed Semitrailer | BP13: 44 | BQ13: EA | BR13: ¥ | BU13: ¥ | BV13: =BP13*BS13 -> 0
A14: CA02C | C14: Up to 30-ton capacity Low-bed Semitrailer | H14: 11 | I14: EA | J14: ¥ | M14: ¥ | N14: =H14*K14 -> 0 | P14: CB02C | R14: Up to 30-ton capacity Low-bed Semitrailer | W14: 11 | X14: EA | Y14: ¥ | AB14: ¥ | AC14: =W14*Z14 -> 0 | AE14: CC02C | AG14: Up to 30-ton capacity Low-bed Semitrailer | AL14: 11 | AM14: EA | AN14: ¥ | AQ14: ¥ | AR14: =AL14*AO14 -> 0 | AT14: CD02C | AV14: Up to 30-ton capacity Low-bed Semitrailer | BA14: 11 | BB14: EA | BC14: ¥ | BF14: ¥ | BG14: =BA14*BD14 -> 0 | BI14: CE02C | BK14: Up to 30-ton capacity Low-bed Semitrailer | BP14: 11 | BQ14: EA | BR14: ¥ | BU14: ¥ | BV14: =BP14*BS14 -> 0
A15: CA02D | C15: Up to 36-ton capacity Low-bed Semitrailer | H15: 27 | I15: EA | J15: ¥ | M15: ¥ | N15: =H15*K15 -> 0 | P15: CB02D | R15: Up to 36-ton capacity Low-bed Semitrailer | W15: 27 | X15: EA | Y15: ¥ | AB15: ¥ | AC15: =W15*Z15 -> 0 | AE15: CC02D | AG15: Up to 36-ton capacity Low-bed Semitrailer | AL15: 27 | AM15: EA | AN15: ¥ | AQ15: ¥ | AR15: =AL15*AO15 -> 0 | AT15: CD02D | AV15: Up to 36-ton capacity Low-bed Semitrailer | BA15: 27 | BB15: EA | BC15: ¥ | BF15: ¥ | BG15: =BA15*BD15 -> 0 | BI15: CE02D | BK15: Up to 36-ton capacity Low-bed Semitrailer | BP15: 27 | BQ15: EA | BR15: ¥ | BU15: ¥ | BV15: =BP15*BS15 -> 0
A16: CA03 thru CA04 | C16: Reserved | H16: Reserved | P16: CB03 thru CB04 | R16: Reserved | W16: Reserved | AE16: CCA03 thru CC04 | AG16: Reserved | AL16: Reserved | AT16: CD03 thru CD04 | AV16: Reserved | BA16: Reserved | BI16: CE03 thru CE04 | BK16: Reserved | BP16: Reserved
A17: ① ESTIMATED TOTAL AMOUNT FOR POINT-TO-POINT ROUTE: | N17: ¥ | O17: =SUM(N6:O15) -> 0 | P17: ① ESTIMATED TOTAL AMOUNT FOR POINT-TO-POINT ROUTE: | AC17: ¥ | AD17: =SUM(AC6:AD15) -> 0 | AE17: ① ESTIMATED TOTAL AMOUNT FOR POINT-TO-POINT ROUTE: | AR17: ¥ | AS17: =SUM(AR6:AS15) -> 0 | AT17: ① ESTIMATED TOTAL AMOUNT FOR POINT-TO-POINT ROUTE: | BG17: ¥ | BH17: =SUM(BG6:BH15) -> 0 | BI17: ① ESTIMATED TOTAL AMOUNT FOR POINT-TO-POINT ROUTE: | BV17: ¥ | BW17: =SUM(BV6:BW15) -> 0
A18: MAINLAND DISTANCE RATE TABLE (IAW nationwide industiry standards and GOJ guidelines; see PWS 3.4.2.): All listed unit prices shall be one-way rates per truckload of OSOW freight. (Min. Chargeable Distance: 10km) If proposing under the Mainland portion of the OSOW family, offerors shall provide proposed distance rates for all listed truck types and distances. | P18: MAINLAND DISTANCE RATE TABLE (IAW nationwide industiry standards and GOJ guidelines; see PWS 3.4.2.): All listed unit prices shall be one-way rates per truckload of OSOW freight. (Min. Chargeable Distance: 10km) If proposing under the Mainland portion of the OSOW family, offerors shall provide proposed distance rates for all listed truck types and distances. | AE18: MAINLAND DISTANCE RATE TABLE (IAW nationwide industiry standards and GOJ guidelines; see PWS 3.4.2.): All listed unit prices shall be one-way rates per truckload of OSOW freight. (Min. Chargeable Distance: 10km) If proposing under the Mainland portion of the OSOW family, offerors shall provide proposed distance rates for all listed truck types and distances. | AT18: MAINLAND DISTANCE RATE TABLE (IAW nationwide industiry standards and GOJ guidelines; see PWS 3.4.2.): All listed unit prices shall be one-way rates per truckload of OSOW freight. (Min. Chargeable Distance: 10km) If proposing under the Mainland portion of the OSOW family, offerors shall provide proposed distance rates for all listed truck types and distances. | BI18: MAINLAND DISTANCE RATE TABLE (IAW nationwide industiry standards and GOJ guidelines; see PWS 3.4.2.): All listed unit prices shall be one-way rates per truckload of OSOW freight. (Min. Chargeable Distance: 10km) If proposing under the Mainland portion of the OSOW family, offerors shall provide proposed distance rates for all listed truck types and distances.
A19: Item No. | C19: Description | H19: Est. Qty | I19: Unit | P19: Item No. | R19: Description | W19: Est. Qty | X19: Unit | AE19: Item No. | AG19: Description | AL19: Est. Qty | AM19: Unit | AT19: Item No. | AV19: Description | BA19: Est. Qty | BB19: Unit | BI19: Item No. | BK19: Description | BP19: Est. Qty | BQ19: Unit
A20: CA05 | B20: Distance Rates for All Areas excluding Okinawa | H20: 800 | I20: EA | P20: CB05 | Q20: Distance Rates for All Areas excluding Okinawa | W20: 800 | X20: EA | AE20: CC05 | AF20: Distance Rates for All Areas excluding Okinawa | AL20: 800 | AM20: EA | AT20: CD05 | AU20: Distance Rates for All Areas excluding Okinawa | BA20: 800 | BB20: EA | BI20: CE05 | BJ20: Distance Rates for All Areas excluding Okinawa | BP20: 800 | BQ20: EA
H21: One-Way | I21: Truck Type | W21: One-Way | X21: Truck Type | AL21: One-Way | AM21: Truck Type | BA21: One-Way | BB21: Truck Type | BP21: One-Way | BQ21: Truck Type
H22: Distance (km) | I22: 20-ton | J22: 26-ton | L22: 30-ton | N22: 36-ton | O22: Self-Loader | W22: Distance (km) | X22: 20-ton | Y22: 26-ton | AA22: 30-ton | AC22: 36-ton | AD22: Self-Loader | AL22: Distance (km) | AM22: 20-ton | AN22: 26-ton | AP22: 30-ton | AR22: 36-ton | AS22: Self-Loader | BA22: Distance (km) | BB22: 20-ton | BC22: 26-ton | BE22: 30-ton | BG22: 36-ton | BH22: Self-Loader | BP22: Distance (km) | BQ22: 20-ton | BR22: 26-ton | BT22: 30-ton | BV22: 36-ton | BW22: Self-Loader
H23: 10 | W23: 10 | AL23: 10 | BA23: 10 | BP23: 10
H24: 20 | W24: 20 | AL24: 20 | BA24: 20 | BP24: 20
H25: 30 | W25: 30 | AL25: 30 | BA25: 30 | BP25: 30
H26: 40 | W26: 40 | AL26: 40 | BA26: 40 | BP26: 40
H27: 50 | W27: 50 | AL27: 50 | BA27: 50 | BP27: 50
H28: 60 | W28: 60 | AL28: 60 | BA28: 60 | BP28: 60
H29: 70 | W29: 70 | AL29: 70 | BA29: 70 | BP29: 70
H30: 80 | W30: 80 | AL30: 80 | BA30: 80 | BP30: 80
H31: 90 | W31: 90 | AL31: 90 | BA31: 90 | BP31: 90
H32: 100 | W32: 100 | AL32: 100 | BA32: 100 | BP32: 100
H33: 110 | W33: 110 | AL33: 110 | BA33: 110 | BP33: 110
H34: 120 | W34: 120 | AL34: 120 | BA34: 120 | BP34: 120
... H42: 200 | W42: 200 | AL42: 200 | BA42: 200 | BP42: 200
H43: Over 200 km through 500 km: Per 20 km Increment | W43: Over 200 km through 500 km: Per 20 km Increment | AL43: Over 200 km through 500 km: Per 20 km Increment | BA43: Over 200 km through 500 km: Per 20 km Increment | BP43: Over 200 km through 500 km: Per 20 km Increment
H44: Over 500 km: Per 50 km Increment | W44: Over 500 km: Per 50 km Increment | AL44: Over 500 km: Per 50 km Increment | BA44: Over 500 km: Per 50 km Increment | BP44: Over 500 km: Per 50 km Increment
A45: ② ESTIMATED TOTAL AMOUNT FOR STANDARD TABLE: | N45: ¥ | O45: =SUM(I23:O44) -> 0 | P45: ② ESTIMATED TOTAL AMOUNT FOR STANDARD TABLE: | AC45: ¥ | AD45: =SUM(X23:AD44) -> 0 | AE45: ② ESTIMATED TOTAL AMOUNT FOR STANDARD TABLE: | AR45: ¥ | AS45: =SUM(AM23:AS44) -> 0 | AT45: ② ESTIMATED TOTAL AMOUNT FOR STANDARD TABLE: | BG45: ¥ | BH45: =SUM(BB23:BH44) -> 0 | BI45: ② ESTIMATED TOTAL AMOUNT FOR STANDARD TABLE: | BV45: ¥ | BW45: =SUM(BQ23:BW44) -> 0
A46: OKINAWA DISTANCE RATE TABLE (IAW nationwide industiry standards and GOJ guidelines; see PWS 3.4.2.): All listed unit prices shall be one-way rates per truckload of OSOW freight. (Min. Chargeable Distance: 5km) If proposing under the Okinawa portion of the OSOW family, offerors shall provide proposed distance rates for all listed truck types and distances. | P46: OKINAWA DISTANCE RATE TABLE (IAW nationwide industiry standards and GOJ guidelines; see PWS 3.4.2.): All listed unit prices shall be one-way rates per truckload of OSOW freight. (Min. Chargeable Distance: 5km) If proposing under the Okinawa portion of the OSOW family, offerors shall provide proposed distance rates for all listed truck types and distances. | AE46: OKINAWA DISTANCE RATE TABLE (IAW nationwide industiry standards and GOJ guidelines; see PWS 3.4.2.): All listed unit prices shall be one-way rates per truckload of OSOW freight. (Min. Chargeable Distance: 5km) If proposing under the Okinawa portion of the OSOW family, offerors shall provide proposed distance rates for all listed truck types and distances. | AT46: OKINAWA DISTANCE RATE TABLE (IAW nationwide industiry standards and GOJ guidelines; see PWS 3.4.2.): All listed unit prices shall be one-way rates per truckload of OSOW freight. (Min. Chargeable Distance: 5km) If proposing under the Okinawa portion of the OSOW family, offerors shall provide proposed distance rates for all listed truck types and distances. | BI46: OKINAWA DISTANCE RATE TABLE (IAW nationwide industiry standards and GOJ guidelines; see PWS 3.4.2.): All listed unit prices shall be one-way rates per truckload of OSOW freight. (Min. Chargeable Distance: 5km) If proposing under the Okinawa portion of the OSOW family, offerors shall provide proposed distance rates for all listed truck types and distances.
A47: Item No. | C47: Description | H47: Est. Qty | I47: Unit | P47: Item No. | R47: Description | W47: Est. Qty | X47: Unit | AE47: Item No. | AG47: Description | AL47: Est. Qty | AM47: Unit | AT47: Item No. | AV47: Description | BA47: Est. Qty | BB47: Unit | BI47: Item No. | BK47: Description | BP47: Est. Qty | BQ47: Unit
A48: CA06 | B48: Distance Rates for transportation service of general freight in Okinawa | H48: 755 | I48: EA | P48: CB06 | Q48: Distance Rates for transportation service of general freight in Okinawa | W48: 755 | X48: EA | AE48: CC06 | AF48: Distance Rates for transportation service of general freight in Okinawa | AL48: 755 | AM48: EA | AT48: CD06 | AU48: Distance Rates for transportation service of general freight in Okinawa | BA48: 755 | BB48: EA | BI48: CE06 | BJ48: Distance Rates for transportation service of general freight in Okinawa | BP48: 755 | BQ48: EA
H49: One-Way | I49: Truck Type | W49: One-Way | X49: Truck Type | AL49: One-Way | AM49: Truck Type | BA49: One-Way | BB49: Truck Type | BP49: One-Way | BQ49: Truck Type
H50: Distance (km) | I50: 20-ton | J50: 30-ton | L50: Small-Wrecker | N50: Large-Wrecker | O50: Self-Loader | W50: Distance (km) | X50: 20-ton | Y50: 30-ton | AA50: Small-Wrecker | AC50: Large-Wrecker | AD50: Self-Loader | AL50: Distance (km) | AM50: 20-ton | AN50: 30-ton | AP50: Small-Wrecker | AR50: Large-Wrecker | AS50: Self-Loader | BA50: Distance (km) | BB50: 20-ton | BC50: 30-ton | BE50: Small-Wrecker | BG50: Large-Wrecker | BH50: Self-Loader | BP50: Distance (km) | BQ50: 20-ton | BR50: 30-ton | BT50: Small-Wrecker | BV50: Large-Wrecker | BW50: Self-Loader
H51: 5 | W51: 5 | AL51: 5 | BA51: 5 | BP51: 5
H52: 10 | W52: 10 | AL52: 10 | BA52: 10 | BP52: 10
H53: 20 | W53: 20 | AL53: 20 | BA53: 20 | BP53: 20
H54: 30 | W54: 30 | AL54: 30 | BA54: 30 | BP54: 30
H55: 40 | W55: 40 | AL55: 40 | BA55: 40 | BP55: 40
H56: 50 | W56: 50 | AL56: 50 | BA56: 50 | BP56: 50
H57: 60 | W57: 60 | AL57: 60 | BA57: 60 | BP57: 60
H58: 70 | W58: 70 | AL58: 70 | BA58: 70 | BP58: 70
H59: 80 | W59: 80 | AL59: 80 | BA59: 80 | BP59: 80
H60: 90 | W60: 90 | AL60: 90 | BA60: 90 | BP60: 90
H61: 100 | W61: 100 | AL61: 100 | BA61: 100 | BP61: 100
H62: 110 | W62: 110 | AL62: 110 | BA62: 110 | BP62: 110
... H71: 200 | W71: 200 | AL71: 200 | BA71: 200 | BP71: 200
H72: Over 200 km: Per 10 km Increment | W72: Over 200 km: Per 10 km Increment | AL72: Over 200 km: Per 10 km Increment | BA72: Over 200 km: Per 10 km Increment | BP72: Over 200 km: Per 10 km Increment
A73: ③ ESTIMATED TOTAL AMOUNT FOR OKINAWA TABLE: | N73: ¥ | O73: =SUM(I51:O72) -> 0 | P73: ③ ESTIMATED TOTAL AMOUNT FOR OKINAWA TABLE: | AC73: ¥ | AD73: =SUM(X51:AD72) -> 0 | AE73: ③ ESTIMATED TOTAL AMOUNT FOR OKINAWA TABLE: | AR73: ¥ | AS73: =SUM(AM51:AS72) -> 0 | AT73: ③ ESTIMATED TOTAL AMOUNT FOR OKINAWA TABLE: | BG73: ¥ | BH73: =SUM(BB51:BH72) -> 0 | BI73: ③ ESTIMATED TOTAL AMOUNT FOR OKINAWA TABLE: | BV73: ¥ | BW73: =SUM(BQ51:BW72) -> 0
A74: ④ ESTIMATED TOTAL AMOUNT FOR ①＋②＋③: | N74: ¥ | O74: =SUM(O73,O45,O17) -> 0 | P74: ④ ESTIMATED TOTAL AMOUNT FOR ①＋②＋③: | AC74: ¥ | AD74: =SUM(AD73,AD45,AD17) -> 0 | AE74: ④ ESTIMATED TOTAL AMOUNT FOR ①＋②＋③: | AR74: ¥ | AS74: =SUM(AS73,AS45,AS17) -> 0 | AT74: ④ ESTIMATED TOTAL AMOUNT FOR ①＋②＋③: | BG74: ¥ | BH74: =SUM(BH73,BH45,BH17) -> 0 | BI74: ④ ESTIMATED TOTAL AMOUNT FOR ①＋②＋③: | BV74: ¥ | BW74: =SUM(BW73,BW45,BW17) -> 0
A75: ACCESSORIAL SERVICES AND OTHER BILLABLE CHARGES: All listed unit prices shall be per truck. Prices shall be proposed in the unit specified for each item. Offerors shall provide proposed prices or rates in all listed items. | P75: ACCESSORIAL SERVICES AND OTHER BILLABLE CHARGES: All listed unit prices shall be per truck. Prices shall be proposed in the unit specified for each item. Offerors shall provide proposed prices or rates in all listed items. | AE75: ACCESSORIAL SERVICES AND OTHER BILLABLE CHARGES: All listed unit prices shall be per truck. Prices shall be proposed in the unit specified for each item. Offerors shall provide proposed prices or rates in all listed items. | AT75: ACCESSORIAL SERVICES AND OTHER BILLABLE CHARGES: All listed unit prices shall be per truck. Prices shall be proposed in the unit specified for each item. Offerors shall provide proposed prices or rates in all listed items. | BI75: ACCESSORIAL SERVICES AND OTHER BILLABLE CHARGES: All listed unit prices shall be per truck. Prices shall be proposed in the unit specified for each item. Offerors shall provide proposed prices or rates in all listed items.
A76: Item No. | C76: Description | H76: Est. Qty | I76: Unit | K76: Unit Price | N76: Est. Total | P76: Item No. | R76: Description | W76: Est. Qty | X76: Unit | Z76: Unit Price | AC76: Est. Total | AE76: Item No. | AG76: Description | AL76: Est. Qty | AM76: Unit | AO76: Unit Price | AR76: Est. Total | AT76: Item No. | AV76: Description | BA76: Est. Qty | BB76: Unit | BD76: Unit Price | BG76: Est. Total | BI76: Item No. | BK76: Description | BP76: Est. Qty | BQ76: Unit | BS76: Unit Price | BV76: Est. Total
A77: CA41 | B77: RETENTION, DEMURRAGE | P77: CB41 | Q77: RETENTION, DEMURRAGE | AE77: CC41 | AF77: RETENTION, DEMURRAGE | AT77: CD41 | AU77: RETENTION, DEMURRAGE | BI77: CE41 | BJ77: RETENTION, DEMURRAGE
A78: CA41A | B78: Retention Charge per truck per day IAW PWS 3.7.1. | H78: 10 | I78: EA | J78: ¥ | M78: ¥ | N78: =H78*K78 -> 0 | P78: CB41A | Q78: Retention Charge per truck per day IAW PWS 3.7.1. | W78: 10 | X78: EA | Y78: ¥ | AB78: ¥ | AC78: =W78*Z78 -> 0 | AE78: CC41A | AF78: Retention Charge per truck per day IAW PWS 3.7.1. | AL78: 10 | AM78: EA | AN78: ¥ | AQ78: ¥ | AR78: =AL78*AO78 -> 0 | AT78: CD41A | AU78: Retention Charge per truck per day IAW PWS 3.7.1. | BA78: 10 | BB78: EA | BC78: ¥ | BF78: ¥ | BG78: =BA78*BD78 -> 0 | BI78: CE41A | BJ78: Retention Charge per truck per day IAW PWS 3.7.1. | BP78: 10 | BQ78: EA | BR78: ¥ | BU78: ¥ | BV78: =BP78*BS78 -> 0
A79: CA41B | B79: Demurrage Charge per truck IAW PWS 3.7.2. | H79: 60 | I79: HR | J79: ¥ | M79: ¥ | N79: =H79*K79 -> 0 | P79: CB41B | Q79: Demurrage Charge per truck IAW PWS 3.7.2. | W79: 60 | X79: HR | Y79: ¥ | AB79: ¥ | AC79: =W79*Z79 -> 0 | AE79: CC41B | AF79: Demurrage Charge per truck IAW PWS 3.7.2. | AL79: 60 | AM79: HR | AN79: ¥ | AQ79: ¥ | AR79: =AL79*AO79 -> 0 | AT79: CD41B | AU79: Demurrage Charge per truck IAW PWS 3.7.2. | BA79: 60 | BB79: HR | BC79: ¥ | BF79: ¥ | BG79: =BA79*BD79 -> 0 | BI79: CE41B | BJ79: Demurrage Charge per truck IAW PWS 3.7.2. | BP79: 60 | BQ79: HR | BR79: ¥ | BU79: ¥ | BV79: =BP79*BS79 -> 0
A80: CA42 | B80: CANCELLATION (max 100%) IAW PWS 3.7.3. | P80: CB42 | Q80: CANCELLATION (max 100%) IAW PWS 3.7.3. | AE80: CC42 | AF80: CANCELLATION (max 100%) IAW PWS 3.7.3. | AT80: CD42 | AU80: CANCELLATION (max 100%) IAW PWS 3.7.3. | BI80: CE42 | BJ80: CANCELLATION (max 100%) IAW PWS 3.7.3.
B81: Formula: ④x 10% (Est. Qty) x Unit Price (Offer Rate: %) = Est. Total | Q81: Formula: ④x 10% (Est. Qty) x Unit Price (Offer Rate: %) = Est. Total | AF81: Formula: ④x 10% (Est. Qty) x Unit Price (Offer Rate: %) = Est. Total | AU81: Formula: ④x 10% (Est. Qty) x Unit Price (Offer Rate: %) = Est. Total | BJ81: Formula: ④x 10% (Est. Qty) x Unit Price (Offer Rate: %) = Est. Total
A82: CA42A | B82: TWO-DAY PRIOR CANCELLATION CHARGE | H82: 0.1 | I82: EA | J82: % | M82: ¥ | N82: =O74*H82*K82 -> 0 | P82: CB42A | Q82: TWO-DAY PRIOR CANCELLATION CHARGE | W82: 0.1 | X82: EA | Y82: % | AB82: ¥ | AC82: =AD74*W82*Z82 -> 0 | AE82: CC42A | AF82: TWO-DAY PRIOR CANCELLATION CHARGE | AL82: 0.1 | AM82: EA | AN82: % | AQ82: ¥ | AR82: =AS74*AL82*AO82 -> 0 | AT82: CD42A | AU82: TWO-DAY PRIOR CANCELLATION CHARGE | BA82: 0.1 | BB82: EA | BC82: % | BF82: ¥ | BG82: =BH74*BA82*BD82 -> 0 | BI82: CE42A | BJ82: TWO-DAY PRIOR CANCELLATION CHARGE | BP82: 0.1 | BQ82: EA | BR82: % | BU82: ¥ | BV82: =BW74*BP82*BS82 -> 0
B83: Formula: ④x 10% (Est. Qty) x Unit Price (Offer Rate: %) = Est. Total | Q83: Formula: ④x 10% (Est. Qty) x Unit Price (Offer Rate: %) = Est. Total | AF83: Formula: ④x 10% (Est. Qty) x Unit Price (Offer Rate: %) = Est. Total | AU83: Formula: ④x 10% (Est. Qty) x Unit Price (Offer Rate: %) = Est. Total | BJ83: Formula: ④x 10% (Est. Qty) x Unit Price (Offer Rate: %) = Est. Total
A84: CA42B | B84: ONE-DAY PRIOR CANCELLATION CHARGE | H84: 0.1 | I84: EA | J84: % | M84: ¥ | N84: =O74*H84*K84 -> 0 | P84: CB42B | Q84: ONE-DAY PRIOR CANCELLATION CHARGE | W84: 0.1 | X84: EA | Y84: % | AB84: ¥ | AC84: =AD74*W84*Z84 -> 0 | AE84: CC42B | AF84: ONE-DAY PRIOR CANCELLATION CHARGE | AL84: 0.1 | AM84: EA | AN84: % | AQ84: ¥ | AR84: =AS74*AL84*AO84 -> 0 | AT84: CD42B | AU84: ONE-DAY PRIOR CANCELLATION CHARGE | BA84: 0.1 | BB84: EA | BC84: % | BF84: ¥ | BG84: =BH74*BA84*BD84 -> 0 | BI84: CE42B | BJ84: ONE-DAY PRIOR CANCELLATION CHARGE | BP84: 0.1 | BQ84: EA | BR84: % | BU84: ¥ | BV84: =BW74*BP84*BS84 -> 0
B85: Formula: ④x 10% (Est. Qty) x Unit Price (Offer Rate: %) = Est. Total | Q85: Formula: ④x 10% (Est. Qty) x Unit Price (Offer Rate: %) = Est. Total | AF85: Formula: ④x 10% (Est. Qty) x Unit Price (Offer Rate: %) = Est. Total | AU85: Formula: ④x 10% (Est. Qty) x Unit Price (Offer Rate: %) = Est. Total | BJ85: Formula: ④x 10% (Est. Qty) x Unit Price (Offer Rate: %) = Est. Total
A86: CA42C | B86: SAME-DAY CANCELLATION CHARGE | H86: 0.1 | I86: EA | J86: % | M86: ¥ | N86: =O74*H86*K86 -> 0 | P86: CB42C | Q86: SAME-DAY CANCELLATION CHARGE | W86: 0.1 | X86: EA | Y86: % | AB86: ¥ | AC86: =AD74*W86*Z86 -> 0 | AE86: CC42C | AF86: SAME-DAY CANCELLATION CHARGE | AL86: 0.1 | AM86: EA | AN86: % | AQ86: ¥ | AR86: =AS74*AL86*AO86 -> 0 | AT86: CD42C | AU86: SAME-DAY CANCELLATION CHARGE | BA86: 0.1 | BB86: EA | BC86: % | BF86: ¥ | BG86: =BH74*BA86*BD86 -> 0 | BI86: CE42C | BJ86: SAME-DAY CANCELLATION CHARGE | BP86: 0.1 | BQ86: EA | BR86: % | BU86: ¥ | BV86: =BW74*BP86*BS86 -> 0
B87: Formula: ④x 15% (Est. Qty) x Unit Price (Offer Rate: %) = Est. Total | Q87: Formula: ④x 15% (Est. Qty) x Unit Price (Offer Rate: %) = Est. Total | AF87: Formula: ④x 15% (Est. Qty) x Unit Price (Offer Rate: %) = Est. Total | AU87: Formula: ④x 15% (Est. Qty) x Unit Price (Offer Rate: %) = Est. Total | BJ87: Formula: ④x 15% (Est. Qty) x Unit Price (Offer Rate: %) = Est. Total
A88: CA43 | B88: SHORT-NOTICE SERVICE PREMIUM (max 50%) IAW PWS 3.7.4. | H88: 0.15 | I88: EA | J88: % | M88: ¥ | N88: =O74*H88*K88 -> 0 | P88: CB43 | Q88: SHORT-NOTICE SERVICE PREMIUM (max 50%) IAW PWS 3.7.4. | W88: 0.15 | X88: EA | Y88: % | AB88: ¥ | AC88: =AD74*W88*Z88 -> 0 | AE88: CC43 | AF88: SHORT-NOTICE SERVICE PREMIUM (max 50%) IAW PWS 3.7.4. | AL88: 0.15 | AM88: EA | AN88: % | AQ88: ¥ | AR88: =AS74*AL88*AO88 -> 0 | AT88: CD43 | AU88: SHORT-NOTICE SERVICE PREMIUM (max 50%) IAW PWS 3.7.4. | BA88: 0.15 | BB88: EA | BC88: % | BF88: ¥ | BG88: =BH74*BA88*BD88 -> 0 | BI88: CE43 | BJ88: SHORT-NOTICE SERVICE PREMIUM (max 50%) IAW PWS 3.7.4. | BP88: 0.15 | BQ88: EA | BR88: % | BU88: ¥ | BV88: =BW74*BP88*BS88 -> 0
B89: Formula: ④x 3% (Est. Qty) x Unit Price (Offer Rate: %) = Est. Total | Q89: Formula: ④x 3% (Est. Qty) x Unit Price (Offer Rate: %) = Est. Total | AF89: Formula: ④x 3% (Est. Qty) x Unit Price (Offer Rate: %) = Est. Total | AU89: Formula: ④x 3% (Est. Qty) x Unit Price (Offer Rate: %) = Est. Total | BJ89: Formula: ④x 3% (Est. Qty) x Unit Price (Offer Rate: %) = Est. Total
A90: CA44 | B90: MIDNIGHT AND EARLY MORNING SURCHARGE IAW PWS 3.7.5. | H90: 0.03 | I90: EA | J90: % | M90: ¥ | N90: =O74*H90*K90 -> 0 | P90: CB44 | Q90: MIDNIGHT AND EARLY MORNING SURCHARGE IAW PWS 3.7.5. | W90: 0.03 | X90: EA | Y90: % | AB90: ¥ | AC90: =AD74*W90*Z90 -> 0 | AE90: CC44 | AF90: MIDNIGHT AND EARLY MORNING SURCHARGE IAW PWS 3.7.5. | AL90: 0.03 | AM90: EA | AN90: % | AQ90: ¥ | AR90: =AS74*AL90*AO90 -> 0 | AT90: CD44 | AU90: MIDNIGHT AND EARLY MORNING SURCHARGE IAW PWS 3.7.5. | BA90: 0.03 | BB90: EA | BC90: % | BF90: ¥ | BG90: =BH74*BA90*BD90 -> 0 | BI90: CE44 | BJ90: MIDNIGHT AND EARLY MORNING SURCHARGE IAW PWS 3.7.5. | BP90: 0.03 | BQ90: EA | BR90: % | BU90: ¥ | BV90: =BW74*BP90*BS90 -> 0
B91: Formula: ④x 3% (Est. Qty) x Unit Price (Offer Rate: %) = Est. Total | Q91: Formula: ④x 3% (Est. Qty) x Unit Price (Offer Rate: %) = Est. Total | AF91: Formula: ④x 3% (Est. Qty) x Unit Price (Offer Rate: %) = Est. Total | AU91: Formula: ④x 3% (Est. Qty) x Unit Price (Offer Rate: %) = Est. Total | BJ91: Formula: ④x 3% (Est. Qty) x Unit Price (Offer Rate: %) = Est. Total
A92: CA45 | B92: WINTER PREMIUM IAW PWS 3.7.6. | H92: 0.03 | I92: EA | J92: % | M92: ¥ | N92: =O74*H92*K92 -> 0 | P92: CB45 | Q92: WINTER PREMIUM IAW PWS 3.7.6. | W92: 0.03 | X92: EA | Y92: % | AB92: ¥ | AC92: =AD74*W92*Z92 -> 0 | AE92: CC45 | AF92: WINTER PREMIUM IAW PWS 3.7.6. | AL92: 0.03 | AM92: EA | AN92: % | AQ92: ¥ | AR92: =AS74*AL92*AO92 -> 0 | AT92: CD45 | AU92: WINTER PREMIUM IAW PWS 3.7.6. | BA92: 0.03 | BB92: EA | BC92: % | BF92: ¥ | BG92: =BH74*BA92*BD92 -> 0 | BI92: CE45 | BJ92: WINTER PREMIUM IAW PWS 3.7.6. | BP92: 0.03 | BQ92: EA | BR92: % | BU92: ¥ | BV92: =BW74*BP92*BS92 -> 0
A93: CA46 | B93: MATERIAL HANDLING EQUIPMENT (FORKLIFT ) IAW PWS 3.7.7. | H93: See Exhibit F | P93: CB46 | Q93: MATERIAL HANDLING EQUIPMENT (FORKLIFT ) IAW PWS 3.7.7. | W93: See Exhibit F | AE93: CC46 | AF93: MATERIAL HANDLING EQUIPMENT (FORKLIFT ) IAW PWS 3.7.7. | AL93: See Exhibit F | AT93: CD46 | AU93: MATERIAL HANDLING EQUIPMENT (FORKLIFT ) IAW PWS 3.7.7. | BA93: See Exhibit F | BI93: CE46 | BJ93: MATERIAL HANDLING EQUIPMENT (FORKLIFT ) IAW PWS 3.7.7. | BP93: See Exhibit F
A94: CA47 | B94: MATERIAL HANDLING EQUIPMENT (CRANE ) IAW PWS 3.7.7. | H94: See Exhibit F | P94: CB47 | Q94: MATERIAL HANDLING EQUIPMENT (CRANE ) IAW PWS 3.7.7. | W94: See Exhibit F | AE94: CC47 | AF94: MATERIAL HANDLING EQUIPMENT (CRANE ) IAW PWS 3.7.7. | AL94: See Exhibit F | AT94: CD47 | AU94: MATERIAL HANDLING EQUIPMENT (CRANE ) IAW PWS 3.7.7. | BA94: See Exhibit F | BI94: CE47 | BJ94: MATERIAL HANDLING EQUIPMENT (CRANE ) IAW PWS 3.7.7. | BP94: See Exhibit F
A95: CA48 | B95: EXPENSES IAW PWS 3.7.8. | H95: Reserved | P95: CB48 | Q95: EXPENSES IAW PWS 3.7.8. | W95: Reserved | AE95: CC48 | AF95: EXPENSES IAW PWS 3.7.8. | AL95: Reserved | AT95: CD48 | AU95: EXPENSES IAW PWS 3.7.8. | BA95: Reserved | BI95: CE48 | BJ95: EXPENSES IAW PWS 3.7.8. | BP95: Reserved
A96: ⑤ ESTIMATED TOTAL FOR ACCESORIAL SERVICES: | N96: ¥ | O96: =SUM(N78,N79,N82,N84,N86,N88,N90,N92) -> 0 | P96: ⑤ ESTIMATED TOTAL FOR ACCESORIAL SERVICES: | AC96: ¥ | AD96: =SUM(AC78,AC79,AC82,AC84,AC86,AC88,AC90,AC92) -> 0 | AE96: ⑤ ESTIMATED TOTAL FOR ACCESORIAL SERVICES: | AR96: ¥ | AS96: =SUM(AR78,AR79,AR82,AR84,AR86,AR88,AR90,AR92) -> 0 | AT96: ⑤ ESTIMATED TOTAL FOR ACCESORIAL SERVICES: | BG96: ¥ | BH96: =SUM(BG78,BG79,BG82,BG84,BG86,BG88,BG90,BG92) -> 0 | BI96: ⑤ ESTIMATED TOTAL FOR ACCESORIAL SERVICES: | BV96: ¥ | BW96: =SUM(BV78,BV79,BV82,BV84,BV86,BV88,BV90,BV92) -> 0
A97: ESTIMATED GRAND TOTAL FOR EXHIBIT C (④+⑤): | N97: ¥ | O97: =O74+O96 -> 0 | P97: ESTIMATED GRAND TOTAL FOR EXHIBIT C (④+⑤): | AC97: ¥ | AD97: =AD74+AD96 -> 0 | AE97: ESTIMATED GRAND TOTAL FOR EXHIBIT C (④+⑤): | AR97: ¥ | AS97: =AS74+AS96 -> 0 | AT97: ESTIMATED GRAND TOTAL FOR EXHIBIT C (④+⑤): | BG97: ¥ | BH97: =BH74+BH96 -> 0 | BI97: ESTIMATED GRAND TOTAL FOR EXHIBIT C (④+⑤): | BV97: ¥ | BW97: =BW74+BW96 -> 0

Sheet D. ISO
A1: EXHIBIT DA: ISO CONTAINER TRUCKING FAMILY PRICING SCHEDULE (BASE YEAR 0004) | N1: EXHIBIT DB: ISO CONTAINER TRUCKING FAMILY PRICING SCHEDULE (BASE YEAR 1004) | AA1: EXHIBIT DC: ISO CONTAINER TRUCKING FAMILY PRICING SCHEDULE (BASE YEAR 2004) | AN1: EXHIBIT DD: ISO CONTAINER TRUCKING FAMILY PRICING SCHEDULE (BASE YEAR 3004) | BA1: EXHIBIT DE: ISO CONTAINER TRUCKING FAMILY PRICING SCHEDULE (BASE YEAR 4004)
A2: POINT-TO-POINT ROUTES (IAW PWS 3.4.1.): All listed unit prices shall be one-way rates per truckload of general freight. If proposing under the Mainland portion of the ISO Contrainer family, offerors shall provide proposed unit prices for all listed Items. | N2: POINT-TO-POINT ROUTES (IAW PWS 3.4.1.): All listed unit prices shall be one-way rates per truckload of general freight. If proposing under the Mainland portion of the ISO Contrainer family, offerors shall provide proposed unit prices for all listed Items. | AA2: POINT-TO-POINT ROUTES (IAW PWS 3.4.1.): All listed unit prices shall be one-way rates per truckload of general freight. If proposing under the Mainland portion of the ISO Contrainer family, offerors shall provide proposed unit prices for all listed Items. | AN2: POINT-TO-POINT ROUTES (IAW PWS 3.4.1.): All listed unit prices shall be one-way rates per truckload of general freight. If proposing under the Mainland portion of the ISO Contrainer family, offerors shall provide proposed unit prices for all listed Items. | BA2: POINT-TO-POINT ROUTES (IAW PWS 3.4.1.): All listed unit prices shall be one-way rates per truckload of general freight. If proposing under the Mainland portion of the ISO Contrainer family, offerors shall provide proposed unit prices for all listed Items.
A3: Item No. | B3: Description | H3: Est. Qty | I3: Unit | K3: Unit Price | M3: Est. Total | N3: Item No. | O3: Description | U3: Est. Qty | V3: Unit | X3: Unit Price | Z3: Est. Total | AA3: Item No. | AB3: Description | AH3: Est. Qty | AI3: Unit | AK3: Unit Price | AM3: Est. Total | AN3: Item No. | AO3: Description | AU3: Est. Qty | AV3: Unit | AX3: Unit Price | AZ3: Est. Total | BA3: Item No. | BB3: Description | BH3: Est. Qty | BI3: Unit | BK3: Unit Price | BM3: Est. Total
A4: DA01 | B4: Between | C4: Hiro Ammunition Depot | N4: DB01 | O4: Between | P4: Hiro Ammunition Depot | AA4: DC01 | AB4: Between | AC4: Hiro Ammunition Depot | AN4: DD01 | AO4: Between | AP4: Hiro Ammunition Depot | BA4: DE01 | BB4: Between | BC4: Hiro Ammunition Depot
B5: and | C5: Kawakami Ammunition Depot (37km) | O5: and | P5: Kawakami Ammunition Depot (37km) | AB5: and | AC5: Kawakami Ammunition Depot (37km) | AO5: and | AP5: Kawakami Ammunition Depot (37km) | BB5: and | BC5: Kawakami Ammunition Depot (37km)
A6: DA01A | C6: Transportation of 20' ISO Container | H6: 110 | I6: EA | J6: ¥ | L6: ¥ | M6: =H6*K6 -> 0 | N6: DB01A | P6: Transportation of 20' ISO Container | U6: 110 | V6: EA | W6: ¥ | Y6: ¥ | Z6: =U6*X6 -> 0 | AA6: DC01A | AC6: Transportation of 20' ISO Container | AH6: 110 | AI6: EA | AJ6: ¥ | AL6: ¥ | AM6: =AH6*AK6 -> 0 | AN6: DD01A | AP6: Transportation of 20' ISO Container | AU6: 110 | AV6: EA | AW6: ¥ | AY6: ¥ | AZ6: =AU6*AX6 -> 0 | BA6: DE01A | BC6: Transportation of 20' ISO Container | BH6: 110 | BI6: EA | BJ6: ¥ | BL6: ¥ | BM6: =BH6*BK6 -> 0
A7: DA01B | C7: Transportation of 40' ISO Container | H7: 10 | I7: EA | J7: ¥ | L7: ¥ | M7: =H7*K7 -> 0 | N7: DB01B | P7: Transportation of 40' ISO Container | U7: 10 | V7: EA | W7: ¥ | Y7: ¥ | Z7: =U7*X7 -> 0 | AA7: DC01B | AC7: Transportation of 40' ISO Container | AH7: 10 | AI7: EA | AJ7: ¥ | AL7: ¥ | AM7: =AH7*AK7 -> 0 | AN7: DD01B | AP7: Transportation of 40' ISO Container | AU7: 10 | AV7: EA | AW7: ¥ | AY7: ¥ | AZ7: =AU7*AX7 -> 0 | BA7: DE01B | BC7: Transportation of 40' ISO Container | BH7: 10 | BI7: EA | BJ7: ¥ | BL7: ¥ | BM7: =BH7*BK7 -> 0
A8: DA02 thru DA03 | C8: Reserved | H8: Reserved | N8: DB02 thru DB03 | P8: Reserved | U8: Reserved | AA8: DC02 thru DC03 | AC8: Reserved | AH8: Reserved | AN8: DD02 thru DD03 | AP8: Reserved | AU8: Reserved | BA8: DE02 thru DE03 | BC8: Reserved | BH8: Reserved
A9: ① ESTIMATED TOTAL AMOUNT FOR POINT-TO-POINT ROUTE: | L9: ¥ | M9: =SUM(M5:M7) -> 0 | N9: ① ESTIMATED TOTAL AMOUNT FOR POINT-TO-POINT ROUTE: | Y9: ¥ | Z9: =SUM(Z5:Z7) -> 0 | AA9: ① ESTIMATED TOTAL AMOUNT FOR POINT-TO-POINT ROUTE: | AL9: ¥ | AM9: =SUM(AM5:AM7) -> 0 | AN9: ① ESTIMATED TOTAL AMOUNT FOR POINT-TO-POINT ROUTE: | AY9: ¥ | AZ9: =SUM(AZ5:AZ7) -> 0 | BA9: ① ESTIMATED TOTAL AMOUNT FOR POINT-TO-POINT ROUTE: | BL9: ¥ | BM9: =SUM(BM5:BM7) -> 0
A10: MAINLAND DISTANCE RATE TABLE (IAW nationwide industiry standards and GOJ guidelines; see PWS 3.4.2.): All listed unit prices shall be one-way rates per truckload of general freight. (Min. Chargeable Distance: 10km) If proposing under the Mainland portion, offerors shall provide proposed distance rates for all listed truck types and distances. | N10: MAINLAND DISTANCE RATE TABLE (IAW nationwide industiry standards and GOJ guidelines; see PWS 3.4.2.): All listed unit prices shall be one-way rates per truckload of general freight. (Min. Chargeable Distance: 10km) If proposing under the Mainland portion, offerors shall provide proposed distance rates for all listed truck types and distances. | AA10: MAINLAND DISTANCE RATE TABLE (IAW nationwide industiry standards and GOJ guidelines; see PWS 3.4.2.): All listed unit prices shall be one-way rates per truckload of general freight. (Min. Chargeable Distance: 10km) If proposing under the Mainland portion, offerors shall provide proposed distance rates for all listed truck types and distances. | AN10: MAINLAND DISTANCE RATE TABLE (IAW nationwide industiry standards and GOJ guidelines; see PWS 3.4.2.): All listed unit prices shall be one-way rates per truckload of general freight. (Min. Chargeable Distance: 10km) If proposing under the Mainland portion, offerors shall provide proposed distance rates for all listed truck types and distances. | BA10: MAINLAND DISTANCE RATE TABLE (IAW nationwide industiry standards and GOJ guidelines; see PWS 3.4.2.): All listed unit prices shall be one-way rates per truckload of general freight. (Min. Chargeable Distance: 10km) If proposing under the Mainland portion, offerors shall provide proposed distance rates for all listed truck types and distances.
A11: Item No. | B11: Description | H11: Est. Qty | I11: Unit | N11: Item No. | O11: Description | U11: Est. Qty | V11: Unit | AA11: Item No. | AB11: Description | AH11: Est. Qty | AI11: Unit | AN11: Item No. | AO11: Description | AU11: Est. Qty | AV11: Unit | BA11: Item No. | BB11: Description | BH11: Est. Qty | BI11: Unit
A12: DA04 | B12: Distance Rates for All Areas excluding Okinawa | H12: 250 | I12: EA | N12: DB04 | O12: Distance Rates for All Areas excluding Okinawa | U12: 250 | V12: EA | AA12: DC04 | AB12: Distance Rates for All Areas excluding Okinawa | AH12: 250 | AI12: EA | AN12: DD04 | AO12: Distance Rates for All Areas excluding Okinawa | AU12: 250 | AV12: EA | BA12: DE04 | BB12: Distance Rates for All Areas excluding Okinawa | BH12: 250 | BI12: EA
H13: One-Way | J13: Container Size | U13: One-Way | W13: Container Size | AH13: One-Way | AJ13: Container Size | AU13: One-Way | AW13: Container Size | BH13: One-Way | BJ13: Container Size
H14: Distance (km) | J14: 20ft | L14: 40ft | U14: Distance (km) | W14: 20ft | Y14: 40ft | AH14: Distance (km) | AJ14: 20ft | AL14: 40ft | AU14: Distance (km) | AW14: 20ft | AY14: 40ft | BH14: Distance (km) | BJ14: 20ft | BL14: 40ft
H15: 10 | U15: 10 | AH15: 10 | AU15: 10 | BH15: 10
H16: 20 | U16: 20 | AH16: 20 | AU16: 20 | BH16: 20
H17: 30 | U17: 30 | AH17: 30 | AU17: 30 | BH17: 30
H18: 40 | U18: 40 | AH18: 40 | AU18: 40 | BH18: 40
H19: 50 | U19: 50 | AH19: 50 | AU19: 50 | BH19: 50
H20: 60 | U20: 60 | AH20: 60 | AU20: 60 | BH20: 60
H21: 70 | U21: 70 | AH21: 70 | AU21: 70 | BH21: 70
H22: 80 | U22: 80 | AH22: 80 | AU22: 80 | BH22: 80
H23: 90 | U23: 90 | AH23: 90 | AU23: 90 | BH23: 90
H24: 100 | U24: 100 | AH24: 100 | AU24: 100 | BH24: 100
H25: 110 | U25: 110 | AH25: 110 | AU25: 110 | BH25: 110
H26: 120 | U26: 120 | AH26: 120 | AU26: 120 | BH26: 120
... H34: 200 | U34: 200 | AH34: 200 | AU34: 200 | BH34: 200
H35: Over 200 km through 500 km: Per 20 km Increment | U35: Over 200 km through 500 km: Per 20 km Increment | AH35: Over 200 km through 500 km: Per 20 km Increment | AU35: Over 200 km through 500 km: Per 20 km Increment | BH35: Over 200 km through 500 km: Per 20 km Increment
H36: Over 500 km: Per 50 km Increment | U36: Over 500 km: Per 50 km Increment | AH36: Over 500 km: Per 50 km Increment | AU36: Over 500 km: Per 50 km Increment | BH36: Over 500 km: Per 50 km Increment
A37: ② ESTIMATED TOTAL AMOUNT FOR STANDARD TABLE: | L37: ¥ | M37: =SUM(J15:M36) -> 0 | N37: ② ESTIMATED TOTAL AMOUNT FOR STANDARD TABLE: | Y37: ¥ | Z37: =SUM(W15:Z36) -> 0 | AA37: ② ESTIMATED TOTAL AMOUNT FOR STANDARD TABLE: | AL37: ¥ | AM37: =SUM(AJ15:AM36) -> 0 | AN37: ② ESTIMATED TOTAL AMOUNT FOR STANDARD TABLE: | AY37: ¥ | AZ37: =SUM(AW15:AZ36) -> 0 | BA37: ② ESTIMATED TOTAL AMOUNT FOR STANDARD TABLE: | BL37: ¥ | BM37: =SUM(BJ15:BM36) -> 0
A38: OKINAWA DISTANCE RATE TABLE (IAW nationwide industiry standards and GOJ guidelines; see PWS 3.4.2.): All listed unit prices shall be one-way rates per truckload of general freight. (Min. Chargeable Distance: 5km) If proposing under the Okinawa portion, offerors shall provide proposed distance rates for all listed truck types and distances. | N38: OKINAWA DISTANCE RATE TABLE (IAW nationwide industiry standards and GOJ guidelines; see PWS 3.4.2.): All listed unit prices shall be one-way rates per truckload of general freight. (Min. Chargeable Distance: 5km) If proposing under the Okinawa portion, offerors shall provide proposed distance rates for all listed truck types and distances. | AA38: OKINAWA DISTANCE RATE TABLE (IAW nationwide industiry standards and GOJ guidelines; see PWS 3.4.2.): All listed unit prices shall be one-way rates per truckload of general freight. (Min. Chargeable Distance: 5km) If proposing under the Okinawa portion, offerors shall provide proposed distance rates for all listed truck types and distances. | AN38: OKINAWA DISTANCE RATE TABLE (IAW nationwide industiry standards and GOJ guidelines; see PWS 3.4.2.): All listed unit prices shall be one-way rates per truckload of general freight. (Min. Chargeable Distance: 5km) If proposing under the Okinawa portion, offerors shall provide proposed distance rates for all listed truck types and distances. | BA38: OKINAWA DISTANCE RATE TABLE (IAW nationwide industiry standards and GOJ guidelines; see PWS 3.4.2.): All listed unit prices shall be one-way rates per truckload of general freight. (Min. Chargeable Distance: 5km) If proposing under the Okinawa portion, offerors shall provide proposed distance rates for all listed truck types and distances.
A39: Item No. | B39: Description | H39: Est. Qty | I39: Unit | N39: Item No. | O39: Description | U39: Est. Qty | V39: Unit | AA39: Item No. | AB39: Description | AH39: Est. Qty | AI39: Unit | AN39: Item No. | AO39: Description | AU39: Est. Qty | AV39: Unit | BA39: Item No. | BB39: Description | BH39: Est. Qty | BI39: Unit
A40: DA05 | B40: Distance Rates for transportation service of general freight in Okinawa | H40: 5 | I40: EA | N40: DB05 | O40: Distance Rates for transportation service of general freight in Okinawa | U40: 5 | V40: EA | AA40: DC05 | AB40: Distance Rates for transportation service of general freight in Okinawa | AH40: 5 | AI40: EA | AN40: DD05 | AO40: Distance Rates for transportation service of general freight in Okinawa | AU40: 5 | AV40: EA | BA40: DE05 | BB40: Distance Rates for transportation service of general freight in Okinawa | BH40: 5 | BI40: EA
H41: One-Way | J41: Container Size | U41: One-Way | W41: Container Size | AH41: One-Way | AJ41: Container Size | AU41: One-Way | AW41: Container Size | BH41: One-Way | BJ41: Container Size
H42: Distance (km) | J42: 20ft | L42: 40ft | U42: Distance (km) | W42: 20ft | Y42: 40ft | AH42: Distance (km) | AJ42: 20ft | AL42: 40ft | AU42: Distance (km) | AW42: 20ft | AY42: 40ft | BH42: Distance (km) | BJ42: 20ft | BL42: 40ft
H43: 5 | U43: 5 | AH43: 5 | AU43: 5 | BH43: 5
H44: 10 | U44: 10 | AH44: 10 | AU44: 10 | BH44: 10
H45: 20 | U45: 20 | AH45: 20 | AU45: 20 | BH45: 20
H46: 30 | U46: 30 | AH46: 30 | AU46: 30 | BH46: 30
H47: 40 | U47: 40 | AH47: 40 | AU47: 40 | BH47: 40
H48: 50 | U48: 50 | AH48: 50 | AU48: 50 | BH48: 50
H49: 60 | U49: 60 | AH49: 60 | AU49: 60 | BH49: 60
H50: 70 | U50: 70 | AH50: 70 | AU50: 70 | BH50: 70
H51: 80 | U51: 80 | AH51: 80 | AU51: 80 | BH51: 80
H52: 90 | U52: 90 | AH52: 90 | AU52: 90 | BH52: 90
H53: 100 | U53: 100 | AH53: 100 | AU53: 100 | BH53: 100
H54: 110 | U54: 110 | AH54: 110 | AU54: 110 | BH54: 110
... H63: 200 | U63: 200 | AH63: 200 | AU63: 200 | BH63: 200
H64: Over 200 km: Per 10 km Increment | U64: Over 200 km: Per 10 km Increment | AH64: Over 200 km: Per 10 km Increment | AU64: Over 200 km: Per 10 km Increment | BH64: Over 200 km: Per 10 km Increment
A65: ③ ESTIMATED TOTAL AMOUNT FOR OKINAWA TABLE: | L65: ¥ | M65: =SUM(J43:M64) -> 0 | N65: ③ ESTIMATED TOTAL AMOUNT FOR OKINAWA TABLE: | Y65: ¥ | Z65: =SUM(W43:Z64) -> 0 | AA65: ③ ESTIMATED TOTAL AMOUNT FOR OKINAWA TABLE: | AL65: ¥ | AM65: =SUM(AJ43:AM64) -> 0 | AN65: ③ ESTIMATED TOTAL AMOUNT FOR OKINAWA TABLE: | AY65: ¥ | AZ65: =SUM(AW43:AZ64) -> 0 | BA65: ③ ESTIMATED TOTAL AMOUNT FOR OKINAWA TABLE: | BL65: ¥ | BM65: =SUM(BJ43:BM64) -> 0
A66: ④ ESTIMATED TOTAL AMOUNT FOR ①＋②＋③: | L66: ¥ | M66: =SUM(M65,M37,M9) -> 0 | N66: ④ ESTIMATED TOTAL AMOUNT FOR ①＋②＋③: | Y66: ¥ | Z66: =SUM(Z65,Z37,Z9) -> 0 | AA66: ④ ESTIMATED TOTAL AMOUNT FOR ①＋②＋③: | AL66: ¥ | AM66: =SUM(AM65,AM37,AM9) -> 0 | AN66: ④ ESTIMATED TOTAL AMOUNT FOR ①＋②＋③: | AY66: ¥ | AZ66: =SUM(AZ65,AZ37,AZ9) -> 0 | BA66: ④ ESTIMATED TOTAL AMOUNT FOR ①＋②＋③: | BL66: ¥ | BM66: =SUM(BM65,BM37,BM9) -> 0
A67: ACCESSORIAL SERVICES AND OTHER BILLABLE CHARGES: All listed unit prices shall be per truck. Prices shall be proposed in the unit specified for each item. Offerors shall provide proposed prices or rates in all listed items. | N67: ACCESSORIAL SERVICES AND OTHER BILLABLE CHARGES: All listed unit prices shall be per truck. Prices shall be proposed in the unit specified for each item. Offerors shall provide proposed prices or rates in all listed items. | AA67: ACCESSORIAL SERVICES AND OTHER BILLABLE CHARGES: All listed unit prices shall be per truck. Prices shall be proposed in the unit specified for each item. Offerors shall provide proposed prices or rates in all listed items. | AN67: ACCESSORIAL SERVICES AND OTHER BILLABLE CHARGES: All listed unit prices shall be per truck. Prices shall be proposed in the unit specified for each item. Offerors shall provide proposed prices or rates in all listed items. | BA67: ACCESSORIAL SERVICES AND OTHER BILLABLE CHARGES: All listed unit prices shall be per truck. Prices shall be proposed in the unit specified for each item. Offerors shall provide proposed prices or rates in all listed items.
A68: DA40 | B68: DANGEROUS, SENSITIVE, and HAZARDOUS Freight | N68: DB40 | O68: DANGEROUS, SENSITIVE, and HAZARDOUS Freight | AA68: DC40 | AB68: DANGEROUS, SENSITIVE, and HAZARDOUS Freight | AN68: DD40 | AO68: DANGEROUS, SENSITIVE, and HAZARDOUS Freight | BA68: DE40 | BB68: DANGEROUS, SENSITIVE, and HAZARDOUS Freight
B69: Formula: ④x 2.70% (Est. Qty) x Unit Price (Offer Rate: %) = Est. Total | O69: Formula: ④x 2.70% (Est. Qty) x Unit Price (Offer Rate: %) = Est. Total | AB69: Formula: ④x 2.70% (Est. Qty) x Unit Price (Offer Rate: %) = Est. Total | AO69: Formula: ④x 2.70% (Est. Qty) x Unit Price (Offer Rate: %) = Est. Total | BB69: Formula: ④x 2.70% (Est. Qty) x Unit Price (Offer Rate: %) = Est. Total
A70: DA40A | B70: Transportation of DANGEROUS FREIGHT IAW PWS 1.2.1. | H70: 0.027 | I70: EA | J70: % | L70: ¥ | M70: =M66*H70*K70 -> 0 | N70: DB40A | O70: Transportation of DANGEROUS FREIGHT IAW PWS 1.2.1. | U70: 0.027 | V70: EA | W70: % | Y70: ¥ | Z70: =Z66*U70*X70 -> 0 | AA70: DC40A | AB70: Transportation of DANGEROUS FREIGHT IAW PWS 1.2.1. | AH70: 0.027 | AI70: EA | AJ70: % | AL70: ¥ | AM70: =AM66*AH70*AK70 -> 0 | AN70: DD40A | AO70: Transportation of DANGEROUS FREIGHT IAW PWS 1.2.1. | AU70: 0.027 | AV70: EA | AW70: % | AY70: ¥ | AZ70: =AZ66*AU70*AX70 -> 0 | BA70: DE40A | BB70: Transportation of DANGEROUS FREIGHT IAW PWS 1.2.1. | BH70: 0.027 | BI70: EA | BJ70: % | BL70: ¥ | BM70: =BM66*BH70*BK70 -> 0
B71: Formula: ④x 2.70% (Est. Qty) x Unit Price (Offer Rate: %) = Est. Total | O71: Formula: ④x 2.70% (Est. Qty) x Unit Price (Offer Rate: %) = Est. Total | AB71: Formula: ④x 2.70% (Est. Qty) x Unit Price (Offer Rate: %) = Est. Total | AO71: Formula: ④x 2.70% (Est. Qty) x Unit Price (Offer Rate: %) = Est. Total | BB71: Formula: ④x 2.70% (Est. Qty) x Unit Price (Offer Rate: %) = Est. Total
A72: DA40B | B72: Transportation of HAZARDOUS FREIGHT IAW PWS 1.2.2. | H72: 0.018 | I72: EA | J72: % | L72: ¥ | M72: =M66*H72*K72 -> 0 | N72: DB40B | O72: Transportation of HAZARDOUS FREIGHT IAW PWS 1.2.2. | U72: 0.018 | V72: EA | W72: % | Y72: ¥ | Z72: =Z66*U72*X72 -> 0 | AA72: DC40B | AB72: Transportation of HAZARDOUS FREIGHT IAW PWS 1.2.2. | AH72: 0.018 | AI72: EA | AJ72: % | AL72: ¥ | AM72: =AM66*AH72*AK72 -> 0 | AN72: DD40B | AO72: Transportation of HAZARDOUS FREIGHT IAW PWS 1.2.2. | AU72: 0.018 | AV72: EA | AW72: % | AY72: ¥ | AZ72: =AZ66*AU72*AX72 -> 0 | BA72: DE40B | BB72: Transportation of HAZARDOUS FREIGHT IAW PWS 1.2.2. | BH72: 0.018 | BI72: EA | BJ72: % | BL72: ¥ | BM72: =BM66*BH72*BK72 -> 0
B73: Formula: ④x 1.80% (Est. Qty) x Unit Price (Offer Rate: %) = Est. Total | O73: Formula: ④x 1.80% (Est. Qty) x Unit Price (Offer Rate: %) = Est. Total | AB73: Formula: ④x 1.80% (Est. Qty) x Unit Price (Offer Rate: %) = Est. Total | AO73: Formula: ④x 1.80% (Est. Qty) x Unit Price (Offer Rate: %) = Est. Total | BB73: Formula: ④x 1.80% (Est. Qty) x Unit Price (Offer Rate: %) = Est. Total
A74: DA40C | B74: Transportation of SENSITIVE FREIGHT IAW PWS 1.2.3. | H74: 0.018 | I74: EA | J74: % | L74: ¥ | M74: =M66*H74*K74 -> 0 | N74: DB40C | O74: Transportation of SENSITIVE FREIGHT IAW PWS 1.2.3. | U74: 0.018 | V74: EA | W74: % | Y74: ¥ | Z74: =Z66*U74*X74 -> 0 | AA74: DC40C | AB74: Transportation of SENSITIVE FREIGHT IAW PWS 1.2.3. | AH74: 0.018 | AI74: EA | AJ74: % | AL74: ¥ | AM74: =AM66*AH74*AK74 -> 0 | AN74: DD40C | AO74: Transportation of SENSITIVE FREIGHT IAW PWS 1.2.3. | AU74: 0.018 | AV74: EA | AW74: % | AY74: ¥ | AZ74: =AZ66*AU74*AX74 -> 0 | BA74: DE40C | BB74: Transportation of SENSITIVE FREIGHT IAW PWS 1.2.3. | BH74: 0.018 | BI74: EA | BJ74: % | BL74: ¥ | BM74: =BM66*BH74*BK74 -> 0
A75: DA41 | B75: RETENTION, DEMURRAGE | N75: DB41 | O75: RETENTION, DEMURRAGE | AA75: DC41 | AB75: RETENTION, DEMURRAGE | AN75: DD41 | AO75: RETENTION, DEMURRAGE | BA75: DE41 | BB75: RETENTION, DEMURRAGE
A76: DA41A | B76: Retention Charge per truck per day IAW PWS 3.7.1. | H76: 10 | I76: EA | J76: ¥ | L76: ¥ | M76: =K76*H76 -> 0 | N76: DB41A | O76: Retention Charge per truck per day IAW PWS 3.7.1. | U76: 10 | V76: EA | W76: ¥ | Y76: ¥ | Z76: =X76*U76 -> 0 | AA76: DC41A | AB76: Retention Charge per truck per day IAW PWS 3.7.1. | AH76: 10 | AI76: EA | AJ76: ¥ | AL76: ¥ | AM76: =AK76*AH76 -> 0 | AN76: DD41A | AO76: Retention Charge per truck per day IAW PWS 3.7.1. | AU76: 10 | AV76: EA | AW76: ¥ | AY76: ¥ | AZ76: =AX76*AU76 -> 0 | BA76: DE41A | BB76: Retention Charge per truck per day IAW PWS 3.7.1. | BH76: 10 | BI76: EA | BJ76: ¥ | BL76: ¥ | BM76: =BK76*BH76 -> 0
A77: DA41B | B77: Demurrage Charge per truck IAW PWS 3.7.2. | H77: 60 | I77: HR | J77: ¥ | L77: ¥ | M77: =K77*H77 -> 0 | N77: DB41B | O77: Demurrage Charge per truck IAW PWS 3.7.2. | U77: 60 | V77: HR | W77: ¥ | Y77: ¥ | Z77: =X77*U77 -> 0 | AA77: DC41B | AB77: Demurrage Charge per truck IAW PWS 3.7.2. | AH77: 60 | AI77: HR | AJ77: ¥ | AL77: ¥ | AM77: =AK77*AH77 -> 0 | AN77: DD41B | AO77: Demurrage Charge per truck IAW PWS 3.7.2. | AU77: 60 | AV77: HR | AW77: ¥ | AY77: ¥ | AZ77: =AX77*AU77 -> 0 | BA77: DE41B | BB77: Demurrage Charge per truck IAW PWS 3.7.2. | BH77: 60 | BI77: HR | BJ77: ¥ | BL77: ¥ | BM77: =BK77*BH77 -> 0
A78: DA42 | B78: CANCELLATION (max 100%) IAW PWS 3.7.3. | N78: DB42 | O78: CANCELLATION (max 100%) IAW PWS 3.7.3. | AA78: DC42 | AB78: CANCELLATION (max 100%) IAW PWS 3.7.3. | AN78: DD42 | AO78: CANCELLATION (max 100%) IAW PWS 3.7.3. | BA78: DE42 | BB78: CANCELLATION (max 100%) IAW PWS 3.7.3.
B79: Formula: ④x 10% (Est. Qty) x Unit Price (Offer Rate: %) = Est. Total | O79: Formula: ④x 10% (Est. Qty) x Unit Price (Offer Rate: %) = Est. Total | AB79: Formula: ④x 10% (Est. Qty) x Unit Price (Offer Rate: %) = Est. Total | AO79: Formula: ④x 10% (Est. Qty) x Unit Price (Offer Rate: %) = Est. Total | BB79: Formula: ④x 10% (Est. Qty) x Unit Price (Offer Rate: %) = Est. Total
A80: DA42A | B80: TWO-DAY PRIOR CANCELLATION CHARGE | H80: 0.1 | I80: EA | J80: % | L80: ¥ | M80: =M66*H80*K80 -> 0 | N80: DB42A | O80: TWO-DAY PRIOR CANCELLATION CHARGE | U80: 0.1 | V80: EA | W80: % | Y80: ¥ | Z80: =Z66*U80*X80 -> 0 | AA80: DC42A | AB80: TWO-DAY PRIOR CANCELLATION CHARGE | AH80: 0.1 | AI80: EA | AJ80: % | AL80: ¥ | AM80: =AM66*AH80*AK80 -> 0 | AN80: DD42A | AO80: TWO-DAY PRIOR CANCELLATION CHARGE | AU80: 0.1 | AV80: EA | AW80: % | AY80: ¥ | AZ80: =AZ66*AU80*AX80 -> 0 | BA80: DE42A | BB80: TWO-DAY PRIOR CANCELLATION CHARGE | BH80: 0.1 | BI80: EA | BJ80: % | BL80: ¥ | BM80: =BM66*BH80*BK80 -> 0
B81: Formula: ④x 10% (Est. Qty) x Unit Price (Offer Rate: %) = Est. Total | O81: Formula: ④x 10% (Est. Qty) x Unit Price (Offer Rate: %) = Est. Total | AB81: Formula: ④x 10% (Est. Qty) x Unit Price (Offer Rate: %) = Est. Total | AO81: Formula: ④x 10% (Est. Qty) x Unit Price (Offer Rate: %) = Est. Total | BB81: Formula: ④x 10% (Est. Qty) x Unit Price (Offer Rate: %) = Est. Total
A82: DA42B | B82: ONE-DAY PRIOR CANCELLATION CHARGE | H82: 0.1 | I82: EA | J82: % | L82: ¥ | M82: =M66*H82*K82 -> 0 | N82: DB42B | O82: ONE-DAY PRIOR CANCELLATION CHARGE | U82: 0.1 | V82: EA | W82: % | Y82: ¥ | Z82: =Z66*U82*X82 -> 0 | AA82: DC42B | AB82: ONE-DAY PRIOR CANCELLATION CHARGE | AH82: 0.1 | AI82: EA | AJ82: % | AL82: ¥ | AM82: =AM66*AH82*AK82 -> 0 | AN82: DD42B | AO82: ONE-DAY PRIOR CANCELLATION CHARGE | AU82: 0.1 | AV82: EA | AW82: % | AY82: ¥ | AZ82: =AZ66*AU82*AX82 -> 0 | BA82: DE42B | BB82: ONE-DAY PRIOR CANCELLATION CHARGE | BH82: 0.1 | BI82: EA | BJ82: % | BL82: ¥ | BM82: =BM66*BH82*BK82 -> 0
B83: Formula: ④x 10% (Est. Qty) x Unit Price (Offer Rate: %) = Est. Total | O83: Formula: ④x 10% (Est. Qty) x Unit Price (Offer Rate: %) = Est. Total | AB83: Formula: ④x 10% (Est. Qty) x Unit Price (Offer Rate: %) = Est. Total | AO83: Formula: ④x 10% (Est. Qty) x Unit Price (Offer Rate: %) = Est. Total | BB83: Formula: ④x 10% (Est. Qty) x Unit Price (Offer Rate: %) = Est. Total
A84: DA42C | B84: SAME-DAY CANCELLATION CHARGE | H84: 0.1 | I84: EA | J84: % | L84: ¥ | M84: =M66*H84*K84 -> 0 | N84: DB42C | O84: SAME-DAY CANCELLATION CHARGE | U84: 0.1 | V84: EA | W84: % | Y84: ¥ | Z84: =Z66*U84*X84 -> 0 | AA84: DC42C | AB84: SAME-DAY CANCELLATION CHARGE | AH84: 0.1 | AI84: EA | AJ84: % | AL84: ¥ | AM84: =AM66*AH84*AK84 -> 0 | AN84: DD42C | AO84: SAME-DAY CANCELLATION CHARGE | AU84: 0.1 | AV84: EA | AW84: % | AY84: ¥ | AZ84: =AZ66*AU84*AX84 -> 0 | BA84: DE42C | BB84: SAME-DAY CANCELLATION CHARGE | BH84: 0.1 | BI84: EA | BJ84: % | BL84: ¥ | BM84: =BM66*BH84*BK84 -> 0
B85: Formula: ④x 15% (Est. Qty) x Unit Price (Offer Rate: %) = Est. Total | O85: Formula: ④x 15% (Est. Qty) x Unit Price (Offer Rate: %) = Est. Total | AB85: Formula: ④x 15% (Est. Qty) x Unit Price (Offer Rate: %) = Est. Total | AO85: Formula: ④x 15% (Est. Qty) x Unit Price (Offer Rate: %) = Est. Total | BB85: Formula: ④x 15% (Est. Qty) x Unit Price (Offer Rate: %) = Est. Total
A86: DA43 | B86: SHORT-NOTICE SERVICE PREMIUM (max 50%) IAW PWS 3.7.4. | H86: 0.15 | I86: EA | J86: % | L86: ¥ | M86: =M66*H86*K86 -> 0 | N86: DB43 | O86: SHORT-NOTICE SERVICE PREMIUM (max 50%) IAW PWS 3.7.4. | U86: 0.15 | V86: EA | W86: % | Y86: ¥ | Z86: =Z66*U86*X86 -> 0 | AA86: DC43 | AB86: SHORT-NOTICE SERVICE PREMIUM (max 50%) IAW PWS 3.7.4. | AH86: 0.15 | AI86: EA | AJ86: % | AL86: ¥ | AM86: =AM66*AH86*AK86 -> 0 | AN86: DD43 | AO86: SHORT-NOTICE SERVICE PREMIUM (max 50%) IAW PWS 3.7.4. | AU86: 0.15 | AV86: EA | AW86: % | AY86: ¥ | AZ86: =AZ66*AU86*AX86 -> 0 | BA86: DE43 | BB86: SHORT-NOTICE SERVICE PREMIUM (max 50%) IAW PWS 3.7.4. | BH86: 0.15 | BI86: EA | BJ86: % | BL86: ¥ | BM86: =BM66*BH86*BK86 -> 0
B87: Formula: ④x 3% (Est. Qty) x Unit Price (Offer Rate: %) = Est. Total | O87: Formula: ④x 3% (Est. Qty) x Unit Price (Offer Rate: %) = Est. Total | AB87: Formula: ④x 3% (Est. Qty) x Unit Price (Offer Rate: %) = Est. Total | AO87: Formula: ④x 3% (Est. Qty) x Unit Price (Offer Rate: %) = Est. Total | BB87: Formula: ④x 3% (Est. Qty) x Unit Price (Offer Rate: %) = Est. Total
A88: DA44 | B88: MIDNIGHT AND EARLY MORNING SURCHARGE IAW PWS 3.7.5. | H88: 0.03 | I88: EA | J88: % | L88: ¥ | M88: =M66*H88*K88 -> 0 | N88: DB44 | O88: MIDNIGHT AND EARLY MORNING SURCHARGE IAW PWS 3.7.5. | U88: 0.03 | V88: EA | W88: % | Y88: ¥ | Z88: =Z66*U88*X88 -> 0 | AA88: DC44 | AB88: MIDNIGHT AND EARLY MORNING SURCHARGE IAW PWS 3.7.5. | AH88: 0.03 | AI88: EA | AJ88: % | AL88: ¥ | AM88: =AM66*AH88*AK88 -> 0 | AN88: DD44 | AO88: MIDNIGHT AND EARLY MORNING SURCHARGE IAW PWS 3.7.5. | AU88: 0.03 | AV88: EA | AW88: % | AY88: ¥ | AZ88: =AZ66*AU88*AX88 -> 0 | BA88: DE44 | BB88: MIDNIGHT AND EARLY MORNING SURCHARGE IAW PWS 3.7.5. | BH88: 0.03 | BI88: EA | BJ88: % | BL88: ¥ | BM88: =BM66*BH88*BK88 -> 0
B89: Formula: ④x 3% (Est. Qty) x Unit Price (Offer Rate: %) = Est. Total | O89: Formula: ④x 3% (Est. Qty) x Unit Price (Offer Rate: %) = Est. Total | AB89: Formula: ④x 3% (Est. Qty) x Unit Price (Offer Rate: %) = Est. Total | AO89: Formula: ④x 3% (Est. Qty) x Unit Price (Offer Rate: %) = Est. Total | BB89: Formula: ④x 3% (Est. Qty) x Unit Price (Offer Rate: %) = Est. Total
A90: DA45 | B90: WINTER PREMIUM IAW PWS 3.7.6. | H90: 0.03 | I90: EA | J90: % | L90: ¥ | M90: =M66*H90*K90 -> 0 | N90: DB45 | O90: WINTER PREMIUM IAW PWS 3.7.6. | U90: 0.03 | V90: EA | W90: % | Y90: ¥ | Z90: =Z66*U90*X90 -> 0 | AA90: DC45 | AB90: WINTER PREMIUM IAW PWS 3.7.6. | AH90: 0.03 | AI90: EA | AJ90: % | AL90: ¥ | AM90: =AM66*AH90*AK90 -> 0 | AN90: DD45 | AO90: WINTER PREMIUM IAW PWS 3.7.6. | AU90: 0.03 | AV90: EA | AW90: % | AY90: ¥ | AZ90: =AZ66*AU90*AX90 -> 0 | BA90: DE45 | BB90: WINTER PREMIUM IAW PWS 3.7.6. | BH90: 0.03 | BI90: EA | BJ90: % | BL90: ¥ | BM90: =BM66*BH90*BK90 -> 0
A91: DA46 | B91: MATERIAL HANDLING EQUIPMENT (FORKLIFT ) IAW PWS 3.7.7. | H91: See Exhibit F | N91: DB46 | O91: MATERIAL HANDLING EQUIPMENT (FORKLIFT ) IAW PWS 3.7.7. | U91: See Exhibit F | AA91: DC46 | AB91: MATERIAL HANDLING EQUIPMENT (FORKLIFT ) IAW PWS 3.7.7. | AH91: See Exhibit F | AN91: DD46 | AO91: MATERIAL HANDLING EQUIPMENT (FORKLIFT ) IAW PWS 3.7.7. | AU91: See Exhibit F | BA91: DE46 | BB91: MATERIAL HANDLING EQUIPMENT (FORKLIFT ) IAW PWS 3.7.7. | BH91: See Exhibit F
A92: DA47 | B92: MATERIAL HANDLING EQUIPMENT (CRANE ) IAW PWS 3.7.7. | H92: See Exhibit F | N92: DB47 | O92: MATERIAL HANDLING EQUIPMENT (CRANE ) IAW PWS 3.7.7. | U92: See Exhibit F | AA92: DC47 | AB92: MATERIAL HANDLING EQUIPMENT (CRANE ) IAW PWS 3.7.7. | AH92: See Exhibit F | AN92: DD47 | AO92: MATERIAL HANDLING EQUIPMENT (CRANE ) IAW PWS 3.7.7. | AU92: See Exhibit F | BA92: DE47 | BB92: MATERIAL HANDLING EQUIPMENT (CRANE ) IAW PWS 3.7.7. | BH92: See Exhibit F
A93: DA48 | B93: EXPENSES IAW PWS 3.7.8. | H93: Reserved | N93: DB48 | O93: EXPENSES IAW PWS 3.7.8. | U93: Reserved | AA93: DC48 | AB93: EXPENSES IAW PWS 3.7.8. | AH93: Reserved | AN93: DD48 | AO93: EXPENSES IAW PWS 3.7.8. | AU93: Reserved | BA93: DE48 | BB93: EXPENSES IAW PWS 3.7.8. | BH93: Reserved
A94: DA49 | B94: CHASSIS STAGING IAW TE-D 2.5. | H94: 35 | I94: EA | J94: ¥ | L94: ¥ | M94: =M69*H94*K94 -> 0 | N94: DB49 | O94: CHASSIS STAGING IAW TE-D 2.5. | U94: 35 | V94: EA | W94: ¥ | Y94: ¥ | Z94: =Z69*U94*X94 -> 0 | AA94: DC49 | AB94: CHASSIS STAGING IAW TE-D 2.5. | AH94: 35 | AI94: EA | AJ94: ¥ | AL94: ¥ | AM94: =AM69*AH94*AK94 -> 0 | AN94: DD49 | AO94: CHASSIS STAGING IAW TE-D 2.5. | AU94: 35 | AV94: EA | AW94: ¥ | AY94: ¥ | AZ94: =AZ69*AU94*AX94 -> 0 | BA94: DE49 | BB94: CHASSIS STAGING IAW TE-D 2.5. | BH94: 35 | BI94: EA | BJ94: ¥ | BL94: ¥ | BM94: =BM69*BH94*BK94 -> 0
A95: ⑤ ESTIMATED TOTAL FOR ACCESORIAL SERVICES: | L95: ¥ | M95: =SUM(M70:M94) -> 0 | N95: ⑤ ESTIMATED TOTAL FOR ACCESORIAL SERVICES: | Y95: ¥ | Z95: =SUM(Z70:Z94) -> 0 | AA95: ⑤ ESTIMATED TOTAL FOR ACCESORIAL SERVICES: | AL95: ¥ | AM95: =SUM(AM70:AM94) -> 0 | AN95: ⑤ ESTIMATED TOTAL FOR ACCESORIAL SERVICES: | AY95: ¥ | AZ95: =SUM(AZ70:AZ94) -> 0 | BA95: ⑤ ESTIMATED TOTAL FOR ACCESORIAL SERVICES: | BL95: ¥ | BM95: =SUM(BM70:BM94) -> 0
A96: ESTIMATED GRAND TOTAL FOR EXHIBIT D (④+⑤): | L96: ¥ | M96: =SUM(M66,M95) -> 0 | N96: ESTIMATED GRAND TOTAL FOR EXHIBIT D (④+⑤): | Y96: ¥ | Z96: =SUM(Z66,Z95) -> 0 | AA96: ESTIMATED GRAND TOTAL FOR EXHIBIT D (④+⑤): | AL96: ¥ | AM96: =SUM(AM66,AM95) -> 0 | AN96: ESTIMATED GRAND TOTAL FOR EXHIBIT D (④+⑤): | AY96: ¥ | AZ96: =SUM(AZ66,AZ95) -> 0 | BA96: ESTIMATED GRAND TOTAL FOR EXHIBIT D (④+⑤): | BL96: ¥ | BM96: =SUM(BM66,BM95) -> 0

Sheet E. Air-Sus
A1: EXHIBIT EA: AIR-SUSPENSION TRUCKING FAMILY PRICING SCHEDULE (BASE YEAR 0005) | N1: EXHIBIT EB: AIR-SUSPENSION TRUCKING FAMILY PRICING SCHEDULE (BASE YEAR 1005) | AA1: EXHIBIT EC: AIR-SUSPENSION TRUCKING FAMILY PRICING SCHEDULE (BASE YEAR 2005) | AN1: EXHIBIT ED: AIR-SUSPENSION TRUCKING FAMILY PRICING SCHEDULE (BASE YEAR 3005) | BA1: EXHIBIT EE: AIR-SUSPENSION TRUCKING FAMILY PRICING SCHEDULE (BASE YEAR 4005)
A2: POINT-TO-POINT ROUTES (IAW PWS 3.4.1.): All listed unit prices shall be one-way rates per truckload of Air-Ride freight. If proposing under the Mainland portion, offerors shall provide proposed unit prices for all listed Items. | N2: POINT-TO-POINT ROUTES (IAW PWS 3.4.1.): All listed unit prices shall be one-way rates per truckload of Air-Ride freight. If proposing under the Mainland portion, offerors shall provide proposed unit prices for all listed Items. | AA2: POINT-TO-POINT ROUTES (IAW PWS 3.4.1.): All listed unit prices shall be one-way rates per truckload of Air-Ride freight. If proposing under the Mainland portion, offerors shall provide proposed unit prices for all listed Items. | AN2: POINT-TO-POINT ROUTES (IAW PWS 3.4.1.): All listed unit prices shall be one-way rates per truckload of Air-Ride freight. If proposing under the Mainland portion, offerors shall provide proposed unit prices for all listed Items. | BA2: POINT-TO-POINT ROUTES (IAW PWS 3.4.1.): All listed unit prices shall be one-way rates per truckload of Air-Ride freight. If proposing under the Mainland portion, offerors shall provide proposed unit prices for all listed Items.
A3: Item No. | C3: Description | H3: Est. Qty | I3: Unit | K3: Unit Price | M3: Est. Total | N3: Item No. | P3: Description | U3: Est. Qty | V3: Unit | X3: Unit Price | Z3: Est. Total | AA3: Item No. | AC3: Description | AH3: Est. Qty | AI3: Unit | AK3: Unit Price | AM3: Est. Total | AN3: Item No. | AP3: Description | AU3: Est. Qty | AV3: Unit | AX3: Unit Price | AZ3: Est. Total | BA3: Item No. | BC3: Description | BH3: Est. Qty | BI3: Unit | BK3: Unit Price | BM3: Est. Total
B4: Between | C4: Yokota Air Base | O4: Between | P4: Yokota Air Base | AB4: Between | AC4: Yokota Air Base | AO4: Between | AP4: Yokota Air Base | BB4: Between | BC4: Yokota Air Base
B5: and | C5: Misawa Air Base (693 km) | O5: and | P5: Misawa Air Base (693 km) | AB5: and | AC5: Misawa Air Base (693 km) | AO5: and | AP5: Misawa Air Base (693 km) | BB5: and | BC5: Misawa Air Base (693 km)
A6: EA01 | C6: Air-ride truck | H6: 40 | I6: EA | J6: ¥ | L6: ¥ | M6: =H6*K6 -> 0 | N6: EB01 | P6: Air-ride truck | U6: 40 | V6: EA | W6: ¥ | Y6: ¥ | Z6: =U6*X6 -> 0 | AA6: EC01 | AC6: Air-ride truck | AH6: 40 | AI6: EA | AJ6: ¥ | AL6: ¥ | AM6: =AH6*AK6 -> 0 | AN6: ED01 | AP6: Air-ride truck | AU6: 40 | AV6: EA | AW6: ¥ | AY6: ¥ | AZ6: =AU6*AX6 -> 0 | BA6: EE01 | BC6: Air-ride truck | BH6: 40 | BI6: EA | BJ6: ¥ | BL6: ¥ | BM6: =BH6*BK6 -> 0
A7: EA02 thru EA03 | C7: Reserved | H7: Reserved | N7: EB02 thru EB03 | P7: Reserved | U7: Reserved | AA7: EC02 thru EC03 | AC7: Reserved | AH7: Reserved | AN7: ED02 thru ED03 | AP7: Reserved | AU7: Reserved | BA7: EE02 thru EE03 | BC7: Reserved | BH7: Reserved
A8: ① ESTIMATED TOTAL AMOUNT FOR POINT-TO-POINT ROUTE: | L8: ¥ | M8: =SUM(M6:M6) -> 0 | N8: ① ESTIMATED TOTAL AMOUNT FOR POINT-TO-POINT ROUTE: | Y8: ¥ | Z8: =SUM(Z6:Z6) -> 0 | AA8: ① ESTIMATED TOTAL AMOUNT FOR POINT-TO-POINT ROUTE: | AL8: ¥ | AM8: =SUM(AM6:AM6) -> 0 | AN8: ① ESTIMATED TOTAL AMOUNT FOR POINT-TO-POINT ROUTE: | AY8: ¥ | AZ8: =SUM(AZ6:AZ6) -> 0 | BA8: ① ESTIMATED TOTAL AMOUNT FOR POINT-TO-POINT ROUTE: | BL8: ¥ | BM8: =SUM(BM6:BM6) -> 0
A9: MAINLAND DISTANCE RATE TABLE (IAW nationwide industiry standards and GOJ guidelines; see PWS 3.4.2.): All listed unit prices shall be one-way rates per truckload of Air-Ride freight. (Min. Chargeable Distance: 10km) If proposing under the Mainland portion, offerors shall provide proposed distance rates for all listed distances. | N9: MAINLAND DISTANCE RATE TABLE (IAW nationwide industiry standards and GOJ guidelines; see PWS 3.4.2.): All listed unit prices shall be one-way rates per truckload of Air-Ride freight. (Min. Chargeable Distance: 10km) If proposing under the Mainland portion, offerors shall provide proposed distance rates for all listed distances. | AA9: MAINLAND DISTANCE RATE TABLE (IAW nationwide industiry standards and GOJ guidelines; see PWS 3.4.2.): All listed unit prices shall be one-way rates per truckload of Air-Ride freight. (Min. Chargeable Distance: 10km) If proposing under the Mainland portion, offerors shall provide proposed distance rates for all listed distances. | AN9: MAINLAND DISTANCE RATE TABLE (IAW nationwide industiry standards and GOJ guidelines; see PWS 3.4.2.): All listed unit prices shall be one-way rates per truckload of Air-Ride freight. (Min. Chargeable Distance: 10km) If proposing under the Mainland portion, offerors shall provide proposed distance rates for all listed distances. | BA9: MAINLAND DISTANCE RATE TABLE (IAW nationwide industiry standards and GOJ guidelines; see PWS 3.4.2.): All listed unit prices shall be one-way rates per truckload of Air-Ride freight. (Min. Chargeable Distance: 10km) If proposing under the Mainland portion, offerors shall provide proposed distance rates for all listed distances.
A10: Item No. | C10: Description | H10: Est. Qty | I10: Unit | N10: Item No. | P10: Description | U10: Est. Qty | V10: Unit | AA10: Item No. | AC10: Description | AH10: Est. Qty | AI10: Unit | AN10: Item No. | AP10: Description | AU10: Est. Qty | AV10: Unit | BA10: Item No. | BC10: Description | BH10: Est. Qty | BI10: Unit
A11: EA04 | B11: Distance Rates for All Areas excluding Okinawa | H11: 10 | I11: EA | N11: EB04 | O11: Distance Rates for All Areas excluding Okinawa | U11: 10 | V11: EA | AA11: EC04 | AB11: Distance Rates for All Areas excluding Okinawa | AH11: 10 | AI11: EA | AN11: ED04 | AO11: Distance Rates for All Areas excluding Okinawa | AU11: 10 | AV11: EA | BA11: EE04 | BB11: Distance Rates for All Areas excluding Okinawa | BH11: 10 | BI11: EA
H12: One-Way | J12: Truck Type | U12: One-Way | W12: Truck Type | AH12: One-Way | AJ12: Truck Type | AU12: One-Way | AW12: Truck Type | BH12: One-Way | BJ12: Truck Type
H13: Distance (km) | J13: Air-Suspension Truck | U13: Distance (km) | W13: Air-Suspension Truck | AH13: Distance (km) | AJ13: Air-Suspension Truck | AU13: Distance (km) | AW13: Air-Suspension Truck | BH13: Distance (km) | BJ13: Air-Suspension Truck
H14: 10 | U14: 10 | AH14: 10 | AU14: 10 | BH14: 10
H15: 20 | U15: 20 | AH15: 20 | AU15: 20 | BH15: 20
H16: 30 | U16: 30 | AH16: 30 | AU16: 30 | BH16: 30
H17: 40 | U17: 40 | AH17: 40 | AU17: 40 | BH17: 40
H18: 50 | U18: 50 | AH18: 50 | AU18: 50 | BH18: 50
H19: 60 | U19: 60 | AH19: 60 | AU19: 60 | BH19: 60
H20: 70 | U20: 70 | AH20: 70 | AU20: 70 | BH20: 70
H21: 80 | U21: 80 | AH21: 80 | AU21: 80 | BH21: 80
H22: 90 | U22: 90 | AH22: 90 | AU22: 90 | BH22: 90
H23: 100 | U23: 100 | AH23: 100 | AU23: 100 | BH23: 100
H24: 110 | U24: 110 | AH24: 110 | AU24: 110 | BH24: 110
H25: 120 | U25: 120 | AH25: 120 | AU25: 120 | BH25: 120
... H33: 200 | U33: 200 | AH33: 200 | AU33: 200 | BH33: 200
H34: Over 200 km through 500 km: Per 20 km Increment | U34: Over 200 km through 500 km: Per 20 km Increment | AH34: Over 200 km through 500 km: Per 20 km Increment | AU34: Over 200 km through 500 km: Per 20 km Increment | BH34: Over 200 km through 500 km: Per 20 km Increment
H35: Over 500 km: Per 50 km Increment | U35: Over 500 km: Per 50 km Increment | AH35: Over 500 km: Per 50 km Increment | AU35: Over 500 km: Per 50 km Increment | BH35: Over 500 km: Per 50 km Increment
A36: ② ESTIMATED TOTAL AMOUNT FOR STANDARD TABLE: | L36: ¥ | M36: =SUM(J14:M35) -> 0 | N36: ② ESTIMATED TOTAL AMOUNT FOR STANDARD TABLE: | Y36: ¥ | Z36: =SUM(W14:Z35) -> 0 | AA36: ② ESTIMATED TOTAL AMOUNT FOR STANDARD TABLE: | AL36: ¥ | AM36: =SUM(AJ14:AM35) -> 0 | AN36: ② ESTIMATED TOTAL AMOUNT FOR STANDARD TABLE: | AY36: ¥ | AZ36: =SUM(AW14:AZ35) -> 0 | BA36: ② ESTIMATED TOTAL AMOUNT FOR STANDARD TABLE: | BL36: ¥ | BM36: =SUM(BJ14:BM35) -> 0
A37: ③ ESTIMATED TOTAL AMOUNT FOR ①+②: | L37: ¥ | M37: =SUM(M36,M8) -> 0 | N37: ③ ESTIMATED TOTAL AMOUNT FOR ①+②: | Y37: ¥ | Z37: =SUM(Z36,Z8) -> 0 | AA37: ③ ESTIMATED TOTAL AMOUNT FOR ①+②: | AL37: ¥ | AM37: =SUM(AM36,AM8) -> 0 | AN37: ③ ESTIMATED TOTAL AMOUNT FOR ①+②: | AY37: ¥ | AZ37: =SUM(AZ36,AZ8) -> 0 | BA37: ③ ESTIMATED TOTAL AMOUNT FOR ①+②: | BL37: ¥ | BM37: =SUM(BM36,BM8) -> 0
A38: ACCESSORIAL SERVICES AND OTHER BILLABLE CHARGES: All listed unit prices shall be per truck. Prices shall be proposed in the unit specified for each item. Offerors shall provide proposed prices or rates in all listed items. | N38: ACCESSORIAL SERVICES AND OTHER BILLABLE CHARGES: All listed unit prices shall be per truck. Prices shall be proposed in the unit specified for each item. Offerors shall provide proposed prices or rates in all listed items. | AA38: ACCESSORIAL SERVICES AND OTHER BILLABLE CHARGES: All listed unit prices shall be per truck. Prices shall be proposed in the unit specified for each item. Offerors shall provide proposed prices or rates in all listed items. | AN38: ACCESSORIAL SERVICES AND OTHER BILLABLE CHARGES: All listed unit prices shall be per truck. Prices shall be proposed in the unit specified for each item. Offerors shall provide proposed prices or rates in all listed items. | BA38: ACCESSORIAL SERVICES AND OTHER BILLABLE CHARGES: All listed unit prices shall be per truck. Prices shall be proposed in the unit specified for each item. Offerors shall provide proposed prices or rates in all listed items.
A39: Item No. | C39: Description | H39: Est. Qty | I39: Unit | K39: Unit Price | M39: Est. Total | N39: Item No. | P39: Description | U39: Est. Qty | V39: Unit | X39: Unit Price | Z39: Est. Total | AA39: Item No. | AC39: Description | AH39: Est. Qty | AI39: Unit | AK39: Unit Price | AM39: Est. Total | AN39: Item No. | AP39: Description | AU39: Est. Qty | AV39: Unit | AX39: Unit Price | AZ39: Est. Total | BA39: Item No. | BC39: Description | BH39: Est. Qty | BI39: Unit | BK39: Unit Price | BM39: Est. Total
A40: EA41 | B40: RETENTION, DEMURRAGE | N40: EB41 | O40: RETENTION, DEMURRAGE | AA40: EC41 | AB40: RETENTION, DEMURRAGE | AN40: ED41 | AO40: RETENTION, DEMURRAGE | BA40: EE41 | BB40: RETENTION, DEMURRAGE
A41: EA41A | B41: Retention Charge per truck per day IAW PWS 3.7.1. | H41: 10 | I41: EA | J41: ¥ | L41: ¥ | M41: =K41*H41 -> 0 | N41: EB41A | O41: Retention Charge per truck per day IAW PWS 3.7.1. | U41: 10 | V41: EA | W41: ¥ | Y41: ¥ | Z41: =X41*U41 -> 0 | AA41: EC41A | AB41: Retention Charge per truck per day IAW PWS 3.7.1. | AH41: 10 | AI41: EA | AJ41: ¥ | AL41: ¥ | AM41: =AK41*AH41 -> 0 | AN41: ED41A | AO41: Retention Charge per truck per day IAW PWS 3.7.1. | AU41: 10 | AV41: EA | AW41: ¥ | AY41: ¥ | AZ41: =AX41*AU41 -> 0 | BA41: EE41A | BB41: Retention Charge per truck per day IAW PWS 3.7.1. | BH41: 10 | BI41: EA | BJ41: ¥ | BL41: ¥ | BM41: =BK41*BH41 -> 0
A42: EA41B | B42: Demurrage Charge per truck IAW PWS 3.7.2. | H42: 60 | I42: HR | J42: ¥ | L42: ¥ | M42: =K42*H42 -> 0 | N42: EB41B | O42: Demurrage Charge per truck IAW PWS 3.7.2. | U42: 60 | V42: HR | W42: ¥ | Y42: ¥ | Z42: =X42*U42 -> 0 | AA42: EC41B | AB42: Demurrage Charge per truck IAW PWS 3.7.2. | AH42: 60 | AI42: HR | AJ42: ¥ | AL42: ¥ | AM42: =AK42*AH42 -> 0 | AN42: ED41B | AO42: Demurrage Charge per truck IAW PWS 3.7.2. | AU42: 60 | AV42: HR | AW42: ¥ | AY42: ¥ | AZ42: =AX42*AU42 -> 0 | BA42: EE41B | BB42: Demurrage Charge per truck IAW PWS 3.7.2. | BH42: 60 | BI42: HR | BJ42: ¥ | BL42: ¥ | BM42: =BK42*BH42 -> 0
A43: EA42 | B43: CANCELLATION (max 100%) IAW PWS 3.7.3. | N43: EB42 | O43: CANCELLATION (max 100%) IAW PWS 3.7.3. | AA43: EC42 | AB43: CANCELLATION (max 100%) IAW PWS 3.7.3. | AN43: ED42 | AO43: CANCELLATION (max 100%) IAW PWS 3.7.3. | BA43: EE42 | BB43: CANCELLATION (max 100%) IAW PWS 3.7.3.
B44: Formula: ④x 10% (Est. Qty) x Unit Price (Offer Rate: %) = Est. Total | O44: Formula: ④x 10% (Est. Qty) x Unit Price (Offer Rate: %) = Est. Total | AB44: Formula: ④x 10% (Est. Qty) x Unit Price (Offer Rate: %) = Est. Total | AO44: Formula: ④x 10% (Est. Qty) x Unit Price (Offer Rate: %) = Est. Total | BB44: Formula: ④x 10% (Est. Qty) x Unit Price (Offer Rate: %) = Est. Total
A45: EA42A | B45: Two-Day Prior Cancellation Charge | H45: 0.1 | I45: EA | J45: % | L45: ¥ | M45: =M37*H45*K45 -> 0 | N45: EB42A | O45: Two-Day Prior Cancellation Charge | U45: 0.1 | V45: EA | W45: % | Y45: ¥ | Z45: =Z37*U45*X45 -> 0 | AA45: EC42A | AB45: Two-Day Prior Cancellation Charge | AH45: 0.1 | AI45: EA | AJ45: % | AL45: ¥ | AM45: =AM37*AH45*AK45 -> 0 | AN45: ED42A | AO45: Two-Day Prior Cancellation Charge | AU45: 0.1 | AV45: EA | AW45: % | AY45: ¥ | AZ45: =AZ37*AU45*AX45 -> 0 | BA45: EE42A | BB45: Two-Day Prior Cancellation Charge | BH45: 0.1 | BI45: EA | BJ45: % | BL45: ¥ | BM45: =BM37*BH45*BK45 -> 0
B46: Formula: ④x 10% (Est. Qty) x Unit Price (Offer Rate: %) = Est. Total | O46: Formula: ④x 10% (Est. Qty) x Unit Price (Offer Rate: %) = Est. Total | AB46: Formula: ④x 10% (Est. Qty) x Unit Price (Offer Rate: %) = Est. Total | AO46: Formula: ④x 10% (Est. Qty) x Unit Price (Offer Rate: %) = Est. Total | BB46: Formula: ④x 10% (Est. Qty) x Unit Price (Offer Rate: %) = Est. Total
A47: EA42B | B47: One-Day Prior Cancellation Charge | H47: 0.1 | I47: EA | J47: % | L47: ¥ | M47: =M37*H47*K47 -> 0 | N47: EB42B | O47: One-Day Prior Cancellation Charge | U47: 0.1 | V47: EA | W47: % | Y47: ¥ | Z47: =Z37*U47*X47 -> 0 | AA47: EC42B | AB47: One-Day Prior Cancellation Charge | AH47: 0.1 | AI47: EA | AJ47: % | AL47: ¥ | AM47: =AM37*AH47*AK47 -> 0 | AN47: ED42B | AO47: One-Day Prior Cancellation Charge | AU47: 0.1 | AV47: EA | AW47: % | AY47: ¥ | AZ47: =AZ37*AU47*AX47 -> 0 | BA47: EE42B | BB47: One-Day Prior Cancellation Charge | BH47: 0.1 | BI47: EA | BJ47: % | BL47: ¥ | BM47: =BM37*BH47*BK47 -> 0
B48: Formula: ④x 10% (Est. Qty) x Unit Price (Offer Rate: %) = Est. Total | O48: Formula: ④x 10% (Est. Qty) x Unit Price (Offer Rate: %) = Est. Total | AB48: Formula: ④x 10% (Est. Qty) x Unit Price (Offer Rate: %) = Est. Total | AO48: Formula: ④x 10% (Est. Qty) x Unit Price (Offer Rate: %) = Est. Total | BB48: Formula: ④x 10% (Est. Qty) x Unit Price (Offer Rate: %) = Est. Total
A49: EA42C | B49: Same-Day Prior Cancellation Charge | H49: 0.1 | I49: EA | J49: % | L49: ¥ | M49: =M37*H49*K49 -> 0 | N49: EB42C | O49: Same-Day Prior Cancellation Charge | U49: 0.1 | V49: EA | W49: % | Y49: ¥ | Z49: =Z37*U49*X49 -> 0 | AA49: EC42C | AB49: Same-Day Prior Cancellation Charge | AH49: 0.1 | AI49: EA | AJ49: % | AL49: ¥ | AM49: =AM37*AH49*AK49 -> 0 | AN49: ED42C | AO49: Same-Day Prior Cancellation Charge | AU49: 0.1 | AV49: EA | AW49: % | AY49: ¥ | AZ49: =AZ37*AU49*AX49 -> 0 | BA49: EE42C | BB49: Same-Day Prior Cancellation Charge | BH49: 0.1 | BI49: EA | BJ49: % | BL49: ¥ | BM49: =BM37*BH49*BK49 -> 0
B50: Formula: ④x 15% (Est. Qty) x Unit Price (Offer Rate: %) = Est. Total | O50: Formula: ④x 15% (Est. Qty) x Unit Price (Offer Rate: %) = Est. Total | AB50: Formula: ④x 15% (Est. Qty) x Unit Price (Offer Rate: %) = Est. Total | AO50: Formula: ④x 15% (Est. Qty) x Unit Price (Offer Rate: %) = Est. Total | BB50: Formula: ④x 15% (Est. Qty) x Unit Price (Offer Rate: %) = Est. Total
A51: EA43 | B51: SHORT-NOTICE SERVICE PREMIUM (max 50%) IAW PWS 3.7.4. | H51: 0.15 | I51: EA | J51: % | L51: ¥ | M51: =M37*H51*K51 -> 0 | N51: EB43 | O51: SHORT-NOTICE SERVICE PREMIUM (max 50%) IAW PWS 3.7.4. | U51: 0.15 | V51: EA | W51: % | Y51: ¥ | Z51: =Z37*U51*X51 -> 0 | AA51: EC43 | AB51: SHORT-NOTICE SERVICE PREMIUM (max 50%) IAW PWS 3.7.4. | AH51: 0.15 | AI51: EA | AJ51: % | AL51: ¥ | AM51: =AM37*AH51*AK51 -> 0 | AN51: ED43 | AO51: SHORT-NOTICE SERVICE PREMIUM (max 50%) IAW PWS 3.7.4. | AU51: 0.15 | AV51: EA | AW51: % | AY51: ¥ | AZ51: =AZ37*AU51*AX51 -> 0 | BA51: EE43 | BB51: SHORT-NOTICE SERVICE PREMIUM (max 50%) IAW PWS 3.7.4. | BH51: 0.15 | BI51: EA | BJ51: % | BL51: ¥ | BM51: =BM37*BH51*BK51 -> 0
B52: Formula: ④x 3% (Est. Qty) x Unit Price (Offer Rate: %) = Est. Total | O52: Formula: ④x 3% (Est. Qty) x Unit Price (Offer Rate: %) = Est. Total | AB52: Formula: ④x 3% (Est. Qty) x Unit Price (Offer Rate: %) = Est. Total | AO52: Formula: ④x 3% (Est. Qty) x Unit Price (Offer Rate: %) = Est. Total | BB52: Formula: ④x 3% (Est. Qty) x Unit Price (Offer Rate: %) = Est. Total
A53: EA44 | B53: MIDNIGHT AND EARLY MORNING SURCHARGE IAW PWS 3.7.5. | H53: 0.03 | I53: EA | J53: % | L53: ¥ | M53: =M37*H53*K53 -> 0 | N53: EB44 | O53: MIDNIGHT AND EARLY MORNING SURCHARGE IAW PWS 3.7.5. | U53: 0.03 | V53: EA | W53: % | Y53: ¥ | Z53: =Z37*U53*X53 -> 0 | AA53: EC44 | AB53: MIDNIGHT AND EARLY MORNING SURCHARGE IAW PWS 3.7.5. | AH53: 0.03 | AI53: EA | AJ53: % | AL53: ¥ | AM53: =AM37*AH53*AK53 -> 0 | AN53: ED44 | AO53: MIDNIGHT AND EARLY MORNING SURCHARGE IAW PWS 3.7.5. | AU53: 0.03 | AV53: EA | AW53: % | AY53: ¥ | AZ53: =AZ37*AU53*AX53 -> 0 | BA53: EE44 | BB53: MIDNIGHT AND EARLY MORNING SURCHARGE IAW PWS 3.7.5. | BH53: 0.03 | BI53: EA | BJ53: % | BL53: ¥ | BM53: =BM37*BH53*BK53 -> 0
B54: Formula: ④x 3% (Est. Qty) x Unit Price (Offer Rate: %) = Est. Total | O54: Formula: ④x 3% (Est. Qty) x Unit Price (Offer Rate: %) = Est. Total | AB54: Formula: ④x 3% (Est. Qty) x Unit Price (Offer Rate: %) = Est. Total | AO54: Formula: ④x 3% (Est. Qty) x Unit Price (Offer Rate: %) = Est. Total | BB54: Formula: ④x 3% (Est. Qty) x Unit Price (Offer Rate: %) = Est. Total
A55: EA45 | B55: WINTER PREMIUM IAW PWS 3.7.6. | H55: 0.03 | I55: EA | J55: % | L55: ¥ | M55: =M37*H55*K55 -> 0 | N55: EB45 | O55: WINTER PREMIUM IAW PWS 3.7.6. | U55: 0.03 | V55: EA | W55: % | Y55: ¥ | Z55: =Z37*U55*X55 -> 0 | AA55: EC45 | AB55: WINTER PREMIUM IAW PWS 3.7.6. | AH55: 0.03 | AI55: EA | AJ55: % | AL55: ¥ | AM55: =AM37*AH55*AK55 -> 0 | AN55: ED45 | AO55: WINTER PREMIUM IAW PWS 3.7.6. | AU55: 0.03 | AV55: EA | AW55: % | AY55: ¥ | AZ55: =AZ37*AU55*AX55 -> 0 | BA55: EE45 | BB55: WINTER PREMIUM IAW PWS 3.7.6. | BH55: 0.03 | BI55: EA | BJ55: % | BL55: ¥ | BM55: =BM37*BH55*BK55 -> 0
A56: EA46 | B56: MATERIAL HANDLING EQUIPMENT (FORKLIFT ) IAW PWS 3.7.7. | H56: See Exhibit F | N56: EB46 | O56: MATERIAL HANDLING EQUIPMENT (FORKLIFT ) IAW PWS 3.7.7. | U56: See Exhibit F | AA56: EC46 | AB56: MATERIAL HANDLING EQUIPMENT (FORKLIFT ) IAW PWS 3.7.7. | AH56: See Exhibit F | AN56: ED46 | AO56: MATERIAL HANDLING EQUIPMENT (FORKLIFT ) IAW PWS 3.7.7. | AU56: See Exhibit F | BA56: EE46 | BB56: MATERIAL HANDLING EQUIPMENT (FORKLIFT ) IAW PWS 3.7.7. | BH56: See Exhibit F
A57: EA47 | B57: MATERIAL HANDLING EQUIPMENT (CRANE ) IAW PWS 3.7.7. | H57: See Exhibit F | N57: EB47 | O57: MATERIAL HANDLING EQUIPMENT (CRANE ) IAW PWS 3.7.7. | U57: See Exhibit F | AA57: EC47 | AB57: MATERIAL HANDLING EQUIPMENT (CRANE ) IAW PWS 3.7.7. | AH57: See Exhibit F | AN57: ED47 | AO57: MATERIAL HANDLING EQUIPMENT (CRANE ) IAW PWS 3.7.7. | AU57: See Exhibit F | BA57: EE47 | BB57: MATERIAL HANDLING EQUIPMENT (CRANE ) IAW PWS 3.7.7. | BH57: See Exhibit F
A58: EA48 | B58: EXPENSES IAW PWS 3.7.8. | H58: Reserved | N58: EB48 | O58: EXPENSES IAW PWS 3.7.8. | U58: Reserved | AA58: EC48 | AB58: EXPENSES IAW PWS 3.7.8. | AH58: Reserved | AN58: ED48 | AO58: EXPENSES IAW PWS 3.7.8. | AU58: Reserved | BA58: EE48 | BB58: EXPENSES IAW PWS 3.7.8. | BH58: Reserved
A59: ④ ESTIMATED TOTAL FOR ACCESORIAL SERVICES: | L59: ¥ | M59: =SUM(M40:M58) -> 0 | N59: ④ ESTIMATED TOTAL FOR ACCESORIAL SERVICES: | Y59: ¥ | Z59: =SUM(Z40:Z58) -> 0 | AA59: ④ ESTIMATED TOTAL FOR ACCESORIAL SERVICES: | AL59: ¥ | AM59: =SUM(AM40:AM58) -> 0 | AN59: ④ ESTIMATED TOTAL FOR ACCESORIAL SERVICES: | AY59: ¥ | AZ59: =SUM(AZ40:AZ58) -> 0 | BA59: ④ ESTIMATED TOTAL FOR ACCESORIAL SERVICES: | BL59: ¥ | BM59: =SUM(BM40:BM58) -> 0
A60: ESTIMATED GRAND TOTAL FOR EXHIBIT A (③+④): | L60: ¥ | M60: =SUM(M37,M59) -> 0 | N60: ESTIMATED GRAND TOTAL FOR EXHIBIT A (③+④): | Y60: ¥ | Z60: =SUM(Z37,Z59) -> 0 | AA60: ESTIMATED GRAND TOTAL FOR EXHIBIT A (③+④): | AL60: ¥ | AM60: =SUM(AM37,AM59) -> 0 | AN60: ESTIMATED GRAND TOTAL FOR EXHIBIT A (③+④): | AY60: ¥ | AZ60: =SUM(AZ37,AZ59) -> 0 | BA60: ESTIMATED GRAND TOTAL FOR EXHIBIT A (③+④): | BL60: ¥ | BM60: =SUM(BM37,BM59) -> 0

Sheet F. MHE
A1: EXHIBIT FA: MATERIAL HANDLING EQUIPMENT (MHE) FAMILY PRICING SCHEDULE (BASE YEAR 0006) | N1: EXHIBIT FB: MATERIAL HANDLING EQUIPMENT (MHE) FAMILY PRICING SCHEDULE (BASE YEAR 1006) | AA1: EXHIBIT FC: MATERIAL HANDLING EQUIPMENT (MHE) FAMILY PRICING SCHEDULE (BASE YEAR 2006) | AN1: EXHIBIT FD: MATERIAL HANDLING EQUIPMENT (MHE) FAMILY PRICING SCHEDULE (BASE YEAR 3006) | BA1: EXHIBIT FE: MATERIAL HANDLING EQUIPMENT (MHE) FAMILY PRICING SCHEDULE (BASE YEAR 4006)
A2: ACCESSORIAL MHEs: All listed unit prices shall be proposed per MHE unit. Offerors shall enter proposed unit prices for the MHE items they are offiering under the Mainland requirement. Unit prices for Okinawa and Hokkaido will be adjusted. Offers shall bid on all forklift items, all crane items, or both. | N2: ACCESSORIAL MHEs: All listed unit prices shall be proposed per MHE unit. Offerors shall enter proposed unit prices for the MHE items they are offiering under the Mainland requirement. Unit prices for Okinawa and Hokkaido will be adjusted. Offers shall bid on all forklift items, all crane items, or both. | AA2: ACCESSORIAL MHEs: All listed unit prices shall be proposed per MHE unit. Offerors shall enter proposed unit prices for the MHE items they are offiering under the Mainland requirement. Unit prices for Okinawa and Hokkaido will be adjusted. Offers shall bid on all forklift items, all crane items, or both. | AN2: ACCESSORIAL MHEs: All listed unit prices shall be proposed per MHE unit. Offerors shall enter proposed unit prices for the MHE items they are offiering under the Mainland requirement. Unit prices for Okinawa and Hokkaido will be adjusted. Offers shall bid on all forklift items, all crane items, or both. | BA2: ACCESSORIAL MHEs: All listed unit prices shall be proposed per MHE unit. Offerors shall enter proposed unit prices for the MHE items they are offiering under the Mainland requirement. Unit prices for Okinawa and Hokkaido will be adjusted. Offers shall bid on all forklift items, all crane items, or both.
A3: Item No. | B3: Description | H3: Est. Qty | I3: Unit | K3: Unit Price | M3: Est. Total | N3: Item No. | O3: Description | U3: Est. Qty | V3: Unit | X3: Unit Price | Z3: Est. Total | AA3: Item No. | AB3: Description | AH3: Est. Qty | AI3: Unit | AK3: Unit Price | AM3: Est. Total | AN3: Item No. | AO3: Description | AU3: Est. Qty | AV3: Unit | AX3: Unit Price | AZ3: Est. Total | BA3: Item No. | BB3: Description | BH3: Est. Qty | BI3: Unit | BK3: Unit Price | BM3: Est. Total
A4: FA01 | B4: ACCESSORIAL FORKLIFTS | N4: FB01 | O4: ACCESSORIAL FORKLIFTS | AA4: FC01 | AB4: ACCESSORIAL FORKLIFTS | AN4: FD01 | AO4: ACCESSORIAL FORKLIFTS | BA4: FE01 | BB4: ACCESSORIAL FORKLIFTS
A5: FA01A | B5: Up to 7-ton Forklift: Half Day | H5: 50 | I5: EA | J5: ¥ | L5: ¥ | M5: =H5*K5 -> 0 | N5: FB01A | O5: Up to 7-ton Forklift: Half Day | U5: 50 | V5: EA | W5: ¥ | Y5: ¥ | Z5: =U5*X5 -> 0 | AA5: FC01A | AB5: Up to 7-ton Forklift: Half Day | AH5: 50 | AI5: EA | AJ5: ¥ | AL5: ¥ | AM5: =AH5*AK5 -> 0 | AN5: FD01A | AO5: Up to 7-ton Forklift: Half Day | AU5: 50 | AV5: EA | AW5: ¥ | AY5: ¥ | AZ5: =AU5*AX5 -> 0 | BA5: FE01A | BB5: Up to 7-ton Forklift: Half Day | BH5: 50 | BI5: EA | BJ5: ¥ | BL5: ¥ | BM5: =BH5*BK5 -> 0
A6: FA01B | B6: From 8-ton to 10-ton Forklift: Half Day | H6: 50 | I6: EA | J6: ¥ | L6: ¥ | M6: =H6*K6 -> 0 | N6: FB01B | O6: From 8-ton to 10-ton Forklift: Half Day | U6: 50 | V6: EA | W6: ¥ | Y6: ¥ | Z6: =U6*X6 -> 0 | AA6: FC01B | AB6: From 8-ton to 10-ton Forklift: Half Day | AH6: 50 | AI6: EA | AJ6: ¥ | AL6: ¥ | AM6: =AH6*AK6 -> 0 | AN6: FD01B | AO6: From 8-ton to 10-ton Forklift: Half Day | AU6: 50 | AV6: EA | AW6: ¥ | AY6: ¥ | AZ6: =AU6*AX6 -> 0 | BA6: FE01B | BB6: From 8-ton to 10-ton Forklift: Half Day | BH6: 50 | BI6: EA | BJ6: ¥ | BL6: ¥ | BM6: =BH6*BK6 -> 0
A7: FA01C | B7: From 11-ton to 16-ton Forklift: Half Day | H7: 20 | I7: EA | J7: ¥ | L7: ¥ | M7: =H7*K7 -> 0 | N7: FB01C | O7: From 11-ton to 16-ton Forklift: Half Day | U7: 20 | V7: EA | W7: ¥ | Y7: ¥ | Z7: =U7*X7 -> 0 | AA7: FC01C | AB7: From 11-ton to 16-ton Forklift: Half Day | AH7: 20 | AI7: EA | AJ7: ¥ | AL7: ¥ | AM7: =AH7*AK7 -> 0 | AN7: FD01C | AO7: From 11-ton to 16-ton Forklift: Half Day | AU7: 20 | AV7: EA | AW7: ¥ | AY7: ¥ | AZ7: =AU7*AX7 -> 0 | BA7: FE01C | BB7: From 11-ton to 16-ton Forklift: Half Day | BH7: 20 | BI7: EA | BJ7: ¥ | BL7: ¥ | BM7: =BH7*BK7 -> 0
A8: FA02 | B8: ACCESSORIAL CRANES | N8: FB02 | O8: ACCESSORIAL CRANES | AA8: FC02 | AB8: ACCESSORIAL CRANES | AN8: FD02 | AO8: ACCESSORIAL CRANES | BA8: FE02 | BB8: ACCESSORIAL CRANES
A9: FA01A | B9: Up to 25-ton Crane: Half-Day | H9: 70 | I9: EA | J9: ¥ | L9: ¥ | M9: =H9*K9 -> 0 | N9: FB01A | O9: Up to 25-ton Crane: Half-Day | U9: 70 | V9: EA | W9: ¥ | Y9: ¥ | Z9: =U9*X9 -> 0 | AA9: FC01A | AB9: Up to 25-ton Crane: Half-Day | AH9: 70 | AI9: EA | AJ9: ¥ | AL9: ¥ | AM9: =AH9*AK9 -> 0 | AN9: FD01A | AO9: Up to 25-ton Crane: Half-Day | AU9: 70 | AV9: EA | AW9: ¥ | AY9: ¥ | AZ9: =AU9*AX9 -> 0 | BA9: FE01A | BB9: Up to 25-ton Crane: Half-Day | BH9: 70 | BI9: EA | BJ9: ¥ | BL9: ¥ | BM9: =BH9*BK9 -> 0
A10: FA01B | B10: From 26-ton to 50-ton Crane: Half Day | H10: 20 | I10: EA | J10: ¥ | L10: ¥ | M10: =H10*K10 -> 0 | N10: FB01B | O10: From 26-ton to 50-ton Crane: Half Day | U10: 20 | V10: EA | W10: ¥ | Y10: ¥ | Z10: =U10*X10 -> 0 | AA10: FC01B | AB10: From 26-ton to 50-ton Crane: Half Day | AH10: 20 | AI10: EA | AJ10: ¥ | AL10: ¥ | AM10: =AH10*AK10 -> 0 | AN10: FD01B | AO10: From 26-ton to 50-ton Crane: Half Day | AU10: 20 | AV10: EA | AW10: ¥ | AY10: ¥ | AZ10: =AU10*AX10 -> 0 | BA10: FE01B | BB10: From 26-ton to 50-ton Crane: Half Day | BH10: 20 | BI10: EA | BJ10: ¥ | BL10: ¥ | BM10: =BH10*BK10 -> 0
A11: FA03 thru FA04 | C11: Reserved | H11: Reserved | N11: FB03 thru FB04 | P11: Reserved | U11: Reserved | AA11: FC03 thru FC04 | AC11: Reserved | AH11: Reserved | AN11: FD03 thru FD04 | AP11: Reserved | AU11: Reserved | BA11: FE03 thru FE04 | BC11: Reserved | BH11: Reserved
A12: ① ESTIMATED TOTAL AMOUNT FOR ACCESSORIAL MHEs: | L12: ¥ | M12: =SUM(M5:M10) -> 0 | N12: ① ESTIMATED TOTAL AMOUNT FOR ACCESSORIAL MHEs: | Y12: ¥ | Z12: =SUM(Z5:Z10) -> 0 | AA12: ① ESTIMATED TOTAL AMOUNT FOR ACCESSORIAL MHEs: | AL12: ¥ | AM12: =SUM(AM5:AM10) -> 0 | AN12: ① ESTIMATED TOTAL AMOUNT FOR ACCESSORIAL MHEs: | AY12: ¥ | AZ12: =SUM(AZ5:AZ10) -> 0 | BA12: ① ESTIMATED TOTAL AMOUNT FOR ACCESSORIAL MHEs: | BL12: ¥ | BM12: =SUM(BM5:BM10) -> 0
A13: STAND-ALONE MHEs: All listed unit prices shall be per MHE unit. Offerors shall enter proposed unit prices for the MHE items they are offiering under the Mainland requirement. Unit prices for Okinawa and Hokkaido will be adjusted. Unit prices should include all costs, including round-trip transportation to and from the performance site. Offers shall bid all forklift items, all crane items, or both. | N13: STAND-ALONE MHEs: All listed unit prices shall be per MHE unit. Offerors shall enter proposed unit prices for the MHE items they are offiering under the Mainland requirement. Unit prices for Okinawa and Hokkaido will be adjusted. Unit prices should include all costs, including round-trip transportation to and from the performance site. Offers shall bid all forklift items, all crane items, or both. | AA13: STAND-ALONE MHEs: All listed unit prices shall be per MHE unit. Offerors shall enter proposed unit prices for the MHE items they are offiering under the Mainland requirement. Unit prices for Okinawa and Hokkaido will be adjusted. Unit prices should include all costs, including round-trip transportation to and from the performance site. Offers shall bid all forklift items, all crane items, or both. | AN13: STAND-ALONE MHEs: All listed unit prices shall be per MHE unit. Offerors shall enter proposed unit prices for the MHE items they are offiering under the Mainland requirement. Unit prices for Okinawa and Hokkaido will be adjusted. Unit prices should include all costs, including round-trip transportation to and from the performance site. Offers shall bid all forklift items, all crane items, or both. | BA13: STAND-ALONE MHEs: All listed unit prices shall be per MHE unit. Offerors shall enter proposed unit prices for the MHE items they are offiering under the Mainland requirement. Unit prices for Okinawa and Hokkaido will be adjusted. Unit prices should include all costs, including round-trip transportation to and from the performance site. Offers shall bid all forklift items, all crane items, or both.
A14: Item No. | B14: Description | H14: Est. Qty | I14: Unit | K14: Unit Price | M14: Est. Total | N14: Item No. | O14: Description | U14: Est. Qty | V14: Unit | X14: Unit Price | Z14: Est. Total | AA14: Item No. | AB14: Description | AH14: Est. Qty | AI14: Unit | AK14: Unit Price | AM14: Est. Total | AN14: Item No. | AO14: Description | AU14: Est. Qty | AV14: Unit | AX14: Unit Price | AZ14: Est. Total | BA14: Item No. | BB14: Description | BH14: Est. Qty | BI14: Unit | BK14: Unit Price | BM14: Est. Total
A15: FA05 | B15: STAND-ALONE FORKLIFT CHARTERED RATE | N15: FB05 | O15: STAND-ALONE FORKLIFT CHARTERED RATE | AA15: FC05 | AB15: STAND-ALONE FORKLIFT CHARTERED RATE | AN15: FD05 | AO15: STAND-ALONE FORKLIFT CHARTERED RATE | BA15: FE05 | BB15: STAND-ALONE FORKLIFT CHARTERED RATE
A16: FA05A | B16: Up to 7-ton Forklift: Half-Day | H16: 25 | I16: EA | J16: ¥ | L16: ¥ | M16: =H16*K16 -> 0 | N16: FB05A | O16: Up to 7-ton Forklift: Half-Day | U16: 25 | V16: EA | W16: ¥ | Y16: ¥ | Z16: =U16*X16 -> 0 | AA16: FC05A | AB16: Up to 7-ton Forklift: Half-Day | AH16: 25 | AI16: EA | AJ16: ¥ | AL16: ¥ | AM16: =AH16*AK16 -> 0 | AN16: FD05A | AO16: Up to 7-ton Forklift: Half-Day | AU16: 25 | AV16: EA | AW16: ¥ | AY16: ¥ | AZ16: =AU16*AX16 -> 0 | BA16: FE05A | BB16: Up to 7-ton Forklift: Half-Day | BH16: 25 | BI16: EA | BJ16: ¥ | BL16: ¥ | BM16: =BH16*BK16 -> 0
A17: FA05B | B17: Ftom 8-ton to 10-ton Forklift: Half-Day | H17: 25 | I17: EA | J17: ¥ | L17: ¥ | M17: =H17*K17 -> 0 | N17: FB05B | O17: Ftom 8-ton to 10-ton Forklift: Half-Day | U17: 25 | V17: EA | W17: ¥ | Y17: ¥ | Z17: =U17*X17 -> 0 | AA17: FC05B | AB17: Ftom 8-ton to 10-ton Forklift: Half-Day | AH17: 25 | AI17: EA | AJ17: ¥ | AL17: ¥ | AM17: =AH17*AK17 -> 0 | AN17: FD05B | AO17: Ftom 8-ton to 10-ton Forklift: Half-Day | AU17: 25 | AV17: EA | AW17: ¥ | AY17: ¥ | AZ17: =AU17*AX17 -> 0 | BA17: FE05B | BB17: Ftom 8-ton to 10-ton Forklift: Half-Day | BH17: 25 | BI17: EA | BJ17: ¥ | BL17: ¥ | BM17: =BH17*BK17 -> 0
A18: FA05C | B18: From 11-ton to 16-ton Forklift: Half-Day | H18: 10 | I18: EA | J18: ¥ | L18: ¥ | M18: =H18*K18 -> 0 | N18: FB05C | O18: From 11-ton to 16-ton Forklift: Half-Day | U18: 10 | V18: EA | W18: ¥ | Y18: ¥ | Z18: =U18*X18 -> 0 | AA18: FC05C | AB18: From 11-ton to 16-ton Forklift: Half-Day | AH18: 10 | AI18: EA | AJ18: ¥ | AL18: ¥ | AM18: =AH18*AK18 -> 0 | AN18: FD05C | AO18: From 11-ton to 16-ton Forklift: Half-Day | AU18: 10 | AV18: EA | AW18: ¥ | AY18: ¥ | AZ18: =AU18*AX18 -> 0 | BA18: FE05C | BB18: From 11-ton to 16-ton Forklift: Half-Day | BH18: 10 | BI18: EA | BJ18: ¥ | BL18: ¥ | BM18: =BH18*BK18 -> 0
A19: FA06 | B19: STAND-ALONE CRANE CHARTERED RATE | N19: FB06 | O19: STAND-ALONE CRANE CHARTERED RATE | AA19: FC06 | AB19: STAND-ALONE CRANE CHARTERED RATE | AN19: FD06 | AO19: STAND-ALONE CRANE CHARTERED RATE | BA19: FE06 | BB19: STAND-ALONE CRANE CHARTERED RATE
A20: FA06A | B20: Up to 25-tonCrane: Half-Day | H20: 20 | I20: EA | J20: ¥ | L20: ¥ | M20: =H20*K20 -> 0 | N20: FB06A | O20: Up to 25-tonCrane: Half-Day | U20: 20 | V20: EA | W20: ¥ | Y20: ¥ | Z20: =U20*X20 -> 0 | AA20: FC06A | AB20: Up to 25-tonCrane: Half-Day | AH20: 20 | AI20: EA | AJ20: ¥ | AL20: ¥ | AM20: =AH20*AK20 -> 0 | AN20: FD06A | AO20: Up to 25-tonCrane: Half-Day | AU20: 20 | AV20: EA | AW20: ¥ | AY20: ¥ | AZ20: =AU20*AX20 -> 0 | BA20: FE06A | BB20: Up to 25-tonCrane: Half-Day | BH20: 20 | BI20: EA | BJ20: ¥ | BL20: ¥ | BM20: =BH20*BK20 -> 0
A21: FA06B | B21: From 26-ton to 50-tonCrane: Half-Day | H21: 10 | I21: EA | J21: ¥ | L21: ¥ | M21: =H21*K21 -> 0 | N21: FB06B | O21: From 26-ton to 50-tonCrane: Half-Day | U21: 10 | V21: EA | W21: ¥ | Y21: ¥ | Z21: =U21*X21 -> 0 | AA21: FC06B | AB21: From 26-ton to 50-tonCrane: Half-Day | AH21: 10 | AI21: EA | AJ21: ¥ | AL21: ¥ | AM21: =AH21*AK21 -> 0 | AN21: FD06B | AO21: From 26-ton to 50-tonCrane: Half-Day | AU21: 10 | AV21: EA | AW21: ¥ | AY21: ¥ | AZ21: =AU21*AX21 -> 0 | BA21: FE06B | BB21: From 26-ton to 50-tonCrane: Half-Day | BH21: 10 | BI21: EA | BJ21: ¥ | BL21: ¥ | BM21: =BH21*BK21 -> 0
A22: FA07 thru FA10 | C22: Reserved | H22: Reserved | N22: FB07 thru FB10 | P22: Reserved | U22: Reserved | AA22: FC07 thru FC10 | AC22: Reserved | AH22: Reserved | AN22: FD07 thru FD10 | AP22: Reserved | AU22: Reserved | BA22: FE07 thru FE10 | BC22: Reserved | BH22: Reserved
A23: ② ESTIMATED TOTAL AMOUNT FOR STAND-ALONE MHEs: | L23: ¥ | M23: =SUM(M16:M21) -> 0 | N23: ② ESTIMATED TOTAL AMOUNT FOR STAND-ALONE MHEs: | Y23: ¥ | Z23: =SUM(Z16:Z21) -> 0 | AA23: ② ESTIMATED TOTAL AMOUNT FOR STAND-ALONE MHEs: | AL23: ¥ | AM23: =SUM(AM16:AM21) -> 0 | AN23: ② ESTIMATED TOTAL AMOUNT FOR STAND-ALONE MHEs: | AY23: ¥ | AZ23: =SUM(AZ16:AZ21) -> 0 | BA23: ② ESTIMATED TOTAL AMOUNT FOR STAND-ALONE MHEs: | BL23: ¥ | BM23: =SUM(BM16:BM21) -> 0
A24: ③ ESTIMATED TOTAL AMOUNT FOR ①+②: | L24: ¥ | M24: =SUM(M23,M12) -> 0 | N24: ③ ESTIMATED TOTAL AMOUNT FOR ①+②: | Y24: ¥ | Z24: =SUM(Z23,Z12) -> 0 | AA24: ③ ESTIMATED TOTAL AMOUNT FOR ①+②: | AL24: ¥ | AM24: =SUM(AM23,AM12) -> 0 | AN24: ③ ESTIMATED TOTAL AMOUNT FOR ①+②: | AY24: ¥ | AZ24: =SUM(AZ23,AZ12) -> 0 | BA24: ③ ESTIMATED TOTAL AMOUNT FOR ①+②: | BL24: ¥ | BM24: =SUM(BM23,BM12) -> 0
A25: ACCESSORIAL SERVICES AND OTHER BILLABLE CHARGES: All listed unit prices shall be per truck. Prices shall be proposed in the unit specified for each item. Offerors shall provide proposed prices or rates in all listed items. FA49 thru FA51 are optional. | N25: ACCESSORIAL SERVICES AND OTHER BILLABLE CHARGES: All listed unit prices shall be per truck. Prices shall be proposed in the unit specified for each item. Offerors shall provide proposed prices or rates in all listed items. FB49 thru FB51 are optional. | AA25: ACCESSORIAL SERVICES AND OTHER BILLABLE CHARGES: All listed unit prices shall be per truck. Prices shall be proposed in the unit specified for each item. Offerors shall provide proposed prices or rates in all listed items. FC49 thru FC51 are optional. | AN25: ACCESSORIAL SERVICES AND OTHER BILLABLE CHARGES: All listed unit prices shall be per truck. Prices shall be proposed in the unit specified for each item. Offerors shall provide proposed prices or rates in all listed items. FD49 thru FD51 are optional. | BA25: ACCESSORIAL SERVICES AND OTHER BILLABLE CHARGES: All listed unit prices shall be per truck. Prices shall be proposed in the unit specified for each item. Offerors shall provide proposed prices or rates in all listed items. FE49 thru FE51 are optional.
A26: Item No. | C26: Description | H26: Est. Qty | I26: Unit | K26: Unit Price | M26: Est. Total | N26: Item No. | P26: Description | U26: Est. Qty | V26: Unit | X26: Unit Price | Z26: Est. Total | AA26: Item No. | AC26: Description | AH26: Est. Qty | AI26: Unit | AK26: Unit Price | AM26: Est. Total | AN26: Item No. | AP26: Description | AU26: Est. Qty | AV26: Unit | AX26: Unit Price | AZ26: Est. Total | BA26: Item No. | BC26: Description | BH26: Est. Qty | BI26: Unit | BK26: Unit Price | BM26: Est. Total
A27: F041 | B27: RETENTION, DEMURRAGE | N27: FB41 | O27: RETENTION, DEMURRAGE | AA27: FC41 | AB27: RETENTION, DEMURRAGE | AN27: FD41 | AO27: RETENTION, DEMURRAGE | BA27: FE41 | BB27: RETENTION, DEMURRAGE
A28: F041A | B28: Retention Charge per truck per day IAW PWS 3.7.1. | H28: 10 | I28: EA | J28: ¥ | L28: ¥ | M28: =K28*H28 -> 0 | N28: FB41A | O28: Retention Charge per truck per day IAW PWS 3.7.1. | U28: 10 | V28: EA | W28: ¥ | Y28: ¥ | Z28: =X28*U28 -> 0 | AA28: FC41A | AB28: Retention Charge per truck per day IAW PWS 3.7.1. | AH28: 10 | AI28: EA | AJ28: ¥ | AL28: ¥ | AM28: =AK28*AH28 -> 0 | AN28: FD41A | AO28: Retention Charge per truck per day IAW PWS 3.7.1. | AU28: 10 | AV28: EA | AW28: ¥ | AY28: ¥ | AZ28: =AX28*AU28 -> 0 | BA28: FE41A | BB28: Retention Charge per truck per day IAW PWS 3.7.1. | BH28: 10 | BI28: EA | BJ28: ¥ | BL28: ¥ | BM28: =BK28*BH28 -> 0
A29: F041B | B29: Demurrage Charge per truck IAW PWS 3.7.2. | H29: 60 | I29: HR | J29: ¥ | L29: ¥ | M29: =K29*H29 -> 0 | N29: FB41B | O29: Demurrage Charge per truck IAW PWS 3.7.2. | U29: 60 | V29: HR | W29: ¥ | Y29: ¥ | Z29: =X29*U29 -> 0 | AA29: FC41B | AB29: Demurrage Charge per truck IAW PWS 3.7.2. | AH29: 60 | AI29: HR | AJ29: ¥ | AL29: ¥ | AM29: =AK29*AH29 -> 0 | AN29: FD41B | AO29: Demurrage Charge per truck IAW PWS 3.7.2. | AU29: 60 | AV29: HR | AW29: ¥ | AY29: ¥ | AZ29: =AX29*AU29 -> 0 | BA29: FE41B | BB29: Demurrage Charge per truck IAW PWS 3.7.2. | BH29: 60 | BI29: HR | BJ29: ¥ | BL29: ¥ | BM29: =BK29*BH29 -> 0
A30: F042 | B30: CANCELLATION (max 100%) IAW PWS 3.7.3. | N30: FB42 | O30: CANCELLATION (max 100%) IAW PWS 3.7.3. | AA30: FC42 | AB30: CANCELLATION (max 100%) IAW PWS 3.7.3. | AN30: FD42 | AO30: CANCELLATION (max 100%) IAW PWS 3.7.3. | BA30: FE42 | BB30: CANCELLATION (max 100%) IAW PWS 3.7.3.
B31: Formula: ④x 10% (Est. Qty) x Unit Price (Offer Rate: %) = Est. Total | O31: Formula: ④x 10% (Est. Qty) x Unit Price (Offer Rate: %) = Est. Total | AB31: Formula: ④x 10% (Est. Qty) x Unit Price (Offer Rate: %) = Est. Total | AO31: Formula: ④x 10% (Est. Qty) x Unit Price (Offer Rate: %) = Est. Total | BB31: Formula: ④x 10% (Est. Qty) x Unit Price (Offer Rate: %) = Est. Total
A32: F042A | B32: Two-Day Prior Cancellation Charge | H32: 0.1 | I32: EA | J32: % | L32: ¥ | M32: =M24*H32*K32 -> 0 | N32: FB42A | O32: Two-Day Prior Cancellation Charge | U32: 0.1 | V32: EA | W32: % | Y32: ¥ | Z32: =Z24*U32*X32 -> 0 | AA32: FC42A | AB32: Two-Day Prior Cancellation Charge | AH32: 0.1 | AI32: EA | AJ32: % | AL32: ¥ | AM32: =AM24*AH32*AK32 -> 0 | AN32: FD42A | AO32: Two-Day Prior Cancellation Charge | AU32: 0.1 | AV32: EA | AW32: % | AY32: ¥ | AZ32: =AZ24*AU32*AX32 -> 0 | BA32: FE42A | BB32: Two-Day Prior Cancellation Charge | BH32: 0.1 | BI32: EA | BJ32: % | BL32: ¥ | BM32: =BM24*BH32*BK32 -> 0
B33: Formula: ④x 10% (Est. Qty) x Unit Price (Offer Rate: %) = Est. Total | O33: Formula: ④x 10% (Est. Qty) x Unit Price (Offer Rate: %) = Est. Total | AB33: Formula: ④x 10% (Est. Qty) x Unit Price (Offer Rate: %) = Est. Total | AO33: Formula: ④x 10% (Est. Qty) x Unit Price (Offer Rate: %) = Est. Total | BB33: Formula: ④x 10% (Est. Qty) x Unit Price (Offer Rate: %) = Est. Total
A34: F042B | B34: One-Day Prior Cancellation Charge | H34: 0.1 | I34: EA | J34: % | L34: ¥ | M34: =M24*H34*K34 -> 0 | N34: FB42B | O34: One-Day Prior Cancellation Charge | U34: 0.1 | V34: EA | W34: % | Y34: ¥ | Z34: =Z24*U34*X34 -> 0 | AA34: FC42B | AB34: One-Day Prior Cancellation Charge | AH34: 0.1 | AI34: EA | AJ34: % | AL34: ¥ | AM34: =AM24*AH34*AK34 -> 0 | AN34: FD42B | AO34: One-Day Prior Cancellation Charge | AU34: 0.1 | AV34: EA | AW34: % | AY34: ¥ | AZ34: =AZ24*AU34*AX34 -> 0 | BA34: FE42B | BB34: One-Day Prior Cancellation Charge | BH34: 0.1 | BI34: EA | BJ34: % | BL34: ¥ | BM34: =BM24*BH34*BK34 -> 0
B35: Formula: ④x 10% (Est. Qty) x Unit Price (Offer Rate: %) = Est. Total | O35: Formula: ④x 10% (Est. Qty) x Unit Price (Offer Rate: %) = Est. Total | AB35: Formula: ④x 10% (Est. Qty) x Unit Price (Offer Rate: %) = Est. Total | AO35: Formula: ④x 10% (Est. Qty) x Unit Price (Offer Rate: %) = Est. Total | BB35: Formula: ④x 10% (Est. Qty) x Unit Price (Offer Rate: %) = Est. Total
A36: F042C | B36: Same-Day Prior Cancellation Charge | H36: 0.1 | I36: EA | J36: % | L36: ¥ | M36: =M24*H36*K36 -> 0 | N36: FB42C | O36: Same-Day Prior Cancellation Charge | U36: 0.1 | V36: EA | W36: % | Y36: ¥ | Z36: =Z24*U36*X36 -> 0 | AA36: FC42C | AB36: Same-Day Prior Cancellation Charge | AH36: 0.1 | AI36: EA | AJ36: % | AL36: ¥ | AM36: =AM24*AH36*AK36 -> 0 | AN36: FD42C | AO36: Same-Day Prior Cancellation Charge | AU36: 0.1 | AV36: EA | AW36: % | AY36: ¥ | AZ36: =AZ24*AU36*AX36 -> 0 | BA36: FE42C | BB36: Same-Day Prior Cancellation Charge | BH36: 0.1 | BI36: EA | BJ36: % | BL36: ¥ | BM36: =BM24*BH36*BK36 -> 0
B37: Formula: ④x 15% (Est. Qty) x Unit Price (Offer Rate: %) = Est. Total | O37: Formula: ④x 15% (Est. Qty) x Unit Price (Offer Rate: %) = Est. Total | AB37: Formula: ④x 15% (Est. Qty) x Unit Price (Offer Rate: %) = Est. Total | AO37: Formula: ④x 15% (Est. Qty) x Unit Price (Offer Rate: %) = Est. Total | BB37: Formula: ④x 15% (Est. Qty) x Unit Price (Offer Rate: %) = Est. Total
A38: F043 | B38: SHORT-NOTICE SERVICE PREMIUM (max 50%) IAW PWS 3.7.4. | H38: 0.15 | I38: EA | J38: % | L38: ¥ | M38: =M24*H38*K38 -> 0 | N38: FB43 | O38: SHORT-NOTICE SERVICE PREMIUM (max 50%) IAW PWS 3.7.4. | U38: 0.15 | V38: EA | W38: % | Y38: ¥ | Z38: =Z24*U38*X38 -> 0 | AA38: FC43 | AB38: SHORT-NOTICE SERVICE PREMIUM (max 50%) IAW PWS 3.7.4. | AH38: 0.15 | AI38: EA | AJ38: % | AL38: ¥ | AM38: =AM24*AH38*AK38 -> 0 | AN38: FD43 | AO38: SHORT-NOTICE SERVICE PREMIUM (max 50%) IAW PWS 3.7.4. | AU38: 0.15 | AV38: EA | AW38: % | AY38: ¥ | AZ38: =AZ24*AU38*AX38 -> 0 | BA38: FE43 | BB38: SHORT-NOTICE SERVICE PREMIUM (max 50%) IAW PWS 3.7.4. | BH38: 0.15 | BI38: EA | BJ38: % | BL38: ¥ | BM38: =BM24*BH38*BK38 -> 0
B39: Formula: ④x 3% (Est. Qty) x Unit Price (Offer Rate: %) = Est. Total | O39: Formula: ④x 3% (Est. Qty) x Unit Price (Offer Rate: %) = Est. Total | AB39: Formula: ④x 3% (Est. Qty) x Unit Price (Offer Rate: %) = Est. Total | AO39: Formula: ④x 3% (Est. Qty) x Unit Price (Offer Rate: %) = Est. Total | BB39: Formula: ④x 3% (Est. Qty) x Unit Price (Offer Rate: %) = Est. Total
A40: F044 | B40: MIDNIGHT AND EARLY MORNING SURCHARGE IAW PWS 3.7.5. | H40: 0.03 | I40: EA | J40: % | L40: ¥ | M40: =M24*H40*K40 -> 0 | N40: FB44 | O40: MIDNIGHT AND EARLY MORNING SURCHARGE IAW PWS 3.7.5. | U40: 0.03 | V40: EA | W40: % | Y40: ¥ | Z40: =Z24*U40*X40 -> 0 | AA40: FC44 | AB40: MIDNIGHT AND EARLY MORNING SURCHARGE IAW PWS 3.7.5. | AH40: 0.03 | AI40: EA | AJ40: % | AL40: ¥ | AM40: =AM24*AH40*AK40 -> 0 | AN40: FD44 | AO40: MIDNIGHT AND EARLY MORNING SURCHARGE IAW PWS 3.7.5. | AU40: 0.03 | AV40: EA | AW40: % | AY40: ¥ | AZ40: =AZ24*AU40*AX40 -> 0 | BA40: FE44 | BB40: MIDNIGHT AND EARLY MORNING SURCHARGE IAW PWS 3.7.5. | BH40: 0.03 | BI40: EA | BJ40: % | BL40: ¥ | BM40: =BM24*BH40*BK40 -> 0
B41: Formula: ④x 3% (Est. Qty) x Unit Price (Offer Rate: %) = Est. Total | O41: Formula: ④x 3% (Est. Qty) x Unit Price (Offer Rate: %) = Est. Total | AB41: Formula: ④x 3% (Est. Qty) x Unit Price (Offer Rate: %) = Est. Total | AO41: Formula: ④x 3% (Est. Qty) x Unit Price (Offer Rate: %) = Est. Total | BB41: Formula: ④x 3% (Est. Qty) x Unit Price (Offer Rate: %) = Est. Total
A42: F045 | B42: WINTER PREMIUM IAW PWS 3.7.6. | H42: 0.03 | I42: EA | J42: % | L42: ¥ | M42: =M24*H42*K42 -> 0 | N42: FB45 | O42: WINTER PREMIUM IAW PWS 3.7.6. | U42: 0.03 | V42: EA | W42: % | Y42: ¥ | Z42: =Z24*U42*X42 -> 0 | AA42: FC45 | AB42: WINTER PREMIUM IAW PWS 3.7.6. | AH42: 0.03 | AI42: EA | AJ42: % | AL42: ¥ | AM42: =AM24*AH42*AK42 -> 0 | AN42: FD45 | AO42: WINTER PREMIUM IAW PWS 3.7.6. | AU42: 0.03 | AV42: EA | AW42: % | AY42: ¥ | AZ42: =AZ24*AU42*AX42 -> 0 | BA42: FE45 | BB42: WINTER PREMIUM IAW PWS 3.7.6. | BH42: 0.03 | BI42: EA | BJ42: % | BL42: ¥ | BM42: =BM24*BH42*BK42 -> 0
A43: F048 | B43: EXPENSES IAW PWS 3.7.8. | H43: Reserved | N43: FB48 | O43: EXPENSES IAW PWS 3.7.8. | U43: Reserved | AA43: FC48 | AB43: EXPENSES IAW PWS 3.7.8. | AH43: Reserved | AN43: FD48 | AO43: EXPENSES IAW PWS 3.7.8. | AU43: Reserved | BA43: FE48 | BB43: EXPENSES IAW PWS 3.7.8. | BH43: Reserved
A44: F049 | B44: ONSITE FOREMAN (Okinawa Only) IAW TE-F 2.4. | H44: 20 | I44: EA | J44: ¥ | L44: ¥ | M44: =H44*K44 -> 0 | N44: FB49 | O44: ONSITE FOREMAN (Okinawa Only) IAW TE-F 2.4. | U44: 20 | V44: EA | W44: ¥ | Y44: ¥ | Z44: =U44*X44 -> 0 | AA44: FC49 | AB44: ONSITE FOREMAN (Okinawa Only) IAW TE-F 2.4. | AH44: 20 | AI44: EA | AJ44: ¥ | AL44: ¥ | AM44: =AH44*AK44 -> 0 | AN44: FD49 | AO44: ONSITE FOREMAN (Okinawa Only) IAW TE-F 2.4. | AU44: 20 | AV44: EA | AW44: ¥ | AY44: ¥ | AZ44: =AU44*AX44 -> 0 | BA44: FE49 | BB44: ONSITE FOREMAN (Okinawa Only) IAW TE-F 2.4. | BH44: 20 | BI44: EA | BJ44: ¥ | BL44: ¥ | BM44: =BH44*BK44 -> 0
B45: Formula: ③x 5% (Est. Qty) x Unit Price (Offer Rate: %) = Est. Total | O45: Formula: ③x 5% (Est. Qty) x Unit Price (Offer Rate: %) = Est. Total | AB45: Formula: ③x 5% (Est. Qty) x Unit Price (Offer Rate: %) = Est. Total | AO45: Formula: ③x 5% (Est. Qty) x Unit Price (Offer Rate: %) = Est. Total | BB45: Formula: ③x 5% (Est. Qty) x Unit Price (Offer Rate: %) = Est. Total
A46: F050 | B46: HOKKAIDO UPLIFT - ALL MHE Services IAWTE-F 2.5. | H46: 0.02 | I46: EA | J46: % | L46: ¥ | M46: =M24*H46*K46 -> 0 | N46: FB50 | O46: HOKKAIDO UPLIFT - ALL MHE Services IAWTE-F 2.5. | U46: 0.02 | V46: EA | W46: % | Y46: ¥ | Z46: =Z24*U46*X46 -> 0 | AA46: FC50 | AB46: HOKKAIDO UPLIFT - ALL MHE Services IAWTE-F 2.5. | AH46: 0.02 | AI46: EA | AJ46: % | AL46: ¥ | AM46: =AM24*AH46*AK46 -> 0 | AN46: FD50 | AO46: HOKKAIDO UPLIFT - ALL MHE Services IAWTE-F 2.5. | AU46: 0.02 | AV46: EA | AW46: % | AY46: ¥ | AZ46: =AZ24*AU46*AX46 -> 0 | BA46: FE50 | BB46: HOKKAIDO UPLIFT - ALL MHE Services IAWTE-F 2.5. | BH46: 0.02 | BI46: EA | BJ46: % | BL46: ¥ | BM46: =BM24*BH46*BK46 -> 0
B47: Formula: ③x 5% (Est. Qty) x Unit Price (Offer Rate: %) = Est. Total | O47: Formula: ③x 5% (Est. Qty) x Unit Price (Offer Rate: %) = Est. Total | AB47: Formula: ③x 5% (Est. Qty) x Unit Price (Offer Rate: %) = Est. Total | AO47: Formula: ③x 5% (Est. Qty) x Unit Price (Offer Rate: %) = Est. Total | BB47: Formula: ③x 5% (Est. Qty) x Unit Price (Offer Rate: %) = Est. Total
A48: F051 | B48: OKINAWA UPLIFT - All MHE Services IAW TE-F 2.5. | H48: 0.01 | I48: EA | J48: % | L48: ¥ | M48: =M24*H48*K48 -> 0 | N48: FB51 | O48: OKINAWA UPLIFT - All MHE Services IAW TE-F 2.5. | U48: 0.01 | V48: EA | W48: % | Y48: ¥ | Z48: =Z24*U48*X48 -> 0 | AA48: FC51 | AB48: OKINAWA UPLIFT - All MHE Services IAW TE-F 2.5. | AH48: 0.01 | AI48: EA | AJ48: % | AL48: ¥ | AM48: =AM24*AH48*AK48 -> 0 | AN48: FD51 | AO48: OKINAWA UPLIFT - All MHE Services IAW TE-F 2.5. | AU48: 0.01 | AV48: EA | AW48: % | AY48: ¥ | AZ48: =AZ24*AU48*AX48 -> 0 | BA48: FE51 | BB48: OKINAWA UPLIFT - All MHE Services IAW TE-F 2.5. | BH48: 0.01 | BI48: EA | BJ48: % | BL48: ¥ | BM48: =BM24*BH48*BK48 -> 0
A49: ④ ESTIMATED TOTAL FOR ACCESORIAL SERVICES: | L49: ¥ | M49: =SUM(M27:M48) -> 0 | N49: ④ ESTIMATED TOTAL FOR ACCESORIAL SERVICES: | Y49: ¥ | Z49: =SUM(Z27:Z48) -> 0 | AA49: ④ ESTIMATED TOTAL FOR ACCESORIAL SERVICES: | AL49: ¥ | AM49: =SUM(AM27:AM48) -> 0 | AN49: ④ ESTIMATED TOTAL FOR ACCESORIAL SERVICES: | AY49: ¥ | AZ49: =SUM(AZ27:AZ48) -> 0 | BA49: ④ ESTIMATED TOTAL FOR ACCESORIAL SERVICES: | BL49: ¥ | BM49: =SUM(BM27:BM48) -> 0
A50: ESTIMATED GRAND TOTAL FOR EXHIBIT F (③+④): | L50: ¥ | M50: =SUM(M24,M49) -> 0 | N50: ESTIMATED GRAND TOTAL FOR EXHIBIT F (③+④): | Y50: ¥ | Z50: =SUM(Z24,Z49) -> 0 | AA50: ESTIMATED GRAND TOTAL FOR EXHIBIT F (③+④): | AL50: ¥ | AM50: =SUM(AM24,AM49) -> 0 | AN50: ESTIMATED GRAND TOTAL FOR EXHIBIT F (③+④): | AY50: ¥ | AZ50: =SUM(AZ24,AZ49) -> 0 | BA50: ESTIMATED GRAND TOTAL FOR EXHIBIT F (③+④): | BL50: ¥ | BM50: =SUM(BM24,BM49) -> 0

Sheet G. Ferry
A1: EXHIBIT GA: MULTIMODAL FAMILY (FERRY) PRICING SCHEDULE (BASE YEAR 0007) | N1: EXHIBIT GB: MULTIMODAL FAMILY (FERRY) PRICING SCHEDULE (BASE YEAR 1007) | AA1: EXHIBIT GC: MULTIMODAL FAMILY (FERRY) PRICING SCHEDULE (BASE YEAR 2007) | AN1: EXHIBIT GD: MULTIMODAL FAMILY (FERRY) PRICING SCHEDULE (BASE YEAR 3007) | BA1: EXHIBIT GE: MULTIMODAL FAMILY (FERRY) PRICING SCHEDULE (BASE YEAR 4007)
A2: FERRY SERVICE: Zone-to-Zone Unit Rates (Per Truck, One-Way) General, Reefer, OSOW, and ISO Family Participants shall enter proposed unit prices for all applicable items. Unit prices represent zone-to-zone ferry charges only, with one driver accompannying the truck onboard. Drayage is excluded and will be billed separately IAW the established distance rate table in Exhibit AA-DA. | N2: FERRY SERVICE: Zone-to-Zone Unit Rates (Per Truck, One-Way) General, Reefer, OSOW, and ISO Family Participants shall enter proposed unit prices for all applicable items. Unit prices represent zone-to-zone ferry charges only, with one driver accompannying the truck onboard. Drayage is excluded and will be billed separately IAW the established distance rate table in Exhibit AB-DB. | AA2: FERRY SERVICE: Zone-to-Zone Unit Rates (Per Truck, One-Way) General, Reefer, OSOW, and ISO Family Participants shall enter proposed unit prices for all applicable items. Unit prices represent zone-to-zone ferry charges only, with one driver accompannying the truck onboard. Drayage is excluded and will be billed separately IAW the established distance rate table in Exhibit AC-DC. | AN2: FERRY SERVICE: Zone-to-Zone Unit Rates (Per Truck, One-Way) General, Reefer, OSOW, and ISO Family Participants shall enter proposed unit prices for all applicable items. Unit prices represent zone-to-zone ferry charges only, with one driver accompannying the truck onboard. Drayage is excluded and will be billed separately IAW the established distance rate table in Exhibit AD-DD. | BA2: FERRY SERVICE: Zone-to-Zone Unit Rates (Per Truck, One-Way) General, Reefer, OSOW, and ISO Family Participants shall enter proposed unit prices for all applicable items. Unit prices represent zone-to-zone ferry charges only, with one driver accompannying the truck onboard. Drayage is excluded and will be billed separately IAW the established distance rate table in Exhibit AE-DE.
A3: Item No. | B3: Description | H3: Est. Qty | I3: Unit | K3: Unit Price | M3: Est. Total | N3: Item No. | O3: Description | U3: Est. Qty | V3: Unit | X3: Unit Price | Z3: Est. Total | AA3: Item No. | AB3: Description | AH3: Est. Qty | AI3: Unit | AK3: Unit Price | AM3: Est. Total | AN3: Item No. | AO3: Description | AU3: Est. Qty | AV3: Unit | AX3: Unit Price | AZ3: Est. Total | BA3: Item No. | BB3: Description | BH3: Est. Qty | BI3: Unit | BK3: Unit Price | BM3: Est. Total
A4: GA01 | B4: Between | C4: Tohoku Area (e.g. Aomori, Hachinohe, Akita, Sendai) | N4: GB01 | O4: Between | P4: Tohoku Area (e.g. Aomori, Hachinohe, Akita, Sendai) | AA4: GC01 | AB4: Between | AC4: Tohoku Area (e.g. Aomori, Hachinohe, Akita, Sendai) | AN4: GD01 | AO4: Between | AP4: Tohoku Area (e.g. Aomori, Hachinohe, Akita, Sendai) | BA4: GE01 | BB4: Between | BC4: Tohoku Area (e.g. Aomori, Hachinohe, Akita, Sendai)
B5: and | C5: Hokkaido Area (e.g. Tomakomai, Hakodate, Otaru) | O5: and | P5: Hokkaido Area (e.g. Tomakomai, Hakodate, Otaru) | AB5: and | AC5: Hokkaido Area (e.g. Tomakomai, Hakodate, Otaru) | AO5: and | AP5: Hokkaido Area (e.g. Tomakomai, Hakodate, Otaru) | BB5: and | BC5: Hokkaido Area (e.g. Tomakomai, Hakodate, Otaru)
A6: GA01A | C6: General Trucking | H6: 5 | I6: EA | J6: ¥ | L6: ¥ | M6: =H6*K6 -> 0 | N6: GB01A | P6: General Trucking | U6: 5 | V6: EA | W6: ¥ | Y6: ¥ | Z6: =U6*X6 -> 0 | AA6: GC01A | AC6: General Trucking | AH6: 5 | AI6: EA | AJ6: ¥ | AL6: ¥ | AM6: =AH6*AK6 -> 0 | AN6: GD01A | AP6: General Trucking | AU6: 5 | AV6: EA | AW6: ¥ | AY6: ¥ | AZ6: =AU6*AX6 -> 0 | BA6: GE01A | BC6: General Trucking | BH6: 5 | BI6: EA | BJ6: ¥ | BL6: ¥ | BM6: =BH6*BK6 -> 0
A7: GA01B | C7: Reefer | H7: 5 | I7: EA | J7: ¥ | L7: ¥ | M7: =H7*K7 -> 0 | N7: GB01B | P7: Reefer | U7: 5 | V7: EA | W7: ¥ | Y7: ¥ | Z7: =U7*X7 -> 0 | AA7: GC01B | AC7: Reefer | AH7: 5 | AI7: EA | AJ7: ¥ | AL7: ¥ | AM7: =AH7*AK7 -> 0 | AN7: GD01B | AP7: Reefer | AU7: 5 | AV7: EA | AW7: ¥ | AY7: ¥ | AZ7: =AU7*AX7 -> 0 | BA7: GE01B | BC7: Reefer | BH7: 5 | BI7: EA | BJ7: ¥ | BL7: ¥ | BM7: =BH7*BK7 -> 0
A8: GA01C | C8: OSOW 20t - 26t (inc. Self Loader) | H8: 5 | I8: EA | J8: ¥ | L8: ¥ | M8: =H8*K8 -> 0 | N8: GB01C | P8: OSOW 20t - 26t (inc. Self Loader) | U8: 5 | V8: EA | W8: ¥ | Y8: ¥ | Z8: =U8*X8 -> 0 | AA8: GC01C | AC8: OSOW 20t - 26t (inc. Self Loader) | AH8: 5 | AI8: EA | AJ8: ¥ | AL8: ¥ | AM8: =AH8*AK8 -> 0 | AN8: GD01C | AP8: OSOW 20t - 26t (inc. Self Loader) | AU8: 5 | AV8: EA | AW8: ¥ | AY8: ¥ | AZ8: =AU8*AX8 -> 0 | BA8: GE01C | BC8: OSOW 20t - 26t (inc. Self Loader) | BH8: 5 | BI8: EA | BJ8: ¥ | BL8: ¥ | BM8: =BH8*BK8 -> 0
A9: GA01D | C9: OSOW 30t - 36t | H9: 5 | I9: EA | J9: ¥ | L9: ¥ | M9: =H9*K9 -> 0 | N9: GB01D | P9: OSOW 30t - 36t | U9: 5 | V9: EA | W9: ¥ | Y9: ¥ | Z9: =U9*X9 -> 0 | AA9: GC01D | AC9: OSOW 30t - 36t | AH9: 5 | AI9: EA | AJ9: ¥ | AL9: ¥ | AM9: =AH9*AK9 -> 0 | AN9: GD01D | AP9: OSOW 30t - 36t | AU9: 5 | AV9: EA | AW9: ¥ | AY9: ¥ | AZ9: =AU9*AX9 -> 0 | BA9: GE01D | BC9: OSOW 30t - 36t | BH9: 5 | BI9: EA | BJ9: ¥ | BL9: ¥ | BM9: =BH9*BK9 -> 0
A10: GA01E | C10: Transportation of 20' ISO Container | H10: 5 | I10: EA | J10: ¥ | L10: ¥ | M10: =H10*K10 -> 0 | N10: GB01E | P10: Transportation of 20' ISO Container | U10: 5 | V10: EA | W10: ¥ | Y10: ¥ | Z10: =U10*X10 -> 0 | AA10: GC01E | AC10: Transportation of 20' ISO Container | AH10: 5 | AI10: EA | AJ10: ¥ | AL10: ¥ | AM10: =AH10*AK10 -> 0 | AN10: GD01E | AP10: Transportation of 20' ISO Container | AU10: 5 | AV10: EA | AW10: ¥ | AY10: ¥ | AZ10: =AU10*AX10 -> 0 | BA10: GE01E | BC10: Transportation of 20' ISO Container | BH10: 5 | BI10: EA | BJ10: ¥ | BL10: ¥ | BM10: =BH10*BK10 -> 0
A11: GA01F | C11: Transportation of 40' ISO Container | H11: 5 | I11: EA | J11: ¥ | L11: ¥ | M11: =H11*K11 -> 0 | N11: GB01F | P11: Transportation of 40' ISO Container | U11: 5 | V11: EA | W11: ¥ | Y11: ¥ | Z11: =U11*X11 -> 0 | AA11: GC01F | AC11: Transportation of 40' ISO Container | AH11: 5 | AI11: EA | AJ11: ¥ | AL11: ¥ | AM11: =AH11*AK11 -> 0 | AN11: GD01F | AP11: Transportation of 40' ISO Container | AU11: 5 | AV11: EA | AW11: ¥ | AY11: ¥ | AZ11: =AU11*AX11 -> 0 | BA11: GE01F | BC11: Transportation of 40' ISO Container | BH11: 5 | BI11: EA | BJ11: ¥ | BL11: ¥ | BM11: =BH11*BK11 -> 0
A12: GA02 | B12: Between | C12: Kanto Area (e.g. Oarai, Ariake/Harumi, Yokosuka, Yokohama) | N12: GB02 | O12: Between | P12: Kanto Area (e.g. Oarai, Ariake/Harumi, Yokosuka, Yokohama) | AA12: GC02 | AB12: Between | AC12: Kanto Area (e.g. Oarai, Ariake/Harumi, Yokosuka, Yokohama) | AN12: GD02 | AO12: Between | AP12: Kanto Area (e.g. Oarai, Ariake/Harumi, Yokosuka, Yokohama) | BA12: GE02 | BB12: Between | BC12: Kanto Area (e.g. Oarai, Ariake/Harumi, Yokosuka, Yokohama)
B13: and | C13: Hokkaido Area (e.g. Tomakomai, Hakodate, Otaru) | O13: and | P13: Hokkaido Area (e.g. Tomakomai, Hakodate, Otaru) | AB13: and | AC13: Hokkaido Area (e.g. Tomakomai, Hakodate, Otaru) | AO13: and | AP13: Hokkaido Area (e.g. Tomakomai, Hakodate, Otaru) | BB13: and | BC13: Hokkaido Area (e.g. Tomakomai, Hakodate, Otaru)
A14: GA02A | C14: General Trucking | H14: 5 | I14: EA | J14: ¥ | L14: ¥ | M14: =H14*K14 -> 0 | N14: GB02A | P14: General Trucking | U14: 5 | V14: EA | W14: ¥ | Y14: ¥ | Z14: =U14*X14 -> 0 | AA14: GC02A | AC14: General Trucking | AH14: 5 | AI14: EA | AJ14: ¥ | AL14: ¥ | AM14: =AH14*AK14 -> 0 | AN14: GD02A | AP14: General Trucking | AU14: 5 | AV14: EA | AW14: ¥ | AY14: ¥ | AZ14: =AU14*AX14 -> 0 | BA14: GE02A | BC14: General Trucking | BH14: 5 | BI14: EA | BJ14: ¥ | BL14: ¥ | BM14: =BH14*BK14 -> 0
A15: GA02B | C15: Reefer | H15: 5 | I15: EA | J15: ¥ | L15: ¥ | M15: =H15*K15 -> 0 | N15: GB02B | P15: Reefer | U15: 5 | V15: EA | W15: ¥ | Y15: ¥ | Z15: =U15*X15 -> 0 | AA15: GC02B | AC15: Reefer | AH15: 5 | AI15: EA | AJ15: ¥ | AL15: ¥ | AM15: =AH15*AK15 -> 0 | AN15: GD02B | AP15: Reefer | AU15: 5 | AV15: EA | AW15: ¥ | AY15: ¥ | AZ15: =AU15*AX15 -> 0 | BA15: GE02B | BC15: Reefer | BH15: 5 | BI15: EA | BJ15: ¥ | BL15: ¥ | BM15: =BH15*BK15 -> 0
A16: GA02C | C16: OSOW 20t - 26t (inc. Self Loader) | H16: 5 | I16: EA | J16: ¥ | L16: ¥ | M16: =H16*K16 -> 0 | N16: GB02C | P16: OSOW 20t - 26t (inc. Self Loader) | U16: 5 | V16: EA | W16: ¥ | Y16: ¥ | Z16: =U16*X16 -> 0 | AA16: GC02C | AC16: OSOW 20t - 26t (inc. Self Loader) | AH16: 5 | AI16: EA | AJ16: ¥ | AL16: ¥ | AM16: =AH16*AK16 -> 0 | AN16: GD02C | AP16: OSOW 20t - 26t (inc. Self Loader) | AU16: 5 | AV16: EA | AW16: ¥ | AY16: ¥ | AZ16: =AU16*AX16 -> 0 | BA16: GE02C | BC16: OSOW 20t - 26t (inc. Self Loader) | BH16: 5 | BI16: EA | BJ16: ¥ | BL16: ¥ | BM16: =BH16*BK16 -> 0
A17: GA02D | C17: OSOW 30t - 36t | H17: 5 | I17: EA | J17: ¥ | L17: ¥ | M17: =H17*K17 -> 0 | N17: GB02D | P17: OSOW 30t - 36t | U17: 5 | V17: EA | W17: ¥ | Y17: ¥ | Z17: =U17*X17 -> 0 | AA17: GC02D | AC17: OSOW 30t - 36t | AH17: 5 | AI17: EA | AJ17: ¥ | AL17: ¥ | AM17: =AH17*AK17 -> 0 | AN17: GD02D | AP17: OSOW 30t - 36t | AU17: 5 | AV17: EA | AW17: ¥ | AY17: ¥ | AZ17: =AU17*AX17 -> 0 | BA17: GE02D | BC17: OSOW 30t - 36t | BH17: 5 | BI17: EA | BJ17: ¥ | BL17: ¥ | BM17: =BH17*BK17 -> 0
A18: GA02E | C18: Transportation of 20' ISO Container | H18: 5 | I18: EA | J18: ¥ | L18: ¥ | M18: =H18*K18 -> 0 | N18: GB02E | P18: Transportation of 20' ISO Container | U18: 5 | V18: EA | W18: ¥ | Y18: ¥ | Z18: =U18*X18 -> 0 | AA18: GC02E | AC18: Transportation of 20' ISO Container | AH18: 5 | AI18: EA | AJ18: ¥ | AL18: ¥ | AM18: =AH18*AK18 -> 0 | AN18: GD02E | AP18: Transportation of 20' ISO Container | AU18: 5 | AV18: EA | AW18: ¥ | AY18: ¥ | AZ18: =AU18*AX18 -> 0 | BA18: GE02E | BC18: Transportation of 20' ISO Container | BH18: 5 | BI18: EA | BJ18: ¥ | BL18: ¥ | BM18: =BH18*BK18 -> 0
A19: GA02F | C19: Transportation of 40' ISO Container | H19: 5 | I19: EA | J19: ¥ | L19: ¥ | M19: =H19*K19 -> 0 | N19: GB02F | P19: Transportation of 40' ISO Container | U19: 5 | V19: EA | W19: ¥ | Y19: ¥ | Z19: =U19*X19 -> 0 | AA19: GC02F | AC19: Transportation of 40' ISO Container | AH19: 5 | AI19: EA | AJ19: ¥ | AL19: ¥ | AM19: =AH19*AK19 -> 0 | AN19: GD02F | AP19: Transportation of 40' ISO Container | AU19: 5 | AV19: EA | AW19: ¥ | AY19: ¥ | AZ19: =AU19*AX19 -> 0 | BA19: GE02F | BC19: Transportation of 40' ISO Container | BH19: 5 | BI19: EA | BJ19: ¥ | BL19: ¥ | BM19: =BH19*BK19 -> 0
A20: GA03 | B20: Between | C20: Kansai & Chubu Area (e.g. Maizuru, Tsuruga, Nagoya) | N20: GB03 | O20: Between | P20: Kansai & Chubu Area (e.g. Maizuru, Tsuruga, Nagoya) | AA20: GC03 | AB20: Between | AC20: Kansai & Chubu Area (e.g. Maizuru, Tsuruga, Nagoya) | AN20: GD03 | AO20: Between | AP20: Kansai & Chubu Area (e.g. Maizuru, Tsuruga, Nagoya) | BA20: GE03 | BB20: Between | BC20: Kansai & Chubu Area (e.g. Maizuru, Tsuruga, Nagoya)
B21: and | C21: Hokkaido Area (e.g. Tomakomai, Hakodate, Otaru) | O21: and | P21: Hokkaido Area (e.g. Tomakomai, Hakodate, Otaru) | AB21: and | AC21: Hokkaido Area (e.g. Tomakomai, Hakodate, Otaru) | AO21: and | AP21: Hokkaido Area (e.g. Tomakomai, Hakodate, Otaru) | BB21: and | BC21: Hokkaido Area (e.g. Tomakomai, Hakodate, Otaru)
A22: GA03A | C22: General Trucking | H22: 1 | I22: EA | J22: ¥ | L22: ¥ | M22: =H22*K22 -> 0 | N22: GB03A | P22: General Trucking | U22: 1 | V22: EA | W22: ¥ | Y22: ¥ | Z22: =U22*X22 -> 0 | AA22: GC03A | AC22: General Trucking | AH22: 1 | AI22: EA | AJ22: ¥ | AL22: ¥ | AM22: =AH22*AK22 -> 0 | AN22: GD03A | AP22: General Trucking | AU22: 1 | AV22: EA | AW22: ¥ | AY22: ¥ | AZ22: =AU22*AX22 -> 0 | BA22: GE03A | BC22: General Trucking | BH22: 1 | BI22: EA | BJ22: ¥ | BL22: ¥ | BM22: =BH22*BK22 -> 0
A23: GA03B | C23: Reefer | H23: 1 | I23: EA | J23: ¥ | L23: ¥ | M23: =H23*K23 -> 0 | N23: GB03B | P23: Reefer | U23: 1 | V23: EA | W23: ¥ | Y23: ¥ | Z23: =U23*X23 -> 0 | AA23: GC03B | AC23: Reefer | AH23: 1 | AI23: EA | AJ23: ¥ | AL23: ¥ | AM23: =AH23*AK23 -> 0 | AN23: GD03B | AP23: Reefer | AU23: 1 | AV23: EA | AW23: ¥ | AY23: ¥ | AZ23: =AU23*AX23 -> 0 | BA23: GE03B | BC23: Reefer | BH23: 1 | BI23: EA | BJ23: ¥ | BL23: ¥ | BM23: =BH23*BK23 -> 0
A24: GA03C | C24: OSOW 20t - 26t (inc. Self Loader) | H24: 1 | I24: EA | J24: ¥ | L24: ¥ | M24: =H24*K24 -> 0 | N24: GB03C | P24: OSOW 20t - 26t (inc. Self Loader) | U24: 1 | V24: EA | W24: ¥ | Y24: ¥ | Z24: =U24*X24 -> 0 | AA24: GC03C | AC24: OSOW 20t - 26t (inc. Self Loader) | AH24: 1 | AI24: EA | AJ24: ¥ | AL24: ¥ | AM24: =AH24*AK24 -> 0 | AN24: GD03C | AP24: OSOW 20t - 26t (inc. Self Loader) | AU24: 1 | AV24: EA | AW24: ¥ | AY24: ¥ | AZ24: =AU24*AX24 -> 0 | BA24: GE03C | BC24: OSOW 20t - 26t (inc. Self Loader) | BH24: 1 | BI24: EA | BJ24: ¥ | BL24: ¥ | BM24: =BH24*BK24 -> 0
A25: GA03D | C25: OSOW 30t - 36t | H25: 1 | I25: EA | J25: ¥ | L25: ¥ | M25: =H25*K25 -> 0 | N25: GB03D | P25: OSOW 30t - 36t | U25: 1 | V25: EA | W25: ¥ | Y25: ¥ | Z25: =U25*X25 -> 0 | AA25: GC03D | AC25: OSOW 30t - 36t | AH25: 1 | AI25: EA | AJ25: ¥ | AL25: ¥ | AM25: =AH25*AK25 -> 0 | AN25: GD03D | AP25: OSOW 30t - 36t | AU25: 1 | AV25: EA | AW25: ¥ | AY25: ¥ | AZ25: =AU25*AX25 -> 0 | BA25: GE03D | BC25: OSOW 30t - 36t | BH25: 1 | BI25: EA | BJ25: ¥ | BL25: ¥ | BM25: =BH25*BK25 -> 0
A26: GA03E | C26: Transportation of 20' ISO Container | H26: 1 | I26: EA | J26: ¥ | L26: ¥ | M26: =H26*K26 -> 0 | N26: GB03E | P26: Transportation of 20' ISO Container | U26: 1 | V26: EA | W26: ¥ | Y26: ¥ | Z26: =U26*X26 -> 0 | AA26: GC03E | AC26: Transportation of 20' ISO Container | AH26: 1 | AI26: EA | AJ26: ¥ | AL26: ¥ | AM26: =AH26*AK26 -> 0 | AN26: GD03E | AP26: Transportation of 20' ISO Container | AU26: 1 | AV26: EA | AW26: ¥ | AY26: ¥ | AZ26: =AU26*AX26 -> 0 | BA26: GE03E | BC26: Transportation of 20' ISO Container | BH26: 1 | BI26: EA | BJ26: ¥ | BL26: ¥ | BM26: =BH26*BK26 -> 0
A27: GA03F | C27: Transportation of 40' ISO Container | H27: 1 | I27: EA | J27: ¥ | L27: ¥ | M27: =H27*K27 -> 0 | N27: GB03F | P27: Transportation of 40' ISO Container | U27: 1 | V27: EA | W27: ¥ | Y27: ¥ | Z27: =U27*X27 -> 0 | AA27: GC03F | AC27: Transportation of 40' ISO Container | AH27: 1 | AI27: EA | AJ27: ¥ | AL27: ¥ | AM27: =AH27*AK27 -> 0 | AN27: GD03F | AP27: Transportation of 40' ISO Container | AU27: 1 | AV27: EA | AW27: ¥ | AY27: ¥ | AZ27: =AU27*AX27 -> 0 | BA27: GE03F | BC27: Transportation of 40' ISO Container | BH27: 1 | BI27: EA | BJ27: ¥ | BL27: ¥ | BM27: =BH27*BK27 -> 0
A28: GA04 | B28: Between | C28: Kanto Area (e.g. Oarai, Ariake/Harumi, Yokosuka, Yokohama) | N28: GB04 | O28: Between | P28: Kanto Area (e.g. Oarai, Ariake/Harumi, Yokosuka, Yokohama) | AA28: GC04 | AB28: Between | AC28: Kanto Area (e.g. Oarai, Ariake/Harumi, Yokosuka, Yokohama) | AN28: GD04 | AO28: Between | AP28: Kanto Area (e.g. Oarai, Ariake/Harumi, Yokosuka, Yokohama) | BA28: GE04 | BB28: Between | BC28: Kanto Area (e.g. Oarai, Ariake/Harumi, Yokosuka, Yokohama)
B29: and | C29: Kyushu Area (e.g. Shinmoji) | O29: and | P29: Kyushu Area (e.g. Shinmoji) | AB29: and | AC29: Kyushu Area (e.g. Shinmoji) | AO29: and | AP29: Kyushu Area (e.g. Shinmoji) | BB29: and | BC29: Kyushu Area (e.g. Shinmoji)
A30: GA04A | C30: General Trucking | H30: 1 | I30: EA | J30: ¥ | L30: ¥ | M30: =H30*K30 -> 0 | N30: GB04A | P30: General Trucking | U30: 1 | V30: EA | W30: ¥ | Y30: ¥ | Z30: =U30*X30 -> 0 | AA30: GC04A | AC30: General Trucking | AH30: 1 | AI30: EA | AJ30: ¥ | AL30: ¥ | AM30: =AH30*AK30 -> 0 | AN30: GD04A | AP30: General Trucking | AU30: 1 | AV30: EA | AW30: ¥ | AY30: ¥ | AZ30: =AU30*AX30 -> 0 | BA30: GE04A | BC30: General Trucking | BH30: 1 | BI30: EA | BJ30: ¥ | BL30: ¥ | BM30: =BH30*BK30 -> 0
A31: GA04B | C31: Reefer | H31: 1 | I31: EA | J31: ¥ | L31: ¥ | M31: =H31*K31 -> 0 | N31: GB04B | P31: Reefer | U31: 1 | V31: EA | W31: ¥ | Y31: ¥ | Z31: =U31*X31 -> 0 | AA31: GC04B | AC31: Reefer | AH31: 1 | AI31: EA | AJ31: ¥ | AL31: ¥ | AM31: =AH31*AK31 -> 0 | AN31: GD04B | AP31: Reefer | AU31: 1 | AV31: EA | AW31: ¥ | AY31: ¥ | AZ31: =AU31*AX31 -> 0 | BA31: GE04B | BC31: Reefer | BH31: 1 | BI31: EA | BJ31: ¥ | BL31: ¥ | BM31: =BH31*BK31 -> 0
A32: GA04C | C32: OSOW 20t - 26t (inc. Self Loader) | H32: 1 | I32: EA | J32: ¥ | L32: ¥ | M32: =H32*K32 -> 0 | N32: GB04C | P32: OSOW 20t - 26t (inc. Self Loader) | U32: 1 | V32: EA | W32: ¥ | Y32: ¥ | Z32: =U32*X32 -> 0 | AA32: GC04C | AC32: OSOW 20t - 26t (inc. Self Loader) | AH32: 1 | AI32: EA | AJ32: ¥ | AL32: ¥ | AM32: =AH32*AK32 -> 0 | AN32: GD04C | AP32: OSOW 20t - 26t (inc. Self Loader) | AU32: 1 | AV32: EA | AW32: ¥ | AY32: ¥ | AZ32: =AU32*AX32 -> 0 | BA32: GE04C | BC32: OSOW 20t - 26t (inc. Self Loader) | BH32: 1 | BI32: EA | BJ32: ¥ | BL32: ¥ | BM32: =BH32*BK32 -> 0
A33: GA04D | C33: OSOW 30t - 36t | H33: 1 | I33: EA | J33: ¥ | L33: ¥ | M33: =H33*K33 -> 0 | N33: GB04D | P33: OSOW 30t - 36t | U33: 1 | V33: EA | W33: ¥ | Y33: ¥ | Z33: =U33*X33 -> 0 | AA33: GC04D | AC33: OSOW 30t - 36t | AH33: 1 | AI33: EA | AJ33: ¥ | AL33: ¥ | AM33: =AH33*AK33 -> 0 | AN33: GD04D | AP33: OSOW 30t - 36t | AU33: 1 | AV33: EA | AW33: ¥ | AY33: ¥ | AZ33: =AU33*AX33 -> 0 | BA33: GE04D | BC33: OSOW 30t - 36t | BH33: 1 | BI33: EA | BJ33: ¥ | BL33: ¥ | BM33: =BH33*BK33 -> 0
A34: GA04H | C34: Transportation of 20' ISO Container | H34: 1 | I34: EA | J34: ¥ | L34: ¥ | M34: =H34*K34 -> 0 | N34: GB04H | P34: Transportation of 20' ISO Container | U34: 1 | V34: EA | W34: ¥ | Y34: ¥ | Z34: =U34*X34 -> 0 | AA34: GC04H | AC34: Transportation of 20' ISO Container | AH34: 1 | AI34: EA | AJ34: ¥ | AL34: ¥ | AM34: =AH34*AK34 -> 0 | AN34: GD04H | AP34: Transportation of 20' ISO Container | AU34: 1 | AV34: EA | AW34: ¥ | AY34: ¥ | AZ34: =AU34*AX34 -> 0 | BA34: GE04H | BC34: Transportation of 20' ISO Container | BH34: 1 | BI34: EA | BJ34: ¥ | BL34: ¥ | BM34: =BH34*BK34 -> 0
A35: GA04J | C35: Transportation of 40' ISO Container | H35: 1 | I35: EA | J35: ¥ | L35: ¥ | M35: =H35*K35 -> 0 | N35: GB04J | P35: Transportation of 40' ISO Container | U35: 1 | V35: EA | W35: ¥ | Y35: ¥ | Z35: =U35*X35 -> 0 | AA35: GC04J | AC35: Transportation of 40' ISO Container | AH35: 1 | AI35: EA | AJ35: ¥ | AL35: ¥ | AM35: =AH35*AK35 -> 0 | AN35: GD04J | AP35: Transportation of 40' ISO Container | AU35: 1 | AV35: EA | AW35: ¥ | AY35: ¥ | AZ35: =AU35*AX35 -> 0 | BA35: GE04J | BC35: Transportation of 40' ISO Container | BH35: 1 | BI35: EA | BJ35: ¥ | BL35: ¥ | BM35: =BH35*BK35 -> 0
A36: ① ESTIMATED TOTAL AMOUNT FOR FERRY: | L36: ¥ | M36: =SUM(M6:M35) -> 0 | N36: ① ESTIMATED TOTAL AMOUNT FOR FERRY: | Y36: ¥ | Z36: =SUM(Z6:Z35) -> 0 | AA36: ① ESTIMATED TOTAL AMOUNT FOR FERRY: | AL36: ¥ | AM36: =SUM(AM6:AM35) -> 0 | AN36: ① ESTIMATED TOTAL AMOUNT FOR FERRY: | AY36: ¥ | AZ36: =SUM(AZ6:AZ35) -> 0 | BA36: ① ESTIMATED TOTAL AMOUNT FOR FERRY: | BL36: ¥ | BM36: =SUM(BM6:BM35) -> 0
A37: FERRY SERVICE: Point-to-Point Toute (Per General Truck, One-Way) General Family Okinawa Participants shall enter proposed unit prices for the applicable items. Drayage is excluded and will be billed separately IAW the established distance rate table in Exhibit AA. | N37: FERRY SERVICE: Point-to-Point Toute (Per General Truck, One-Way) General Family Okinawa Participants shall enter proposed unit prices for the applicable items. Drayage is excluded and will be billed separately IAW the established distance rate table in Exhibit AB. | AA37: FERRY SERVICE: Point-to-Point Toute (Per General Truck, One-Way) General Family Okinawa Participants shall enter proposed unit prices for the applicable items. Drayage is excluded and will be billed separately IAW the established distance rate table in Exhibit AC. | AN37: FERRY SERVICE: Point-to-Point Toute (Per General Truck, One-Way) General Family Okinawa Participants shall enter proposed unit prices for the applicable items. Drayage is excluded and will be billed separately IAW the established distance rate table in Exhibit AD. | BA37: FERRY SERVICE: Point-to-Point Toute (Per General Truck, One-Way) General Family Okinawa Participants shall enter proposed unit prices for the applicable items. Drayage is excluded and will be billed separately IAW the established distance rate table in Exhibit AE.
A38: GA05 | B38: Between | C38: Motobu Port (Okinawa) | N38: GB05 | O38: Between | P38: Motobu Port (Okinawa) | AA38: GC05 | AB38: Between | AC38: Motobu Port (Okinawa) | AN38: GD05 | AO38: Between | AP38: Motobu Port (Okinawa) | BA38: GE05 | BB38: Between | BC38: Motobu Port (Okinawa)
B39: and | C39: Iejima Island | O39: and | P39: Iejima Island | AB39: and | AC39: Iejima Island | AO39: and | AP39: Iejima Island | BB39: and | BC39: Iejima Island
C40: Large Truck | H40: 12 | I40: EA | J40: ¥ | L40: ¥ | M40: =H40*K40 -> 0 | P40: Large Truck | U40: 12 | V40: EA | W40: ¥ | Y40: ¥ | Z40: =U40*X40 -> 0 | AC40: Large Truck | AH40: 12 | AI40: EA | AJ40: ¥ | AL40: ¥ | AM40: =AH40*AK40 -> 0 | AP40: Large Truck | AU40: 12 | AV40: EA | AW40: ¥ | AY40: ¥ | AZ40: =AU40*AX40 -> 0 | BC40: Large Truck | BH40: 12 | BI40: EA | BJ40: ¥ | BL40: ¥ | BM40: =BH40*BK40 -> 0
A41: GA06 thru GA08 | C41: Reserved | H41: Reserved | N41: GB06 thru GB08 | P41: Reserved | U41: Reserved | AA41: GC06 thru GC08 | AC41: Reserved | AH41: Reserved | AN41: GD06 thru GC08 | AP41: Reserved | AU41: Reserved | BA41: GE06 thru GE08 | BC41: Reserved | BH41: Reserved
A42: ② ESTIMATED TOTAL AMOUNT FOR OKINAEWA FERRY: | L42: ¥ | M42: =SUM(M40) -> 0 | N42: ② ESTIMATED TOTAL AMOUNT FOR OKINAEWA FERRY: | Y42: ¥ | Z42: =SUM(Z40) -> 0 | AA42: ② ESTIMATED TOTAL AMOUNT FOR OKINAEWA FERRY: | AL42: ¥ | AM42: =SUM(AM40) -> 0 | AN42: ② ESTIMATED TOTAL AMOUNT FOR OKINAEWA FERRY: | AY42: ¥ | AZ42: =SUM(AZ40) -> 0 | BA42: ② ESTIMATED TOTAL AMOUNT FOR OKINAEWA FERRY: | BL42: ¥ | BM42: =SUM(BM40) -> 0
A43: ③ ESTIMATED TOTAL FOR FERRY: | L43: ¥ | M43: =SUM(M42,M36,) -> 0 | N43: ③ ESTIMATED TOTAL FOR FERRY: | Y43: ¥ | Z43: =SUM(Z42,Z36,) -> 0 | AA43: ③ ESTIMATED TOTAL FOR FERRY: | AL43: ¥ | AM43: =SUM(AM42,AM36,) -> 0 | AN43: ③ ESTIMATED TOTAL FOR FERRY: | AY43: ¥ | AZ43: =SUM(AZ42,AZ36,) -> 0 | BA43: ③ ESTIMATED TOTAL FOR FERRY: | BL43: ¥ | BM43: =SUM(BM42,BM36,) -> 0
