Workbook

Sheet Instructions
A1: Solicitation W912CH-25-R-0176
A2: Attachment 0001 - Pricing Workbook
A3: Instructions
A6: 1) Cells that require inputs are highlighted in yellow
A7: 2) All cells that are highlighted in yellow must be completed
A8: 3) Do not adjust formulas or otherwise manipulate any of the other (non-yellow highlighted) cells.
A9: 4) The required inputs are used to auto calculate the Total Proposed Price on the "Summary" Worksheet
A10: 5) Do not make any changes or modifications to this attachment except for those cells highlighted in yellow
A11: 6) Do not add Worksheets to this Attachment
A12: 7) If all cells highlighted in yellow are not completed, the proposal may be rejected IAW Section M - Rejection of Offers.

Sheet Summary
A1: Solicitation W912CH-25-R-0176
A2: Attachment 0001 - Pricing Workbook
A3: Summary
A5: Offeror:
A8: Item | B8: CLIN | C8: Proposed Price
A9: Production and FAT for Tank, Fabric, Collapsible 3K Fuel Assembly
A10: 3KFUELASSY FIRST ARTICLE TEST REPORT (FATR) | B10: 0010 | C10: ='1st YR Prod.&FAT CLINs'!I8 -> 0
A11: FIRST ORDERING YEAR - 3K | B11: 0011 | C11: ='1st YR Prod.&FAT CLINs'!I12 -> 0
A12: SECOND ORDERING YEAR - 3K | B12: 0012 | C12: ='2nd YR Prod. CLINs'!I11 -> 0
A13: THIRD ORDERING YEAR - 3K | B13: 0013 | C13: ='3rd YR Prod. CLINs'!I11 -> 0
A14: FOURTH ORDERING YEAR - 3K | B14: 0014 | C14: ='4th YR Prod. CLINs'!I11 -> 0
A15: FIFTH ORDERING YEAR - 3K | B15: 0015 | C15: ='5th YR Prod. CLINs'!I11 -> 0
A16: Subtotal | C16: =SUM(C10:C15) -> 0
A17: Production and FAT for Tank, Fabric, Collapsible 20K Fuel Assembly
A18: 20KFUELASSY FIRST ARTICLE TEST REPORT (FATR) | B18: 0020 | C18: ='1st YR Prod.&FAT CLINs'!I15 -> 0
A19: FIRST ORDERING YEAR - 20K | B19: 0021 | C19: ='1st YR Prod.&FAT CLINs'!I21 -> 0
A20: SECOND ORDERING YEAR - 20K | B20: 0022 | C20: ='2nd YR Prod. CLINs'!I19 -> 0
A21: THIRD ORDERING YEAR - 20K | B21: 0023 | C21: ='3rd YR Prod. CLINs'!I19 -> 0
A22: FOURTH ORDERING YEAR - 20K | B22: 0024 | C22: ='4th YR Prod. CLINs'!I19 -> 0
A23: FIFTH ORDERING YEAR - 20K | B23: 0025 | C23: ='5th YR Prod. CLINs'!I19 -> 0
A24: Subtotal | C24: =SUM(C18:C23) -> 0
A25: Production and FAT for Tank, Fabric, Collapsible 50K Fuel Assembly
A26: 50KFUELASSY FIRST ARTICLE TEST REPORT (FATR) | B26: 0030 | C26: ='1st YR Prod.&FAT CLINs'!I24 -> 0
A27: FIRST ORDERING YEAR - 50K | B27: 0031 | C27: ='1st YR Prod.&FAT CLINs'!I30 -> 0
A28: SECOND ORDERING YEAR - 50K | B28: 0032 | C28: ='2nd YR Prod. CLINs'!I27 -> 0
A29: THIRD ORDERING YEAR - 50K | B29: 0033 | C29: ='3rd YR Prod. CLINs'!I27 -> 0
A30: FOURTH ORDERING YEAR - 50K | B30: 0034 | C30: ='4th YR Prod. CLINs'!I27 -> 0
A31: FIFTH ORDERING YEAR - 50K | B31: 0035 | C31: ='5th YR Prod. CLINs'!I27 -> 0
A32: Subtotal | C32: =SUM(C26:C31) -> 0
A33: Production and FAT for Tank, Fabric, Collapsible 210K Fuel Assembly
A34: 210K-IPDS FIRST ARTICLE TEST REPORT (FATR) | B34: 0040 | C34: ='1st YR Prod.&FAT CLINs'!I33 -> 0
A35: FIRST ORDERING YEAR - 210K | B35: 0041 | C35: ='1st YR Prod.&FAT CLINs'!I38 -> 0
A36: SECOND ORDERING YEAR - 210K | B36: 0042 | C36: ='2nd YR Prod. CLINs'!I34 -> 0
A37: THIRD ORDERING YEAR - 210K | B37: 0043 | C37: ='3rd YR Prod. CLINs'!I34 -> 0
A38: FOURTH ORDERING YEAR - 210K | B38: 0044 | C38: ='4th YR Prod. CLINs'!I34 -> 0
A39: FIFTH ORDERING YEAR - 210K | B39: 0045 | C39: ='5th YR Prod. CLINs'!I34 -> 0
A40: Subtotal | C40: =SUM(C34:C39) -> 0
B41: Total Proposed Price: | C41: =C16+C24+C32+C40 -> 0

Sheet 1st YR Prod.&FAT CLINs
A1: Solicitation W912CH-25-R-0176
A2: Attachment 0001 - Pricing Workbook
A3: First Ordering Year
A5: Offeror: | B5: =IF(ISBLANK(Summary!B5),"See Summary Tab",Summary!B5) -> See Summary Tab
A7: CLIN | B7: NSN | C7: Part # | D7: Description | E7: Quantity | F7: Quantity Ranges | G7: Weightings | H7: Proposed Unit Price | I7: Proposed Extended Price
A8: CLIN 0010 | B8: 5430-01-473-2318 | C8: N/A | D8: 3KFUELASSY FIRST ARTICLE TEST REPORT (FATR) | E8: 1 | F8: N/A | G8: N/A | I8: =ROUND(E8*H8,2) -> 0
A9: CLIN 0011 | B9: 5430-01-473-2318 | C9: 3KFUELASSY | D9: FIRST ORDERING YEAR - 3K | E9: 20 | F9: 1-9 | G9: 0.1
F10: 10-24 | G10: 0.8
F11: 25-74 | G11: 0.1
G12: Weighted Average Unit Price | H12: =ROUND((G9*H9)+(G10*H10)+(G11*H11),2) -> 0 | I12: =ROUND(E9*H12,2) -> 0
A14: CLIN | B14: NSN | C14: Part # | D14: Description | E14: Quantity | F14: Quantity Ranges | G14: Weightings | H14: Proposed Unit Price | I14: Proposed Extended Price
A15: CLIN 0020 | B15: 5430-01-473-2321 | C15: N/A | D15: 20KFUELASSY FIRST ARTICLE TEST REPORT (FATR) | E15: 1 | F15: N/A | G15: N/A | I15: =ROUND(E15*H15,2) -> 0
A16: CLIN 0021 | B16: 5430-01-473-2321 | C16: 20KFUELASSY | D16: FIRST ORDERING YEAR - 20K | E16: 221 | F16: 1-9 | G16: 0.1
F17: 10-24 | G17: 0.1
F18: 25-74 | G18: 0.1
F19: 75-150 | G19: 0.1
F20: 151-521 | G20: 0.6
G21: Weighted Average Unit Price | H21: =ROUND((G16*H16)+(G17*H17)+(G18*H18)+(G20*H20)+(G19*H19),2) -> 0 | I21: =ROUND(E16*H21,2) -> 0
A23: CLIN | B23: NSN | C23: Part # | D23: Description | E23: Quantity | F23: Quantity Ranges | G23: Weightings | H23: Proposed Unit Price | I23: Proposed Extended Price
A24: CLIN 0030 | B24: 5430-01-473-2320 | C24: N/A | D24: 50KFUELASSY FIRST ARTICLE TEST REPORT (FATR) | E24: 1 | F24: N/A | G24: N/A | I24: =ROUND(E24*H24,2) -> 0
A25: CLIN 0031 | B25: 5430-01-473-2320 | C25: 50KFUELASSY | D25: FIRST ORDERING YEAR - 50K | E25: 368 | F25: 1-9 | G25: 0.1
F26: 10-24 | G26: 0.1
F27: 25-74 | G27: 0.1
F28: 75-150 | G28: 0.1
F29: 151-848 | G29: 0.6
G30: Weighted Average Unit Price | H30: =ROUND((G25*H25)+(G26*H26)+(G27*H27)+(G28*H28)+(G29*H29),2) -> 0 | I30: =ROUND(E25*H30,2) -> 0
A32: CLIN | B32: NSN | C32: Part # | D32: Description | E32: Quantity | F32: Quantity Ranges | G32: Weightings | H32: Proposed Unit Price | I32: Proposed Extended Price
A33: CLIN 0040 | B33: 5430-01-546-3725 | C33: N/A | D33: 210K-IPDS FIRST ARTICLE TEST REPORT (FATR) | E33: 1 | F33: N/A | G33: N/A | I33: =ROUND(E33*H33,2) -> 0
A34: CLIN 0041 | B34: 5430-01-546-3725 | C34: 210K-IPDS | D34: FIRST ORDERING YEAR - 210K | E34: 128 | F34: 1-9 | G34: 0.1
F35: 10-24 | G35: 0.1
F36: 25-99 | G36: 0.1
F37: 100-359 | G37: 0.7
G38: Weighted Average Unit Price | H38: =ROUND((G34*H34)+(G35*H35)+(G36*H36)+(G37*H37),2) -> 0 | I38: =ROUND(E34*H38,2) -> 0

Sheet 2nd YR Prod. CLINs
A1: Solicitation W912CH-25-R-0176
A2: Attachment 0001 - Pricing Workbook
A3: Second Ordering Year
A5: Offeror: | B5: =IF(ISBLANK(Summary!B5),"See Summary Tab",Summary!B5) -> See Summary Tab
A7: CLIN | B7: NSN | C7: Part # | D7: Description | E7: Quantity | F7: Quantity Ranges | G7: Weightings | H7: Proposed Unit Price | I7: Proposed Extended Price
A8: CLIN 0012 | B8: 5430-01-473-2318 | C8: 3KFUELASSY | D8: SECOND ORDERING YEAR - 3K | E8: 7 | F8: 1-9 | G8: 0.7
F9: 10-24 | G9: 0.2
F10: 25-74 | G10: 0.1
G11: Weighted Average Unit Price | H11: =ROUND((G8*H8)+(G9*H9)+(G10*H10),2) -> 0 | I11: =ROUND(E8*H11,2) -> 0
A13: CLIN | B13: NSN | C13: Part # | D13: Description | E13: Quantity | F13: Quantity Ranges | G13: Weightings | H13: Proposed Unit Price | I13: Proposed Extended Price
A14: CLIN 0022 | B14: 5430-01-473-2321 | C14: 20KFUELASSY | D14: SECOND ORDERING YEAR - 20K | E14: 75 | F14: 1-9 | G14: 0.1
F15: 10-24 | G15: 0.1
F16: 25-74 | G16: 0.5
F17: 75-150 | G17: 0.2
F18: 151-521 | G18: 0.1
G19: Weighted Average Unit Price | H19: =ROUND((G14*H14)+(G15*H15)+(G16*H16)+(G18*H18)+(G17*H17),2) -> 0 | I19: =ROUND(E14*H19,2) -> 0
A21: CLIN | B21: NSN | C21: Part # | D21: Description | E21: Quantity | F21: Quantity Ranges | G21: Weightings | H21: Proposed Unit Price | I21: Proposed Extended Price
A22: CLIN 0032 | B22: 5430-01-473-2320 | C22: 50KFUELASSY | D22: SECOND ORDERING YEAR - 50K | E22: 120 | F22: 1-9 | G22: 0.1
F23: 10-24 | G23: 0.1
F24: 25-74 | G24: 0.1
F25: 75-150 | G25: 0.6
F26: 151-848 | G26: 0.1
G27: Weighted Average Unit Price | H27: =ROUND((G22*H22)+(G23*H23)+(G24*H24)+(G25*H25)+(G26*H26),2) -> 0 | I27: =ROUND(E22*H27,2) -> 0
A29: CLIN | B29: NSN | C29: Part # | D29: Description | E29: Quantity | F29: Quantity Ranges | G29: Weightings | H29: Proposed Unit Price | I29: Proposed Extended Price
A30: CLIN 0042 | B30: 5430-01-546-3725 | C30: 210K-IPDS | D30: SECOND ORDERING YEAR - 210K | E30: 87 | F30: 1-9 | G30: 0.1
F31: 10-24 | G31: 0.2
F32: 25-99 | G32: 0.6
F33: 100-359 | G33: 0.1
G34: Weighted Average Unit Price | H34: =ROUND((G30*H30)+(G31*H31)+(G32*H32)+(G33*H33),2) -> 0 | I34: =ROUND(E30*H34,2) -> 0

Sheet 3rd YR Prod. CLINs
A1: Solicitation W912CH-25-R-0176
A2: Attachment 0001 - Pricing Workbook
A3: Third Ordering Year
A5: Offeror: | B5: =IF(ISBLANK(Summary!B5),"See Summary Tab",Summary!B5) -> See Summary Tab
A7: CLIN | B7: NSN | C7: Part # | D7: Description | E7: Quantity | F7: Quantity Ranges | G7: Weightings | H7: Proposed Unit Price | I7: Proposed Extended Price
A8: CLIN 0013 | B8: 5430-01-473-2318 | C8: 3KFUELASSY | D8: THIRD ORDERING YEAR - 3K | E8: 6 | F8: 1-9 | G8: 0.7
F9: 10-24 | G9: 0.2
F10: 25-74 | G10: 0.1
G11: Weighted Average Unit Price | H11: =ROUND((G8*H8)+(G9*H9)+(G10*H10),2) -> 0 | I11: =ROUND(E8*H11,2) -> 0
A13: CLIN | B13: NSN | C13: Part # | D13: Description | E13: Quantity | F13: Quantity Ranges | G13: Weightings | H13: Proposed Unit Price | I13: Proposed Extended Price
A14: CLIN 0023 | B14: 5430-01-473-2321 | C14: 20KFUELASSY | D14: THIRD ORDERING YEAR - 20K | E14: 75 | F14: 1-9 | G14: 0.1
F15: 10-24 | G15: 0.1
F16: 25-74 | G16: 0.5
F17: 75-150 | G17: 0.2
F18: 151-521 | G18: 0.1
G19: Weighted Average Unit Price | H19: =ROUND((G14*H14)+(G15*H15)+(G16*H16)+(G18*H18)+(G17*H17),2) -> 0 | I19: =ROUND(E14*H19,2) -> 0
A21: CLIN | B21: NSN | C21: Part # | D21: Description | E21: Quantity | F21: Quantity Ranges | G21: Weightings | H21: Proposed Unit Price | I21: Proposed Extended Price
A22: CLIN 0033 | B22: 5430-01-473-2320 | C22: 50KFUELASSY | D22: THIRD ORDERING YEAR - 50K | E22: 120 | F22: 1-9 | G22: 0.1
F23: 10-24 | G23: 0.1
F24: 25-74 | G24: 0.1
F25: 75-150 | G25: 0.6
F26: 151-848 | G26: 0.1
G27: Weighted Average Unit Price | H27: =ROUND((G22*H22)+(G23*H23)+(G24*H24)+(G25*H25)+(G26*H26),2) -> 0 | I27: =ROUND(E22*H27,2) -> 0
A29: CLIN | B29: NSN | C29: Part # | D29: Description | E29: Quantity | F29: Quantity Ranges | G29: Weightings | H29: Proposed Unit Price | I29: Proposed Extended Price
A30: CLIN 0043 | B30: 5430-01-546-3725 | C30: 210K-IPDS | D30: THIRD ORDERING YEAR - 210K | E30: 50 | F30: 1-9 | G30: 0.1
F31: 10-24 | G31: 0.2
F32: 25-99 | G32: 0.6
F33: 100-359 | G33: 0.1
G34: Weighted Average Unit Price | H34: =ROUND((G30*H30)+(G31*H31)+(G32*H32)+(G33*H33),2) -> 0 | I34: =ROUND(E30*H34,2) -> 0

Sheet 4th YR Prod. CLINs
A1: Solicitation W912CH-25-R-0176
A2: Attachment 0001 - Pricing Workbook
A3: Fourth Ordering Year
A5: Offeror: | B5: =IF(ISBLANK(Summary!B5),"See Summary Tab",Summary!B5) -> See Summary Tab
A7: CLIN | B7: NSN | C7: Part # | D7: Description | E7: Quantity | F7: Quantity Ranges | G7: Weightings | H7: Proposed Unit Price | I7: Proposed Extended Price
A8: CLIN 0014 | B8: 5430-01-473-2318 | C8: 3KFUELASSY | D8: FOURTH ORDERING YEAR - 3K | E8: 6 | F8: 1-9 | G8: 0.7
F9: 10-24 | G9: 0.2
F10: 25-74 | G10: 0.1
G11: Weighted Average Unit Price | H11: =ROUND((G8*H8)+(G9*H9)+(G10*H10),2) -> 0 | I11: =ROUND(E8*H11,2) -> 0
A13: CLIN | B13: NSN | C13: Part # | D13: Description | E13: Quantity | F13: Quantity Ranges | G13: Weightings | H13: Proposed Unit Price | I13: Proposed Extended Price
A14: CLIN 0024 | B14: 5430-01-473-2321 | C14: 20KFUELASSY | D14: FOURTH ORDERING YEAR - 20K | E14: 75 | F14: 1-9 | G14: 0.1
F15: 10-24 | G15: 0.1
F16: 25-74 | G16: 0.5
F17: 75-150 | G17: 0.2
F18: 151-521 | G18: 0.1
G19: Weighted Average Unit Price | H19: =ROUND((G14*H14)+(G15*H15)+(G16*H16)+(G18*H18)+(G17*H17),2) -> 0 | I19: =ROUND(E14*H19,2) -> 0
A21: CLIN | B21: NSN | C21: Part # | D21: Description | E21: Quantity | F21: Quantity Ranges | G21: Weightings | H21: Proposed Unit Price | I21: Proposed Extended Price
A22: CLIN 0034 | B22: 5430-01-473-2320 | C22: 50KFUELASSY | D22: FOURTH ORDERING YEAR - 50K | E22: 120 | F22: 1-9 | G22: 0.1
F23: 10-24 | G23: 0.1
F24: 25-74 | G24: 0.1
F25: 75-150 | G25: 0.6
F26: 151-848 | G26: 0.1
G27: Weighted Average Unit Price | H27: =ROUND((G22*H22)+(G23*H23)+(G24*H24)+(G25*H25)+(G26*H26),2) -> 0 | I27: =ROUND(E22*H27,2) -> 0
A29: CLIN | B29: NSN | C29: Part # | D29: Description | E29: Quantity | F29: Quantity Ranges | G29: Weightings | H29: Proposed Unit Price | I29: Proposed Extended Price
A30: CLIN 0044 | B30: 5430-01-546-3725 | C30: 210K-IPDS | D30: FOURTH ORDERING YEAR - 210K | E30: 50 | F30: 1-9 | G30: 0.1
F31: 10-24 | G31: 0.2
F32: 25-99 | G32: 0.6
F33: 100-359 | G33: 0.1
G34: Weighted Average Unit Price | H34: =ROUND((G30*H30)+(G31*H31)+(G32*H32)+(G33*H33),2) -> 0 | I34: =ROUND(E30*H34,2) -> 0

Sheet 5th YR Prod. CLINs
A1: Solicitation W912CH-25-R-0176
A2: Attachment 0001 - Pricing Workbook
A3: Fifth Ordering Year
A5: Offeror: | B5: =IF(ISBLANK(Summary!B5),"See Summary Tab",Summary!B5) -> See Summary Tab
A7: CLIN | B7: NSN | C7: Part # | D7: Description | E7: Quantity | F7: Quantity Ranges | G7: Weightings | H7: Proposed Unit Price | I7: Proposed Extended Price
A8: CLIN 0015 | B8: 5430-01-473-2318 | C8: 3KFUELASSY | D8: FIFTH ORDERING YEAR - 3K | E8: 6 | F8: 1-9 | G8: 0.7
F9: 10-24 | G9: 0.2
F10: 25-74 | G10: 0.1
G11: Weighted Average Unit Price | H11: =ROUND((G8*H8)+(G9*H9)+(G10*H10),2) -> 0 | I11: =ROUND(E8*H11,2) -> 0
A13: CLIN | B13: NSN | C13: Part # | D13: Description | E13: Quantity | F13: Quantity Ranges | G13: Weightings | H13: Proposed Unit Price | I13: Proposed Extended Price
A14: CLIN 0025 | B14: 5430-01-473-2321 | C14: 20KFUELASSY | D14: FIFTH ORDERING YEAR - 20K | E14: 75 | F14: 1-9 | G14: 0.1
F15: 10-24 | G15: 0.1
F16: 25-74 | G16: 0.5
F17: 75-150 | G17: 0.2
F18: 151-521 | G18: 0.1
G19: Weighted Average Unit Price | H19: =ROUND((G14*H14)+(G15*H15)+(G16*H16)+(G18*H18)+(G17*H17),2) -> 0 | I19: =ROUND(E14*H19,2) -> 0
A21: CLIN | B21: NSN | C21: Part # | D21: Description | E21: Quantity | F21: Quantity Ranges | G21: Weightings | H21: Proposed Unit Price | I21: Proposed Extended Price
A22: CLIN 0035 | B22: 5430-01-473-2320 | C22: 50KFUELASSY | D22: FIFTH ORDERING YEAR - 50K | E22: 120 | F22: 1-9 | G22: 0.1
F23: 10-24 | G23: 0.1
F24: 25-74 | G24: 0.1
F25: 75-150 | G25: 0.6
F26: 151-848 | G26: 0.1
G27: Weighted Average Unit Price | H27: =ROUND((G22*H22)+(G23*H23)+(G24*H24)+(G25*H25)+(G26*H26),2) -> 0 | I27: =ROUND(E22*H27,2) -> 0
A29: CLIN | B29: NSN | C29: Part # | D29: Description | E29: Quantity | F29: Quantity Ranges | G29: Weightings | H29: Proposed Unit Price | I29: Proposed Extended Price
A30: CLIN 0045 | B30: 5430-01-546-3725 | C30: 210K-IPDS | D30: FIFTH ORDERING YEAR - 210K | E30: 44 | F30: 1-9 | G30: 0.1
F31: 10-24 | G31: 0.2
F32: 25-99 | G32: 0.6
F33: 100-359 | G33: 0.1
G34: Weighted Average Unit Price | H34: =ROUND((G30*H30)+(G31*H31)+(G32*H32)+(G33*H33),2) -> 0 | I34: =ROUND(E30*H34,2) -> 0
