Workbook

Sheet How to Use
A1: How to Use This Evaluation Workbook
A2: PR 0044037426 – REER Wiring Replacement | Best Value Technical Evaluation Support Tool
B4: Project | C4: REER Wiring Replacement | E4: Recommended Method | F4: Best Value Tradeoff
B5: PR Number | C5: 0044037426 | E5: Primary Use | F5: Park technical review / CO support
A7: 1. Purpose of the Workbook
B8: This workbook is intended to help the Park organize and document technical evaluations for contractor quotes. It supports the recommended Best Value Tradeoff approach by giving the evaluation team a consistent place to score factors, document strengths and weaknesses, note acceptability concerns, compare prior project examples, and provide a final technical recommendation to the Contracting Officer.
A12: 2. Workbook Layout
B13: Tab / Section | C13: How to Use It
B14: Evaluation Summary | C14: Use this tab to compare contractors side-by-side after individual contractor tabs are completed.
B15: Contractor Tabs | C15: Use one tab per contractor. Replace the example contractor name with the actual vendor name once quotes are received.
B16: Definitions | C16: Use this tab as the rating guide for score meanings, factor descriptions, and general evaluation expectations.
A18: 3. Evaluation Factors and Weights
B19: Factor | C19: Weight | D19: What the Evaluator Should Look For
B20: Technical Approach and Historic Resource Protection | C20: 35% | D20: Code-compliant electrical approach, protection of historic fabric, safety, cleanup, dust control, and coordination with the COR.
B21: Relevant Experience | C21: 25% | D21: At least 3 but no more than 5 relevant projects, preferably electrical retrofit work in historic, older, public, institutional, or government buildings.
B22: Key Personnel | C22: 20% | D22: Qualifications and similar experience of the project manager, lead electrician, quality control representative, and other major project personnel.
B23: Past Performance | C23: 10% | D23: Quality and relevance of prior performance, including references and any available Government or client performance information.
B24: Availability of Resources, Schedule, and Project Management | C24: 10% | D24: Realistic schedule, staffing availability, materials/equipment readiness, site security, daily cleanup, and communication plan.
A26: 4. Scoring Guide
B27: Score | C27: Rating | D27: Meaning
B28: 5 | C28: Outstanding | D28: Exceptional understanding, detailed approach, strong relevant experience, and very low performance risk.
B29: 4 | C29: Good | D29: Solid understanding, clear approach, relevant experience, and low to moderate performance risk.
B30: 3 | C30: Acceptable | D30: Meets the basic requirements and demonstrates the ability to perform the work.
B31: 2 | C31: Marginal | D31: Shows weaknesses, limited detail, limited relevant experience, or increased performance risk.
B32: 1 | C32: Unacceptable | D32: Does not demonstrate adequate understanding or presents unacceptable performance risk.
B33: 0 | C33: Not Addressed | D33: No meaningful information was provided for the factor.
A35: 5. What to Document in Comments
B36: Area | C36: What to Enter
B37: Basis for Rating | C37: Explain why the score was selected. Tie comments directly to the evaluation factor and the contractor’s submitted quote.
B38: Strengths | C38: Identify clear advantages, strong experience, strong personnel, detailed methods, or lower performance risk.
B39: Weaknesses / Concerns | C39: Identify missing information, unclear methods, schedule risk, lack of relevant experience, safety concerns, or historic protection concerns.
B40: Clarifications Needed | C40: List specific items the CO may need to clarify before award, if applicable.
A42: 6. Prior Work Examples
B43: For Relevant Experience, contractors should provide at least three (3), but no more than five (5), prior project examples. Each example should include the project title, client/customer, location, year completed, approximate contract value, scope performed, prime/subcontractor role, and client point of contact. Projects involving historic buildings, older buildings, government/public facilities, electrical retrofit work, or protection of existing finishes should be considered more relevant.
A47: 7. Acceptability, Price, and Final Recommendation
B48: Acceptability | C48: A contractor may be considered technically unacceptable if the quote does not adequately address code-compliant electrical work, historic structure protection, safety, coordination, staffing, or ability to complete the required scope.
B49: Price Review | C49: Price should be reviewed separately from the technical score. The Park may note if price appears fair and reasonable, high but justified by technical advantages, low and potentially risky, or needing clarification.
B50: Final Recommendation | C50: Use the recommendation area to state whether the contractor is recommended for award, acceptable but not strongest technically, clarification needed, not recommended, or technically unacceptable.
A52: 8. Note for the Contracting Officer
B53: This workbook is a Park technical evaluation support tool. It is intended to help organize the Park’s technical review and recommendation. It does not replace the Contracting Officer’s official evaluation process, responsibility for price reasonableness, or final award decision.

Sheet Evaluation Summary
A1: REER Wiring Replacement | Best Value Evaluation Workbook
A2: Use this sheet as the overall summary. Enter detailed notes and factor scoring on each Contractor tab. Summary fields pull from those tabs automatically.
A3: Method: Best Value Tradeoff | Basis: Technical factors are more important than price | Site Visit: Tue, May 12, 2026 at 10:00 AM ET | Alternate: Wed, May 13, 2026 at 10:00 AM ET
A5: Offeror / Vendor | B5: Technical Approach & Historic Protection 35% | C5: Relevant Experience 25% | D5: Key Personnel 20% | E5: Past Performance 10% | F5: Schedule / Resources 10% | G5: Weighted Technical Score 0-100 | H5: Technical Rating | I5: Proposed Price | J5: Price Reasonable? | K5: Acceptable? | L5: Recommendation | M5: Consensus / CO Notes
A6: =IF('Contractor 1'!B4="","Contractor 1",'Contractor 1'!B4) -> Contractor 1 | B6: =IF('Contractor 1'!C11="","",'Contractor 1'!C11) -> 2 | C6: =IF('Contractor 1'!C12="","",'Contractor 1'!C12) | D6: =IF('Contractor 1'!C13="","",'Contractor 1'!C13) | E6: =IF('Contractor 1'!C14="","",'Contractor 1'!C14) | F6: =IF('Contractor 1'!C15="","",'Contractor 1'!C15) | G6: =IF('Contractor 1'!B6="","",'Contractor 1'!B6) | H6: =IF('Contractor 1'!E6="","",'Contractor 1'!E6) | I6: =IF('Contractor 1'!B5="","",'Contractor 1'!B5) | J6: =IF('Contractor 1'!E5="","",'Contractor 1'!E5) | K6: =IF('Contractor 1'!E7="","",'Contractor 1'!E7) | L6: =IF('Contractor 1'!B7="","",'Contractor 1'!B7)
A7: =IF('Contractor 2'!B4="","Contractor 2",'Contractor 2'!B4) -> Contractor 2 | B7: =IF('Contractor 2'!C11="","",'Contractor 2'!C11) | C7: =IF('Contractor 2'!C12="","",'Contractor 2'!C12) | D7: =IF('Contractor 2'!C13="","",'Contractor 2'!C13) | E7: =IF('Contractor 2'!C14="","",'Contractor 2'!C14) | F7: =IF('Contractor 2'!C15="","",'Contractor 2'!C15) | G7: =IF('Contractor 2'!B6="","",'Contractor 2'!B6) | H7: =IF('Contractor 2'!E6="","",'Contractor 2'!E6) | I7: =IF('Contractor 2'!B5="","",'Contractor 2'!B5) | J7: =IF('Contractor 2'!E5="","",'Contractor 2'!E5) | K7: =IF('Contractor 2'!E7="","",'Contractor 2'!E7) | L7: =IF('Contractor 2'!B7="","",'Contractor 2'!B7)
A8: =IF('Contractor 3'!B4="","Contractor 3",'Contractor 3'!B4) -> Contractor 3 | B8: =IF('Contractor 3'!C11="","",'Contractor 3'!C11) | C8: =IF('Contractor 3'!C12="","",'Contractor 3'!C12) | D8: =IF('Contractor 3'!C13="","",'Contractor 3'!C13) | E8: =IF('Contractor 3'!C14="","",'Contractor 3'!C14) | F8: =IF('Contractor 3'!C15="","",'Contractor 3'!C15) | G8: =IF('Contractor 3'!B6="","",'Contractor 3'!B6) | H8: =IF('Contractor 3'!E6="","",'Contractor 3'!E6) | I8: =IF('Contractor 3'!B5="","",'Contractor 3'!B5) | J8: =IF('Contractor 3'!E5="","",'Contractor 3'!E5) | K8: =IF('Contractor 3'!E7="","",'Contractor 3'!E7) | L8: =IF('Contractor 3'!B7="","",'Contractor 3'!B7)
A9: =IF('Contractor 4'!B4="","Contractor 4",'Contractor 4'!B4) -> Contractor 4 | B9: =IF('Contractor 4'!C11="","",'Contractor 4'!C11) | C9: =IF('Contractor 4'!C12="","",'Contractor 4'!C12) | D9: =IF('Contractor 4'!C13="","",'Contractor 4'!C13) | E9: =IF('Contractor 4'!C14="","",'Contractor 4'!C14) | F9: =IF('Contractor 4'!C15="","",'Contractor 4'!C15) | G9: =IF('Contractor 4'!B6="","",'Contractor 4'!B6) | H9: =IF('Contractor 4'!E6="","",'Contractor 4'!E6) | I9: =IF('Contractor 4'!B5="","",'Contractor 4'!B5) | J9: =IF('Contractor 4'!E5="","",'Contractor 4'!E5) | K9: =IF('Contractor 4'!E7="","",'Contractor 4'!E7) | L9: =IF('Contractor 4'!B7="","",'Contractor 4'!B7)
A10: =IF('Contractor 5'!B4="","Contractor 5",'Contractor 5'!B4) -> Contractor 5 | B10: =IF('Contractor 5'!C11="","",'Contractor 5'!C11) | C10: =IF('Contractor 5'!C12="","",'Contractor 5'!C12) | D10: =IF('Contractor 5'!C13="","",'Contractor 5'!C13) | E10: =IF('Contractor 5'!C14="","",'Contractor 5'!C14) | F10: =IF('Contractor 5'!C15="","",'Contractor 5'!C15) | G10: =IF('Contractor 5'!B6="","",'Contractor 5'!B6) | H10: =IF('Contractor 5'!E6="","",'Contractor 5'!E6) | I10: =IF('Contractor 5'!B5="","",'Contractor 5'!B5) | J10: =IF('Contractor 5'!E5="","",'Contractor 5'!E5) | K10: =IF('Contractor 5'!E7="","",'Contractor 5'!E7) | L10: =IF('Contractor 5'!B7="","",'Contractor 5'!B7)
A11: Quick Scoring Guide / Use
A12: Score | B12: Rating | C12: Meaning | E12: Factor | F12: Weight | G12: What to Look For
A13: 5 | B13: Outstanding | C13: Exceptional response; very low risk. | E13: Technical Approach & Historic Protection | F13: 35% | G13: Code-compliant wiring replacement; protection of historic fabric; dust control; cleanup; safety; COR coordination.
A14: 4 | B14: Good | C14: Strong response; low to moderate risk. | E14: Relevant Experience | F14: 25% | G14: At least three and no more than five similar projects from the last five years.
A15: 3 | B15: Acceptable | C15: Meets requirement; acceptable risk. | E15: Key Personnel | F15: 20% | G15: Project manager, lead electrician, QC, licenses/certifications, and similar project roles.
A16: 2 | B16: Marginal | C16: Weaknesses or limited detail; may need clarification. | E16: Past Performance | F16: 10% | G16: Quality/relevance of prior work and client references.
A17: 1 | B17: Unacceptable | C17: Does not adequately address the requirement. | E17: Schedule / Resources | F17: 10% | G17: Staffing, materials, schedule, cleanup, site security, and ability to respond to field conditions.
A18: 0 | B18: Not Addressed | C18: No meaningful information provided. | E18: Price | F18: Separate | G18: Evaluate fairness, reasonableness, affordability, and balance in accordance with FAR 13.

Sheet Contractor 1
A1: Contractor 1 Detailed Evaluation | PR 0044037426 - REER Wiring Replacement
A2: Complete this sheet for one offeror. Use score 0–5 for each factor, then add detailed notes explaining whether the proposal is acceptable, marginal, or unacceptable.
A4: Offeror / Vendor | D4: Evaluator
A5: Proposed Price | D5: Price Reasonable?
A6: Weighted Technical Score | B6: =IF(COUNT(C11:C15)<5,"",ROUND(SUMPRODUCT(C11:C15,B11:B15)*20,1)) | D6: Technical Rating | E6: =IF(B6="","",IF(B6>=90,"Outstanding",IF(B6>=75,"Good",IF(B6>=60,"Acceptable",IF(B6>=40,"Marginal","Unacceptable")))))
A7: Overall Recommendation | D7: Acceptability Determination
A9: Factor Scoring
A10: Evaluation Factor | B10: Weight | C10: Score 0–5 | D10: Auto Rating | E10: Acceptable? | F10: Notes / Basis for Rating
A11: Technical Approach and Historic Resource Protection | B11: 0.35 | C11: 2 | D11: =IF(C11="","",IF(C11>=5,"Outstanding",IF(C11>=4,"Good",IF(C11>=3,"Acceptable",IF(C11>=2,"Marginal","Unacceptable"))))) -> Marginal
A12: Relevant Experience | B12: 0.25 | D12: =IF(C12="","",IF(C12>=5,"Outstanding",IF(C12>=4,"Good",IF(C12>=3,"Acceptable",IF(C12>=2,"Marginal","Unacceptable")))))
A13: Key Personnel | B13: 0.2 | D13: =IF(C13="","",IF(C13>=5,"Outstanding",IF(C13>=4,"Good",IF(C13>=3,"Acceptable",IF(C13>=2,"Marginal","Unacceptable")))))
A14: Past Performance | B14: 0.1 | D14: =IF(C14="","",IF(C14>=5,"Outstanding",IF(C14>=4,"Good",IF(C14>=3,"Acceptable",IF(C14>=2,"Marginal","Unacceptable")))))
A15: Availability of Resources, Schedule, and Project Management | B15: 0.1 | D15: =IF(C15="","",IF(C15>=5,"Outstanding",IF(C15>=4,"Good",IF(C15>=3,"Acceptable",IF(C15>=2,"Marginal","Unacceptable")))))
A18: Detailed Comments / Evaluator Notes
A19: Factor | B19: Strengths | C19: Weaknesses / Risks | D19: Clarifications Needed | E19: Acceptability Notes | F19: Consensus Notes
A20: Technical Approach and Historic Resource Protection
A21: Relevant Experience
A22: Key Personnel
A23: Past Performance
A24: Availability of Resources, Schedule, and Project Management
A27: Relevant Prior Work Examples - Offeror Should Provide 3 to 5
A28: Example # | B28: Client / Agency | C28: Year / Location | D28: Approx. Value | E28: Scope / Relevance to Historic Electrical Work | F28: Reference / POC Notes
A29: Project 1
A30: Project 2
A31: Project 3
A32: Project 4
A33: Project 5
A36: Final Determination / Award Recommendation Support
A37: Acceptable / Not Acceptable Determination
A38: Basis for Recommendation
A39: Price Notes
A40: Consensus Notes / Items for CO

Sheet Contractor 2
A1: Contractor 2 Detailed Evaluation | PR 0044037426 - REER Wiring Replacement
A2: Complete this sheet for one offeror. Use score 0–5 for each factor, then add detailed notes explaining whether the proposal is acceptable, marginal, or unacceptable.
A4: Offeror / Vendor | D4: Evaluator
A5: Proposed Price | D5: Price Reasonable?
A6: Weighted Technical Score | B6: =IF(COUNT(C11:C15)<5,"",ROUND(SUMPRODUCT(C11:C15,B11:B15)*20,1)) | D6: Technical Rating | E6: =IF(B6="","",IF(B6>=90,"Outstanding",IF(B6>=75,"Good",IF(B6>=60,"Acceptable",IF(B6>=40,"Marginal","Unacceptable")))))
A7: Overall Recommendation | D7: Acceptability Determination
A9: Factor Scoring
A10: Evaluation Factor | B10: Weight | C10: Score 0–5 | D10: Auto Rating | E10: Acceptable? | F10: Notes / Basis for Rating
A11: Technical Approach and Historic Resource Protection | B11: 0.35 | D11: =IF(C11="","",IF(C11>=5,"Outstanding",IF(C11>=4,"Good",IF(C11>=3,"Acceptable",IF(C11>=2,"Marginal","Unacceptable")))))
A12: Relevant Experience | B12: 0.25 | D12: =IF(C12="","",IF(C12>=5,"Outstanding",IF(C12>=4,"Good",IF(C12>=3,"Acceptable",IF(C12>=2,"Marginal","Unacceptable")))))
A13: Key Personnel | B13: 0.2 | D13: =IF(C13="","",IF(C13>=5,"Outstanding",IF(C13>=4,"Good",IF(C13>=3,"Acceptable",IF(C13>=2,"Marginal","Unacceptable")))))
A14: Past Performance | B14: 0.1 | D14: =IF(C14="","",IF(C14>=5,"Outstanding",IF(C14>=4,"Good",IF(C14>=3,"Acceptable",IF(C14>=2,"Marginal","Unacceptable")))))
A15: Availability of Resources, Schedule, and Project Management | B15: 0.1 | D15: =IF(C15="","",IF(C15>=5,"Outstanding",IF(C15>=4,"Good",IF(C15>=3,"Acceptable",IF(C15>=2,"Marginal","Unacceptable")))))
A18: Detailed Comments / Evaluator Notes
A19: Factor | B19: Strengths | C19: Weaknesses / Risks | D19: Clarifications Needed | E19: Acceptability Notes | F19: Consensus Notes
A20: Technical Approach and Historic Resource Protection
A21: Relevant Experience
A22: Key Personnel
A23: Past Performance
A24: Availability of Resources, Schedule, and Project Management
A27: Relevant Prior Work Examples - Offeror Should Provide 3 to 5
A28: Example # | B28: Client / Agency | C28: Year / Location | D28: Approx. Value | E28: Scope / Relevance to Historic Electrical Work | F28: Reference / POC Notes
A29: Project 1
A30: Project 2
A31: Project 3
A32: Project 4
A33: Project 5
A36: Final Determination / Award Recommendation Support
A37: Acceptable / Not Acceptable Determination
A38: Basis for Recommendation
A39: Price Notes
A40: Consensus Notes / Items for CO

Sheet Contractor 3
A1: Contractor 3 Detailed Evaluation | PR 0044037426 - REER Wiring Replacement
A2: Complete this sheet for one offeror. Use score 0–5 for each factor, then add detailed notes explaining whether the proposal is acceptable, marginal, or unacceptable.
A4: Offeror / Vendor | D4: Evaluator
A5: Proposed Price | D5: Price Reasonable?
A6: Weighted Technical Score | B6: =IF(COUNT(C11:C15)<5,"",ROUND(SUMPRODUCT(C11:C15,B11:B15)*20,1)) | D6: Technical Rating | E6: =IF(B6="","",IF(B6>=90,"Outstanding",IF(B6>=75,"Good",IF(B6>=60,"Acceptable",IF(B6>=40,"Marginal","Unacceptable")))))
A7: Overall Recommendation | D7: Acceptability Determination
A9: Factor Scoring
A10: Evaluation Factor | B10: Weight | C10: Score 0–5 | D10: Auto Rating | E10: Acceptable? | F10: Notes / Basis for Rating
A11: Technical Approach and Historic Resource Protection | B11: 0.35 | D11: =IF(C11="","",IF(C11>=5,"Outstanding",IF(C11>=4,"Good",IF(C11>=3,"Acceptable",IF(C11>=2,"Marginal","Unacceptable")))))
A12: Relevant Experience | B12: 0.25 | D12: =IF(C12="","",IF(C12>=5,"Outstanding",IF(C12>=4,"Good",IF(C12>=3,"Acceptable",IF(C12>=2,"Marginal","Unacceptable")))))
A13: Key Personnel | B13: 0.2 | D13: =IF(C13="","",IF(C13>=5,"Outstanding",IF(C13>=4,"Good",IF(C13>=3,"Acceptable",IF(C13>=2,"Marginal","Unacceptable")))))
A14: Past Performance | B14: 0.1 | D14: =IF(C14="","",IF(C14>=5,"Outstanding",IF(C14>=4,"Good",IF(C14>=3,"Acceptable",IF(C14>=2,"Marginal","Unacceptable")))))
A15: Availability of Resources, Schedule, and Project Management | B15: 0.1 | D15: =IF(C15="","",IF(C15>=5,"Outstanding",IF(C15>=4,"Good",IF(C15>=3,"Acceptable",IF(C15>=2,"Marginal","Unacceptable")))))
A18: Detailed Comments / Evaluator Notes
A19: Factor | B19: Strengths | C19: Weaknesses / Risks | D19: Clarifications Needed | E19: Acceptability Notes | F19: Consensus Notes
A20: Technical Approach and Historic Resource Protection
A21: Relevant Experience
A22: Key Personnel
A23: Past Performance
A24: Availability of Resources, Schedule, and Project Management
A27: Relevant Prior Work Examples - Offeror Should Provide 3 to 5
A28: Example # | B28: Client / Agency | C28: Year / Location | D28: Approx. Value | E28: Scope / Relevance to Historic Electrical Work | F28: Reference / POC Notes
A29: Project 1
A30: Project 2
A31: Project 3
A32: Project 4
A33: Project 5
A36: Final Determination / Award Recommendation Support
A37: Acceptable / Not Acceptable Determination
A38: Basis for Recommendation
A39: Price Notes
A40: Consensus Notes / Items for CO

Sheet Contractor 4
A1: Contractor 4 Detailed Evaluation | PR 0044037426 - REER Wiring Replacement
A2: Complete this sheet for one offeror. Use score 0–5 for each factor, then add detailed notes explaining whether the proposal is acceptable, marginal, or unacceptable.
A4: Offeror / Vendor | D4: Evaluator
A5: Proposed Price | D5: Price Reasonable?
A6: Weighted Technical Score | B6: =IF(COUNT(C11:C15)<5,"",ROUND(SUMPRODUCT(C11:C15,B11:B15)*20,1)) | D6: Technical Rating | E6: =IF(B6="","",IF(B6>=90,"Outstanding",IF(B6>=75,"Good",IF(B6>=60,"Acceptable",IF(B6>=40,"Marginal","Unacceptable")))))
A7: Overall Recommendation | D7: Acceptability Determination
A9: Factor Scoring
A10: Evaluation Factor | B10: Weight | C10: Score 0–5 | D10: Auto Rating | E10: Acceptable? | F10: Notes / Basis for Rating
A11: Technical Approach and Historic Resource Protection | B11: 0.35 | D11: =IF(C11="","",IF(C11>=5,"Outstanding",IF(C11>=4,"Good",IF(C11>=3,"Acceptable",IF(C11>=2,"Marginal","Unacceptable")))))
A12: Relevant Experience | B12: 0.25 | D12: =IF(C12="","",IF(C12>=5,"Outstanding",IF(C12>=4,"Good",IF(C12>=3,"Acceptable",IF(C12>=2,"Marginal","Unacceptable")))))
A13: Key Personnel | B13: 0.2 | D13: =IF(C13="","",IF(C13>=5,"Outstanding",IF(C13>=4,"Good",IF(C13>=3,"Acceptable",IF(C13>=2,"Marginal","Unacceptable")))))
A14: Past Performance | B14: 0.1 | D14: =IF(C14="","",IF(C14>=5,"Outstanding",IF(C14>=4,"Good",IF(C14>=3,"Acceptable",IF(C14>=2,"Marginal","Unacceptable")))))
A15: Availability of Resources, Schedule, and Project Management | B15: 0.1 | D15: =IF(C15="","",IF(C15>=5,"Outstanding",IF(C15>=4,"Good",IF(C15>=3,"Acceptable",IF(C15>=2,"Marginal","Unacceptable")))))
A18: Detailed Comments / Evaluator Notes
A19: Factor | B19: Strengths | C19: Weaknesses / Risks | D19: Clarifications Needed | E19: Acceptability Notes | F19: Consensus Notes
A20: Technical Approach and Historic Resource Protection
A21: Relevant Experience
A22: Key Personnel
A23: Past Performance
A24: Availability of Resources, Schedule, and Project Management
A27: Relevant Prior Work Examples - Offeror Should Provide 3 to 5
A28: Example # | B28: Client / Agency | C28: Year / Location | D28: Approx. Value | E28: Scope / Relevance to Historic Electrical Work | F28: Reference / POC Notes
A29: Project 1
A30: Project 2
A31: Project 3
A32: Project 4
A33: Project 5
A36: Final Determination / Award Recommendation Support
A37: Acceptable / Not Acceptable Determination
A38: Basis for Recommendation
A39: Price Notes
A40: Consensus Notes / Items for CO

Sheet Contractor 5
A1: Contractor 5 Detailed Evaluation | PR 0044037426 - REER Wiring Replacement
A2: Complete this sheet for one offeror. Use score 0–5 for each factor, then add detailed notes explaining whether the proposal is acceptable, marginal, or unacceptable.
A4: Offeror / Vendor | D4: Evaluator
A5: Proposed Price | D5: Price Reasonable?
A6: Weighted Technical Score | B6: =IF(COUNT(C11:C15)<5,"",ROUND(SUMPRODUCT(C11:C15,B11:B15)*20,1)) | D6: Technical Rating | E6: =IF(B6="","",IF(B6>=90,"Outstanding",IF(B6>=75,"Good",IF(B6>=60,"Acceptable",IF(B6>=40,"Marginal","Unacceptable")))))
A7: Overall Recommendation | D7: Acceptability Determination
A9: Factor Scoring
A10: Evaluation Factor | B10: Weight | C10: Score 0–5 | D10: Auto Rating | E10: Acceptable? | F10: Notes / Basis for Rating
A11: Technical Approach and Historic Resource Protection | B11: 0.35 | D11: =IF(C11="","",IF(C11>=5,"Outstanding",IF(C11>=4,"Good",IF(C11>=3,"Acceptable",IF(C11>=2,"Marginal","Unacceptable")))))
A12: Relevant Experience | B12: 0.25 | D12: =IF(C12="","",IF(C12>=5,"Outstanding",IF(C12>=4,"Good",IF(C12>=3,"Acceptable",IF(C12>=2,"Marginal","Unacceptable")))))
A13: Key Personnel | B13: 0.2 | D13: =IF(C13="","",IF(C13>=5,"Outstanding",IF(C13>=4,"Good",IF(C13>=3,"Acceptable",IF(C13>=2,"Marginal","Unacceptable")))))
A14: Past Performance | B14: 0.1 | D14: =IF(C14="","",IF(C14>=5,"Outstanding",IF(C14>=4,"Good",IF(C14>=3,"Acceptable",IF(C14>=2,"Marginal","Unacceptable")))))
A15: Availability of Resources, Schedule, and Project Management | B15: 0.1 | D15: =IF(C15="","",IF(C15>=5,"Outstanding",IF(C15>=4,"Good",IF(C15>=3,"Acceptable",IF(C15>=2,"Marginal","Unacceptable")))))
A18: Detailed Comments / Evaluator Notes
A19: Factor | B19: Strengths | C19: Weaknesses / Risks | D19: Clarifications Needed | E19: Acceptability Notes | F19: Consensus Notes
A20: Technical Approach and Historic Resource Protection
A21: Relevant Experience
A22: Key Personnel
A23: Past Performance
A24: Availability of Resources, Schedule, and Project Management
A27: Relevant Prior Work Examples - Offeror Should Provide 3 to 5
A28: Example # | B28: Client / Agency | C28: Year / Location | D28: Approx. Value | E28: Scope / Relevance to Historic Electrical Work | F28: Reference / POC Notes
A29: Project 1
A30: Project 2
A31: Project 3
A32: Project 4
A33: Project 5
A36: Final Determination / Award Recommendation Support
A37: Acceptable / Not Acceptable Determination
A38: Basis for Recommendation
A39: Price Notes
A40: Consensus Notes / Items for CO

Sheet Definitions
A1: Definitions and Rating Guidance | PR 0044037426 - REER Wiring Replacement
A3: Technical Rating Scale
A4: Score | B4: Rating | C4: Definition
A5: 5 | B5: Outstanding | C5: Exceptional understanding of the requirement; highly detailed, realistic approach; strong relevant experience; very low performance risk.
A6: 4 | B6: Good | C6: Solid understanding of the requirement; clear acceptable approach; relevant experience; low to moderate performance risk.
A7: 3 | B7: Acceptable | C7: Meets the basic requirements and demonstrates ability to perform the work. Weaknesses, if any, do not create unacceptable performance risk.
A8: 2 | B8: Marginal | C8: Weaknesses, limited detail, limited relevant experience, or approach may increase performance risk. Clarification may be needed.
A9: 1 | B9: Unacceptable | C9: Does not demonstrate adequate understanding of the requirement or presents unacceptable performance risk.
A10: 0 | B10: Not Addressed | C10: The proposal did not provide meaningful information for this factor.
A12: Evaluation Factor Definitions
A13: Factor | B13: Weight | C13: Definition / Evaluation Focus
A14: Technical Approach and Historic Resource Protection | B14: 35% | C14: Evaluate the method for completing code-compliant electrical wiring replacement while protecting historic materials, finishes, walls, trim, flooring, and other character-defining features.
A15: Relevant Experience | B15: 25% | C15: Evaluate at least three and no more than five relevant projects completed within the last five years. Similar electrical retrofit work in historic, older, public, institutional, or government buildings may be rated more favorably.
A16: Key Personnel | B16: 20% | C16: Evaluate qualifications and experience of the project manager, lead electrician, quality control representative, and other personnel expected to play a major role.
A17: Past Performance | B17: 10% | C17: Evaluate the quality and relevance of submitted project performance, client references, and available past performance information.
A18: Availability of Resources, Schedule, and Project Management | B18: 10% | C18: Evaluate staffing, labor availability, material/resource plan, schedule realism, daily cleanup, site security, communication, and ability to respond to field conditions.
A21: Technically Unacceptable Quote Reminder
A22: A quote should be considered technically unacceptable if it does not adequately address code-compliant electrical work, protection of the historic structure, safety, project coordination, or the ability to complete the required scope. Price is evaluated separately for fairness, reasonableness, affordability, and balance in accordance with FAR 13.
