Workbook

Sheet Summary
B1: Period of Performance | C1: Hours | F1: Total CLINS
B2: Oct 1 -Sep 30 | C2: Total | D2: FFP Labor CLINS | E2: CR Travel CLINS | F2: FFP & CR
A3: Base Year | B3: 2025 - 2026 | C3: ='Base Year'!C13 -> 0 | D3: ='Base Year'!F18 -> 0 | F3: =SUM(D3:E3) -> 0
A4: Option Year 1 | B4: 2026 - 2027 | C4: ='Option 1'!$C$13 -> 0 | D4: ='Option 1'!$F$18 -> 0 | F4: =SUM(D4:E4) -> 0
A5: Option Year 2 | B5: 2027 - 2028 | C5: =#REF! -> #REF! | D5: =#REF! -> #REF! | F5: =SUM(D5:E5) -> #REF!
A6: Option Year 3 | B6: 2028 - 2029 | C6: =#REF! -> #REF! | D6: =#REF! -> #REF! | F6: =SUM(D6:E6) -> #REF!
A7: Option Year 4 | B7: 2029 - 2030 | C7: =#REF! -> #REF! | D7: =#REF! -> #REF! | F7: =SUM(D7:E7) -> #REF!
A8: TOTAL FFP Price | D8: =SUM(D3:D7) -> #REF! | E8: =SUM(E3:E7) -> 0 | F8: =SUM(D8:E8) -> #REF!
A10: Fringe | B10: ='Base Year'!E2 -> 0
A11: Overhead | B11: ='Base Year'!F2 -> 0
A12: G&A Onsite | B12: ='Base Year'!G2 -> 0
A13: Fee | B13: ='Base Year'!I2 -> 0
A14: Escalation Year | C14: OY1 | D14: OY2 | E14: OY3 | F14: OY4
A15: Escalation Labor | C15: 0 | D15: 0 | E15: 0 | F15: 0
A16: Offeror is responsible for accuracy of all formulas in its submission

Sheet Base Year
A1: Labor Category | B1: FTE | C1: Labor Hours | D1: Labor Rate | E1: Fringe | F1: OH | G1: G&A | H1: Burdened Rate | I1: Fee | J1: Extended
E2: 0 | F2: 0 | G2: 0 | I2: 0
D3: 0 | E3: =D3*$E$2 -> 0 | F3: =(D3+E3)*$F$2 -> 0 | G3: =(D3+E3+F3)*$G$2 -> 0 | H3: =D3+E3+F3+G3 -> 0 | I3: =(C3*H3)*$I$2 -> 0 | J3: =(C3*H3)+I3 -> 0
D4: 0 | E4: =D4*$E$2 -> 0 | F4: =(D4+E4)*$F$2 -> 0 | G4: =(D4+E4+F4)*$G$2 -> 0 | H4: =D4+E4+F4+G4 -> 0 | I4: =(C4*H4)*$I$2 -> 0 | J4: =(C4*H4)+I4 -> 0
D5: 0 | E5: =D5*$E$2 -> 0 | F5: =(D5+E5)*$F$2 -> 0 | G5: =(D5+E5+F5)*$G$2 -> 0 | H5: =D5+E5+F5+G5 -> 0 | I5: =(C5*H5)*$I$2 -> 0 | J5: =(C5*H5)+I5 -> 0
D6: 0 | E6: =D6*$E$2 -> 0 | F6: =(D6+E6)*$F$2 -> 0 | G6: =(D6+E6+F6)*$G$2 -> 0 | H6: =D6+E6+F6+G6 -> 0 | I6: =(C6*H6)*$I$2 -> 0 | J6: =(C6*H6)+I6 -> 0
D7: 0 | E7: =D7*$E$2 -> 0 | F7: =(D7+E7)*$F$2 -> 0 | G7: =(D7+E7+F7)*$G$2 -> 0 | H7: =D7+E7+F7+G7 -> 0 | I7: =(C7*H7)*$I$2 -> 0 | J7: =(C7*H7)+I7 -> 0
D8: 0 | E8: =D8*$E$2 -> 0 | F8: =(D8+E8)*$F$2 -> 0 | G8: =(D8+E8+F8)*$G$2 -> 0 | H8: =D8+E8+F8+G8 -> 0 | I8: =(C8*H8)*$I$2 -> 0 | J8: =(C8*H8)+I8 -> 0
J10: =SUM(J3:J9) -> 0
A11: Other Direct Cost (Travel)
A13: Subtotals | B13: =SUM(B3:B9) -> 0 | C13: =SUM(C3:C9) -> 0 | I13: Total | J13: =SUM(J10:J11) -> 0
C17: CLIN | D17: Cost | E17: Fee | F17: Total
B18: Labor | C18: 1000 | D18: =SUM((H5*C5),(H6*C6),(C7*H7),(H8*C8),(C3*H3),(C4*H4)) -> 0 | E18: =SUM(I3:I8) -> 0 | F18: =SUM(D18:E18) -> 0
B19: Travel | C19: 3000 | D19: =J11 -> 0 | E19: 0 | F19: =SUM(D19:E19) -> 0
D20: =SUM(D18:D19) -> 0 | E20: =SUM(E18:E19) -> 0 | F20: =SUM(F18:F19) -> 0

Sheet Option 1
A1: Labor Category | B1: FTE | C1: Labor Hours | D1: Labor Rate | E1: Fringe | F1: OH | G1: G&A | H1: Burdened Rate | I1: Fee | J1: Extended
E2: 0 | F2: 0 | G2: 0 | I2: 0
D3: 0 | E3: =D3*$E$2 -> 0 | F3: =(D3+E3)*$F$2 -> 0 | G3: =(D3+E3+F3)*$G$2 -> 0 | H3: =D3+E3+F3+G3 -> 0 | I3: =(C3*H3)*$I$2 -> 0 | J3: =(C3*H3)+I3 -> 0
D4: 0 | E4: =D4*$E$2 -> 0 | F4: =(D4+E4)*$F$2 -> 0 | G4: =(D4+E4+F4)*$G$2 -> 0 | H4: =D4+E4+F4+G4 -> 0 | I4: =(C4*H4)*$I$2 -> 0 | J4: =(C4*H4)+I4 -> 0
D5: 0 | E5: =D5*$E$2 -> 0 | F5: =(D5+E5)*$F$2 -> 0 | G5: =(D5+E5+F5)*$G$2 -> 0 | H5: =D5+E5+F5+G5 -> 0 | I5: =(C5*H5)*$I$2 -> 0 | J5: =(C5*H5)+I5 -> 0
D6: 0 | E6: =D6*$E$2 -> 0 | F6: =(D6+E6)*$F$2 -> 0 | G6: =(D6+E6+F6)*$G$2 -> 0 | H6: =D6+E6+F6+G6 -> 0 | I6: =(C6*H6)*$I$2 -> 0 | J6: =(C6*H6)+I6 -> 0
D7: 0 | E7: =D7*$E$2 -> 0 | F7: =(D7+E7)*$F$2 -> 0 | G7: =(D7+E7+F7)*$G$2 -> 0 | H7: =D7+E7+F7+G7 -> 0 | I7: =(C7*H7)*$I$2 -> 0 | J7: =(C7*H7)+I7 -> 0
D8: 0 | E8: =D8*$E$2 -> 0 | F8: =(D8+E8)*$F$2 -> 0 | G8: =(D8+E8+F8)*$G$2 -> 0 | H8: =D8+E8+F8+G8 -> 0 | I8: =(C8*H8)*$I$2 -> 0 | J8: =(C8*H8)+I8 -> 0
J10: =SUM(J3:J9) -> 0
A11: Other Direct Cost (Travel)
A13: Subtotals | B13: =SUM(B3:B9) -> 0 | C13: =SUM(C3:C9) -> 0 | I13: Total | J13: =SUM(J10:J11) -> 0
C17: CLIN | D17: Cost | E17: Fee | F17: Total
B18: Labor | D18: =SUM((H4*C4),(H5*C5),(H6*C6),(C7*H7),(H8*C8),(C3*H3)) -> 0 | E18: =SUM(I3:I8) -> 0 | F18: =SUM(D18:E18) -> 0
B19: Travel | D19: =J11 -> 0 | E19: 0 | F19: =SUM(D19:E19) -> 0
D20: =SUM(D18:D19) -> 0 | E20: =SUM(E18:E19) -> 0 | F20: =SUM(F18:F19) -> 0
