Workbook

Sheet Base Year
A2: DC3 SETA Follow-On CLIN STRUCTURE AND TOTALS
A3: Labor Categories | D3: 06 September 2026 - 5 September 2027 Base Year (Year 1)
A4: LABOR CATEGORY (Proposed Labor Category) | B4: BLS SOC Codes | C4: SOW Task Area or tasks associated with this LCAT | D4: Est. Hrs | E4: Unburdened Labor Rate (Labor Price) | F4: Additonal Costs (Fringe, OH, G&A, Profit) | G4: Proposed Rate | H4: Total Proposed
A5: EXAMPLE: Subject Matter Expert II | E5: 50 | F5: 78 | G5: =E5+F5 -> 128 | H5: =D5*G5 -> 0
G6: =E6+F6 -> 0 | H6: =D6*G6 -> 0
G7: =E7+F7 -> 0 | H7: =D7*G7 -> 0
G8: =E8+F8 -> 0 | H8: =D8*G8 -> 0
G9: =E9+F9 -> 0 | H9: =D9*G9 -> 0
G10: =E10+F10 -> 0 | H10: =D10*G10 -> 0
G11: =E11+F11 -> 0 | H11: =D11*G11 -> 0
A12: TOTAL CLIN 0001- (Senior Cybersecurity Engineer) | D12: =SUM(D6:D11) -> 0 | H12: =SUM(H6:H11) -> 0
A13: EXAMPLE: Subject Matter Expert II | E13: 50 | F13: 78 | G13: =E13+F13 -> 128 | H13: =D13*G13 -> 0
G14: =E14+F14 -> 0 | H14: =D14*G14 -> 0
G15: =E15+F15 -> 0 | H15: =D15*G15 -> 0
G16: =E16+F16 -> 0 | H16: =D16*G16 -> 0
G17: =E17+F17 -> 0 | H17: =D17*G17 -> 0
G18: =E18+F18 -> 0 | H18: =D18*G18 -> 0
G19: =E19+F19 -> 0 | H19: =D19*G19 -> 0
A20: TOTAL CLIN 0002 – (Mid Cybersecurity Engineer) | D20: =SUM(D14:D19) -> 0 | H20: =SUM(H14:H19) -> 0
A21: EXAMPLE: Subject Matter Expert II | E21: 50 | F21: 78 | G21: =E21+F21 -> 128 | H21: =D21*G21 -> 0
G22: =E22+F22 -> 0 | H22: =D22*G22 -> 0
G23: =E23+F23 -> 0 | H23: =D23*G23 -> 0
G24: =E24+F24 -> 0 | H24: =D24*G24 -> 0
A25: TOTAL CLIN 0003 - (Senior Portfolio Manager) | D25: =SUM(D22:D24) -> 0 | H25: =SUM(H22:H24) -> 0
A26: TOTAL CLIN 0004 - (Tools) | E26: Not to Exceed (NTE) | H26: 15000
A27: TOTAL CLIN 0005 - (Travel) | E27: Not to Exceed (NTE) | H27: 25000
A28: Base Year (Year 1) Total: | D28: =D12+D20+D25 -> 0 | H28: =SUM(H12,H20,H25,H26,H27) -> 40000

Sheet Option Year 1
A2: DC3 SETA Follow-On CLIN STRUCTURE AND TOTALS
A3: Labor Categories | D3: 06 September 2027 - 05 September 2028 Option Year 1 (Year 2)
A4: LABOR CATEGORY (Proposed Labor Category) | B4: BLS SOC Codes | C4: SOW Task Area or tasks associated with this LCAT | D4: Est. Hrs | E4: Unburdened Labor Rate (Labor Price) | F4: Additonal Costs (Fringe, OH, G&A, Profit) | G4: Proposed Rate | H4: Total Proposed
A5: EXAMPLE: Subject Matter Expert II | E5: 50 | F5: 78 | G5: =E5+F5 -> 128 | H5: =D5*G5 -> 0
G6: =E6+F6 -> 0 | H6: =D6*G6 -> 0
G7: =E7+F7 -> 0 | H7: =D7*G7 -> 0
G8: =E8+F8 -> 0 | H8: =D8*G8 -> 0
G9: =E9+F9 -> 0 | H9: =D9*G9 -> 0
G10: =E10+F10 -> 0 | H10: =D10*G10 -> 0
G11: =E11+F11 -> 0 | H11: =D11*G11 -> 0
A12: TOTAL CLIN 1001- (Senior Cybersecurity Engineer) | D12: =SUM(D6:D11) -> 0 | H12: =SUM(H6:H11) -> 0
A13: EXAMPLE: Subject Matter Expert II | E13: 50 | F13: 78 | G13: =E13+F13 -> 128 | H13: =D13*G13 -> 0
G14: =E14+F14 -> 0 | H14: =D14*G14 -> 0
G15: =E15+F15 -> 0 | H15: =D15*G15 -> 0
G16: =E16+F16 -> 0 | H16: =D16*G16 -> 0
G17: =E17+F17 -> 0 | H17: =D17*G17 -> 0
G18: =E18+F18 -> 0 | H18: =D18*G18 -> 0
G19: =E19+F19 -> 0 | H19: =D19*G19 -> 0
A20: TOTAL CLIN 1002 – (Mid Cybersecurity Engineer) | D20: =SUM(D14:D19) -> 0 | H20: =SUM(H14:H19) -> 0
A21: TOTAL CLIN 1003 - (Tools) | E21: Not to Exceed (NTE) | H21: 15000
A22: TOTAL CLIN 1004 - (Travel) | E22: Not to Exceed (NTE) | H22: 15625
A23: Option Year 1 (Year 2) Total: | D23: =D12+D20 -> 0 | H23: =H12+H20+H21+H22 -> 30625

Sheet Option Year 2
A2: DC3 SETA Follow-On CLIN STRUCTURE AND TOTALS
A3: Labor Categories | D3: 06 September 2028 - 05 September 2029 Option Year 2 (Year 3)
A4: LABOR CATEGORY (Proposed Labor Category) | B4: BLS SOC Codes | C4: SOW Task Area or tasks associated with this LCAT | D4: Est. Hrs | E4: Unburdened Labor Rate (Labor Price) | F4: Additonal Costs (Fringe, OH, G&A, Profit) | G4: Proposed Rate | H4: Total Proposed
A5: EXAMPLE: Subject Matter Expert II | E5: 50 | F5: 78 | G5: =E5+F5 -> 128 | H5: =D5*G5 -> 0
G6: =E6+F6 -> 0 | H6: =D6*G6 -> 0
G7: =E7+F7 -> 0 | H7: =D7*G7 -> 0
G8: =E8+F8 -> 0 | H8: =D8*G8 -> 0
G9: =E9+F9 -> 0 | H9: =D9*G9 -> 0
G10: =E10+F10 -> 0 | H10: =D10*G10 -> 0
G11: =E11+F11 -> 0 | H11: =D11*G11 -> 0
A12: TOTAL CLIN 2001- (Senior Cybersecurity Engineer) | D12: =SUM(D6:D11) -> 0 | H12: =SUM(H6:H11) -> 0
A13: EXAMPLE: Subject Matter Expert II | E13: 50 | F13: 78 | G13: =E13+F13 -> 128 | H13: =D13*G13 -> 0
G14: =E14+F14 -> 0 | H14: =D14*G14 -> 0
G15: =E15+F15 -> 0 | H15: =D15*G15 -> 0
G16: =E16+F16 -> 0 | H16: =D16*G16 -> 0
G17: =E17+F17 -> 0 | H17: =D17*G17 -> 0
G18: =E18+F18 -> 0 | H18: =D18*G18 -> 0
G19: =E19+F19 -> 0 | H19: =D19*G19 -> 0
A20: TOTAL CLIN 2002 – (Mid Cybersecurity Engineer) | D20: =SUM(D14:D19) -> 0 | H20: =SUM(H14:H19) -> 0
A21: TOTAL CLIN 2003 - (Tools) | E21: Not to Exceed (NTE) | H21: 15000
A22: TOTAL CLIN 2004 - (Travel) | E22: Not to Exceed (NTE) | H22: 15625
A23: Option Year 2 (Year 3) Total: | D23: =D12+D20 -> 0 | H23: =H12+H20+H21+H22 -> 30625

Sheet RFO 52.217-8 - 6 Month Ext
A2: DC3 SETA Follow-On CLIN STRUCTURE AND TOTALS
A3: Labor Categories | B3: BLS SOC Codes | D3: 06 September 2029 - 05 March 2030 (6-Month Extension)
A4: LABOR CATEGORY (Proposed Labor Category) | C4: SOW Task Area or tasks associated with this LCAT | D4: Est. Hrs | E4: Unburdened Labor Rate (Labor Price) | F4: Additonal Costs (Fringe, OH, G&A, Profit) | G4: Proposed Rate | H4: Total Proposed
A5: EXAMPLE: Subject Matter Expert II | E5: 50 | F5: 78 | G5: =E5+F5 -> 128 | H5: =D5*G5 -> 0
G6: =E6+F6 -> 0 | H6: =D6*G6 -> 0
G7: =E7+F7 -> 0 | H7: =D7*G7 -> 0
G8: =E8+F8 -> 0 | H8: =D8*G8 -> 0
G9: =E9+F9 -> 0 | H9: =D9*G9 -> 0
G10: =E10+F10 -> 0 | H10: =D10*G10 -> 0
G11: =E11+F11 -> 0 | H11: =D11*G11 -> 0
A12: TOTAL CLIN 3001- (Senior Cybersecurity Engineer) | D12: =SUM(D6:D11) -> 0 | H12: =SUM(H6:H11) -> 0
A13: EXAMPLE: Subject Matter Expert II | E13: 50 | F13: 78 | G13: =E13+F13 -> 128 | H13: =D13*G13 -> 0
G14: =E14+F14 -> 0 | H14: =D14*G14 -> 0
G15: =E15+F15 -> 0 | H15: =D15*G15 -> 0
G16: =E16+F16 -> 0 | H16: =D16*G16 -> 0
G17: =E17+F17 -> 0 | H17: =D17*G17 -> 0
G18: =E18+F18 -> 0 | H18: =D18*G18 -> 0
G19: =E19+F19 -> 0 | H19: =D19*G19 -> 0
A20: TOTAL CLIN 3002 – (Mid Cybersecurity Engineer) | D20: =SUM(D14:D19) -> 0 | H20: =SUM(H14:H19) -> 0
A21: 6-Month Extension Total: | D21: =D12+D20 -> 0 | H21: =H12+H20 -> 0

Sheet Total Evaluated Price
A1: CLIN | B1: Base /Year1 | C1: OY1/Year 2 | D1: OY2/Year 3 | E1: SUBTOTAL | F1: RFO 52.217-8 (6 -MO Extension) | G1: TOTAL
B2: (12 MONTHS) EXTENDED PRICE | C2: (12 MONTHS) EXTENDED PRICE | D2: (12 MONTHS) EXTENDED PRICE | F2: (6 MONTHS)
A3: TOTAL CLIN 0001- (Senior Cybersecurity Engineer) – FFP | B3: ='Base Year'!H12 -> 0 | C3: ='Option Year 1'!H12 -> 0 | D3: ='Option Year 2'!H12 -> 0 | E3: =SUM(B3:D3) -> 0 | F3: ='RFO 52.217-8 - 6 Month Ext'!H12 -> 0 | G3: =E3+F3 -> 0
A4: TOTAL CLIN 0002 – (Mid Cybersecurity Engineer) - FFP | B4: ='Base Year'!H20 -> 0 | C4: ='Option Year 1'!H20 -> 0 | D4: ='Option Year 2'!H20 -> 0 | E4: =SUM(B4:D4) -> 0 | F4: ='RFO 52.217-8 - 6 Month Ext'!H20 -> 0 | G4: =E4+F4 -> 0
A5: TOTAL CLIN 0003 - (Senior Portfolio Manager) - FFP | B5: ='Base Year'!H25 -> 0 | C5: N/A | D5: N/A | E5: =B5 -> 0 | F5: N/A | G5: =E5 -> 0
A6: NTE - TOTAL CLIN 0004 - (Tools)- T&M | B6: ='Base Year'!H26 -> 15000 | C6: ='Option Year 1'!H21 -> 15000 | D6: ='Option Year 2'!H21 -> 15000 | E6: =B6+C6+D6 -> 45000 | F6: N/A | G6: =E6 -> 45000
A7: NTE - TOTAL CLIN 0005 - (Travel) - T&M | B7: ='Base Year'!H27 -> 25000 | C7: ='Option Year 1'!H22 -> 15625 | D7: ='Option Year 2'!H22 -> 15625 | E7: =B7+C7+D7 -> 56250 | F7: N/A | G7: =E7 -> 56250
G8: =E8+F8 -> 0
A9: TOTAL | B9: =SUM(B3:B8) -> 40000 | C9: =SUM(C3:C8) -> 30625 | D9: =SUM(D3:D8) -> 30625 | E9: =SUM(E3:E8) -> 101250 | F9: =SUM(F3:F8) -> 0 | G9: =SUM(G3:G8) -> 101250
G10: Total Evaluated Price (TEP)
