Workbook

Sheet Summary
A1: Kitchen Exhaust Hood Cleaning
B3: Price Exhibit
A5: FY27 Ordering Period 1 Oct 26 - 30 Sep 27 | F5: ='FY27'!I61 -> 0
A6: FY28 Ordering Period 1 Oct 27 - 30 Sep 28 | F6: ='FY28'!I61 -> 0
A7: FY29 Ordering Period 1 Oct 28 - 30 Sep 29 | F7: ='FY29'!I61 -> 0
A8: FY30 Ordering Period 1 Oct 29 - 30 Sep 30 | F8: ='FY30'!I61 -> 0
A9: FY31 Ordering Period 1 Oct 30 - 30 Sep 31 | F9: ='FY31'!I61 -> 0
F11: =SUM(F5:F10) -> 0

Sheet FY27
A1: FY27 Ordering Period 1 Oct 26 - 30 Sep 27
A2: Item # | B2: Bldg | C2: Hood label # | D2: Description | E2: months | F2: Frequency | G2: Annual # of Cleanings | H2: Unit Price | I2: Total cost
B3: 61 | D3: Food Service
A4: A001 | B4: 61 | C4: 1 | D4: Steam kettle area L 9' x W 6' x H 2' (2 throats) Self washing unit | E4: May | F4: Annual | G4: 1 | I4: =SUM(G4*H4) -> 0
A5: A002 | B5: 61 | C5: 2 | D5: Steam kettle area L 9' x W 6' x H 2' (2 throats) Self washing unit | E5: May | F5: Annual | G5: 1 | I5: =SUM(G5*H5) -> 0
A6: A003 | B6: 61 | C6: 3 | D6: Bakery (fryer - donuts) L 9' X W 5' X H 3' (2 throats) Self washing unit | E6: May | F6: Annual | G6: 1 | I6: =SUM(G6*H6) -> 0
A7: A004 | B7: 61 | C7: 4 | D7: Oven in Bakery L 4' x W 2'4" x H 2'5" (1 throat) | E7: May | F7: Annual | G7: 1 | I7: =SUM(G7*H7) -> 0
B8: 195 | D8: Child Dev Center
A9: A005 | B9: 195 | C9: 1 | D9: Kitchen Stove top/Oven L 8' x W4' x H2' (1 throat) | E9: Dec | F9: Annual | G9: 1 | I9: =SUM(G9*H9) -> 0
B10: 204 | D10: TBD
A11: A006 | B11: 204 | C11: 1 | D11: TBD | E11: TBD | F11: TBD | G11: TBD
B12: 239 | D12: TBD
A13: A007 | B13: 239 | C13: 1 | D13: TBD | E13: TBD | F13: TBD | G13: TBD
A14: A008 | B14: 239 | C14: 2 | D14: TBD | E14: TBD | F14: TBD | G14: TBD
B15: 318 | D15: S. Bowling Lane
A16: A009 | B16: 318 | C16: 1 | D16: Fryer/Grill combo L 6' x W 4' x H 3' (1 throat) | E16: Jan/Apr/ Jul/Oct | F16: Every 3 months | G16: 4 | I16: =SUM(G16*H16) -> 0
D17: Lift Rental
B18: 740 | D18: MiniMall Food Court
A19: A010 | B19: 740 | C19: 1 | D19: Taco Bell Steamer L 3' x W 3' x H 1'4" (1 throat) | E19: Feb/May/ Aug/Nov | F19: Monthly | G19: 12 | I19: =SUM(G19*H19) -> 0
A20: A011 | B20: 740 | C20: 2 | D20: Panda Express L 21' x W 5' x H2' (1 Throat) | E20: Jan/Apr/ Jul/Oct | F20: Monthly | G20: 12 | I20: =SUM(G20*H20) -> 0
A21: A012 | B21: 740 | C21: 3 | D21: Panda Express L 21' x W 5' x H2' (1 Throat) | E21: Jan/Apr/ Jul/Oct | F21: Monthly | G21: 12 | I21: =SUM(G21*H21) -> 0
A22: A013 | B22: 740 | C22: 4 | D22: Popeye Chicken L 11' x W 2' x H 1' (1 throat) | E22: Jan through Dec | F22: Monthly | G22: 12 | I22: =SUM(G22*H22) -> 0
A23: A014 | B23: 740 | C23: 5 | D23: TBD | E23: TBD | F23: TBD | G23: TBD
B24: 805 | D24: Dining Hall
A25: A016 | B25: 805 | C25: 1 | D25: Serving Line Grill L 9 x W 5' x H 4' (1 throat) Water wash system | E25: Mar/Jun/ Sep/Dec | F25: Every 3 months | G25: 4 | I25: =SUM(G25*H25) -> 0
A26: A017 | B26: 805 | C26: 2 | D26: Serving Line Grill L 9 x W 5' x H 4' (1 throat) Water wash system | E26: Mar/Jun/ Sep/Dec | F26: Every 3 months | G26: 4 | I26: =SUM(G26*H26) -> 0
A27: A018 | B27: 805 | C27: 3 | D27: Serving Line Fryer/grill/B-B-Q combo L 10' x W 5' x H 4' (1 throat) Water wash system | E27: Jan through Dec | F27: monthly | G27: 12 | I27: =SUM(G27*H27) -> 0
A28: A019 | B28: 805 | C28: 4 | D28: Serving Line Fryer/grill/B-B-Q combo L 10' x W 5' x H 4' (1 throat) Water wash system | E28: Jan through Dec | F28: monthly | G28: 12 | I28: =SUM(G28*H28) -> 0
A29: A020 | B29: 805 | C29: 5 | D29: Kitchen Ovens/Till grill/Fryer L 26' x W 5' x H 4' (2 throats with 2 turbines) Water wash system | E29: Jan through Dec | F29: monthly | G29: 12 | I29: =SUM(G29*H29) -> 0
A30: A021 | B30: 805 | C30: 6 | D30: Kitchen Kettle pots L 20' x W 5' x H 4' (2 throats) Water wash system | E30: Jun/Dec | F30: Every 6 months | G30: 2 | I30: =SUM(G30*H30) -> 0
B31: 811 | D31: N. Bowling Lane
A32: A022 | B32: 811 | C32: 1 | D32: Grill/Fryer Combo L 10' x W 3' x H 2' (1 throat) | E32: Jan/Jul | F32: Every 6 months | G32: 2 | I32: =SUM(G32*H32) -> 0
B33: 1320 | D33: Dining Hall
A34: A023 | B34: 1320 | C34: 1 | D34: Serving Line Grill L 9 x W 5' x H 4' (1 throat) Water wash system | E34: Mar/Jun/ Sep/Dec | F34: Every 3 months | G34: 4 | I34: =SUM(G34*H34) -> 0
A35: A024 | B35: 1320 | C35: 2 | D35: Serving Line Grill L 9 x W 5' x H 4' (1 throat) Water wash system | E35: Mar/Jun/ Sep/Dec | F35: Every 3 months | G35: 4 | I35: =SUM(G35*H35) -> 0
A36: A025 | B36: 1320 | C36: 3 | D36: Serving Line Fryer/grill/B-B-Q combo L 10' x W 5' x H 4' (1 throat) Water wash system | E36: Jan through Dec | F36: monthly | G36: 12 | I36: =SUM(G36*H36) -> 0
A37: A026 | B37: 1320 | C37: 4 | D37: Serving Line Fryer/grill/B-B-Q combo L 10' x W 5' x H 4' (1 throat) Water wash system | E37: Jan through Dec | F37: monthly | G37: 12 | I37: =SUM(G37*H37) -> 0
A38: A027 | B38: 1320 | C38: 5 | D38: Kitchen Ovens/Till grill/Fryer L 26' x W 5' x H 4' (2 throats with 2 turbines) Water wash system | E38: Jan through Dec | F38: monthly | G38: 12 | I38: =SUM(G38*H38) -> 0
A39: A028 | B39: 1320 | C39: 6 | D39: Kitchen Kettle pots L 20' x W 5' x H 4' (2 throats) Water wash system | E39: Jun/Dec | F39: Every 6 months | G39: 2 | I39: =SUM(G39*H39) -> 0
B40: 1368 | D40: Dining Hall
A41: A029 | B41: 1368 | C41: 1 | D41: Serving Line Prep area/ Sandwhich L 11' x W 5' x H 2' (1 throat) Water wash system Double sided | E41: Feb/Aug | F41: Every 6 months | G41: 2 | I41: =SUM(G41*H41) -> 0
A42: A030 | B42: 1368 | C42: 2 | D42: Serving Line -Grill L 8' x W 5' x H 2' (1 throat) Water wash system Double sided | E42: Feb/May/ Aug/Nov | F42: Every 3 months | G42: 4 | I42: =SUM(G42*H42) -> 0
A43: A031 | B43: 1368 | C43: 3 | D43: Serving Line -Grill L 8' x W 5' x H 2' (1 throat) Water wash system Double sided | E43: Feb/May/ Aug/Nov | F43: Every 3 months | G43: 4 | I43: =SUM(G43*H43) -> 0
A44: A032 | B44: 1368 | C44: 4 | D44: Serving Line Fryer/Grill combo L 11' x W 5' x H 4' (1 throat) Water wash system Double sided | E44: Jan through Dec | F44: monthly | G44: 12 | I44: =SUM(G44*H44) -> 0
A45: A033 | B45: 1368 | C45: 5 | D45: Kitchen Till Grill L 9' x W 5' X H 3' (1 throat) Water wash system Double sided | E45: Feb/May/ Aug/Nov | F45: Every 3 months | G45: 4 | I45: =SUM(G45*H45) -> 0
A46: A034 | B46: 1368 | C46: 6 | D46: Kitchen Fryer L 6' x W 5' X H 3' (1 throat) Water wash system Double sided | E46: Jan through Dec | F46: monthly | G46: 12 | I46: =SUM(G46*H46) -> 0
A47: A035 | B47: 1368 | C47: 7 | D47: Kitchen Ovens L 9' x W 5' X H 3' (1 throat) Water wash system Double sided | E47: Feb/Aug | F47: Every 6 months | G47: 2 | I47: =SUM(G47*H47) -> 0
A48: A036 | B48: 1368 | C48: 8 | D48: Kitchen Steamer L 4' x W 5' X H 3' (1 throat) Water wash system Double sided | E48: Feb/Aug | F48: Every 6 months | G48: 2 | I48: =SUM(G48*H48) -> 0
A49: A037 | B49: 1368 | C49: 9 | D49: Kitchen Kettle pots L 11' x W 5' X H 3' (1 throat) Water wash system Double sided | E49: Feb/Aug | F49: Every 6 months | G49: 2 | I49: =SUM(G49*H49) -> 0
B50: 2320 | D50: Speed Brake Snack Bar
A51: A038 | B51: 2320 | C51: 1 | D51: TBD | E51: TBD | F51: TBD | G51: TBD
B52: 4490 | D52: SAFB Club
A53: A039 | B53: 4490 | C53: 1 | D53: Front Grill/Fryer Combo L 8' x W 50.5' x H 4' (1 throat) | E53: Jan/Apr/ Jul/Oct | F53: Every 3 months | G53: 4 | I53: =SUM(G53*H53) -> 0
D54: Lift Rental
B55: Texoma | D55: Lake Texoma Grill
A56: A040 | B56: ANNEX | C56: 1 | D56: Food Place L 8' 7" x W 4' 6" x H 1 (1 throat) | E56: May | F56: Annually | G56: 1 | I56: =SUM(G56*H56) -> 0
A58: A041 | C58: 1 | D58: Emergency Service | E58: TBD | F58: As required | G58: 1 | I58: =SUM(G58*H58) -> 0
B61: Ordering Period - FY27 TOTAL | G61: =SUM(G4:G60) -> 201 | I61: =SUM(I4:I60) -> 0
A63: 13 | B63: Buildings
A64: =COUNTIF(C1:C56, ">0") -> 39 | B64: Hoods
A65: 177 | B65: Cleaning

Sheet FY28
A1: FY28 Ordering Period 1 Oct 27 - 30 Sep 28
A2: Item # | B2: Bldg | C2: Hood label # | D2: Description | E2: months | F2: Frequency | G2: Annual # of Cleanings | H2: Unit Price | I2: Total cost
B3: 61 | D3: Food Service
A4: B001 | B4: 61 | C4: 1 | D4: Steam kettle area L 9' x W 6' x H 2' (2 throats) Self washing unit | E4: May | F4: Annual | G4: 1 | I4: =SUM(G4*H4) -> 0
A5: B002 | B5: 61 | C5: 2 | D5: Steam kettle area L 9' x W 6' x H 2' (2 throats) Self washing unit | E5: May | F5: Annual | G5: 1 | I5: =SUM(G5*H5) -> 0
A6: B003 | B6: 61 | C6: 3 | D6: Bakery (fryer - donuts) L 9' X W 5' X H 3' (2 throats) Self washing unit | E6: May | F6: Annual | G6: 1 | I6: =SUM(G6*H6) -> 0
A7: B004 | B7: 61 | C7: 4 | D7: Oven in Bakery L 4' x W 2'4" x H 2'5" (1 throat) | E7: May | F7: Annual | G7: 1 | I7: =SUM(G7*H7) -> 0
B8: 195 | D8: Child Dev Center
A9: B005 | B9: 195 | C9: 1 | D9: Kitchen Stove top/Oven L 8' x W4' x H2' (1 throat) | E9: Dec | F9: Annual | G9: 1 | I9: =SUM(G9*H9) -> 0
B10: 204 | D10: TBD
A11: B006 | B11: 204 | C11: 1 | D11: TBD | E11: TBD | F11: TBD | G11: TBD
B12: 239 | D12: TBD
A13: B007 | B13: 239 | C13: 1 | D13: TBD | E13: TBD | F13: TBD | G13: TBD
A14: B008 | B14: 239 | C14: 2 | D14: TBD | E14: TBD | F14: TBD | G14: TBD
B15: 318 | D15: S. Bowling Lane
A16: B009 | B16: 318 | C16: 1 | D16: Fryer/Grill combo L 6' x W 4' x H 3' (1 throat) | E16: Jan/Apr/ Jul/Oct | F16: Every 3 months | G16: 4 | I16: =SUM(G16*H16) -> 0
D17: Lift Rental
B18: 740 | D18: MiniMall Food Court
A19: B010 | B19: 740 | C19: 1 | D19: Taco Bell Steamer L 3' x W 3' x H 1'4" (1 throat) | E19: Feb/May/ Aug/Nov | F19: Every 3 months | G19: 4 | I19: =SUM(G19*H19) -> 0
A20: B011 | B20: 740 | C20: 2 | D20: Panda Express L 21' x W 5' x H2' (1 Throat) | E20: Jan/Apr/ Jul/Oct | F20: Every 3 Months | G20: 4 | I20: =SUM(G20*H20) -> 0
A21: B012 | B21: 740 | C21: 3 | D21: Panda Express L 21' x W 5' x H2' (1 Throat) | E21: Jan/Apr/ Jul/Oct | F21: Every 3 Months | G21: 4 | I21: =SUM(G21*H21) -> 0
A22: B013 | B22: 740 | C22: 4 | D22: Popeye Chicken L 11' x W 2' x H 1' (1 throat) | E22: Jan through Dec | F22: monthly | G22: 12 | I22: =SUM(G22*H22) -> 0
A23: B014 | B23: 740 | C23: 5 | D23: TBD | E23: TBD | F23: TBD | G23: TBD
B24: 805 | D24: Dining Hall
A25: B016 | B25: 805 | C25: 1 | D25: Serving Line Grill L 9 x W 5' x H 4' (1 throat) Water wash system | E25: Mar/Jun/ Sep/Dec | F25: Every 3 months | G25: 4 | I25: =SUM(G25*H25) -> 0
A26: B017 | B26: 805 | C26: 2 | D26: Serving Line Grill L 9 x W 5' x H 4' (1 throat) Water wash system | E26: Mar/Jun/ Sep/Dec | F26: Every 3 months | G26: 4 | I26: =SUM(G26*H26) -> 0
A27: B018 | B27: 805 | C27: 3 | D27: Serving Line Fryer/grill/B-B-Q combo L 10' x W 5' x H 4' (1 throat) Water wash system | E27: Jan through Dec | F27: monthly | G27: 12 | I27: =SUM(G27*H27) -> 0
A28: B019 | B28: 805 | C28: 4 | D28: Serving Line Fryer/grill/B-B-Q combo L 10' x W 5' x H 4' (1 throat) Water wash system | E28: Jan through Dec | F28: monthly | G28: 12 | I28: =SUM(G28*H28) -> 0
A29: B020 | B29: 805 | C29: 5 | D29: Kitchen Ovens/Till grill/Fryer L 26' x W 5' x H 4' (2 throats with 2 turbines) Water wash system | E29: Jan through Dec | F29: monthly | G29: 12 | I29: =SUM(G29*H29) -> 0
A30: B021 | B30: 805 | C30: 6 | D30: Kitchen Kettle pots L 20' x W 5' x H 4' (2 throats) Water wash system | E30: Jun/Dec | F30: Every 6 months | G30: 2 | I30: =SUM(G30*H30) -> 0
B31: 811 | D31: N. Bowling Lane
A32: B022 | B32: 811 | C32: 1 | D32: Grill/Fryer Combo L 10' x W 3' x H 2' (1 throat) | E32: Jan/Jul | F32: Every 6 months | G32: 2 | I32: =SUM(G32*H32) -> 0
B33: 1320 | D33: Dining Hall
A34: B023 | B34: 1320 | C34: 1 | D34: Serving Line Grill L 9 x W 5' x H 4' (1 throat) Water wash system | E34: Mar/Jun/ Sep/Dec | F34: Every 3 months | G34: 4 | I34: =SUM(G34*H34) -> 0
A35: B024 | B35: 1320 | C35: 2 | D35: Serving Line Grill L 9 x W 5' x H 4' (1 throat) Water wash system | E35: Mar/Jun/ Sep/Dec | F35: Every 3 months | G35: 4 | I35: =SUM(G35*H35) -> 0
A36: B025 | B36: 1320 | C36: 3 | D36: Serving Line Fryer/grill/B-B-Q combo L 10' x W 5' x H 4' (1 throat) Water wash system | E36: Jan through Dec | F36: monthly | G36: 12 | I36: =SUM(G36*H36) -> 0
A37: B026 | B37: 1320 | C37: 4 | D37: Serving Line Fryer/grill/B-B-Q combo L 10' x W 5' x H 4' (1 throat) Water wash system | E37: Jan through Dec | F37: monthly | G37: 12 | I37: =SUM(G37*H37) -> 0
A38: B027 | B38: 1320 | C38: 5 | D38: Kitchen Ovens/Till grill/Fryer L 26' x W 5' x H 4' (2 throats with 2 turbines) Water wash system | E38: Jan through Dec | F38: monthly | G38: 12 | I38: =SUM(G38*H38) -> 0
A39: B028 | B39: 1320 | C39: 6 | D39: Kitchen Kettle pots L 20' x W 5' x H 4' (2 throats) Water wash system | E39: Jun/Dec | F39: Every 6 months | G39: 2 | I39: =SUM(G39*H39) -> 0
B40: 1368 | D40: Dining Hall
A41: B029 | B41: 1368 | C41: 1 | D41: Serving Line Prep area/ Sandwhich L 11' x W 5' x H 2' (1 throat) Water wash system Double sided | E41: Feb/Aug | F41: Every 6 months | G41: 2 | I41: =SUM(G41*H41) -> 0
A42: B030 | B42: 1368 | C42: 2 | D42: Serving Line -Grill L 8' x W 5' x H 2' (1 throat) Water wash system Double sided | E42: Feb/May/ Aug/Nov | F42: Every 3 months | G42: 4 | I42: =SUM(G42*H42) -> 0
A43: B031 | B43: 1368 | C43: 3 | D43: Serving Line -Grill L 8' x W 5' x H 2' (1 throat) Water wash system Double sided | E43: Feb/May/ Aug/Nov | F43: Every 3 months | G43: 4 | I43: =SUM(G43*H43) -> 0
A44: B032 | B44: 1368 | C44: 4 | D44: Serving Line Fryer/Grill combo L 11' x W 5' x H 4' (1 throat) Water wash system Double sided | E44: Jan through Dec | F44: monthly | G44: 12 | I44: =SUM(G44*H44) -> 0
A45: B033 | B45: 1368 | C45: 5 | D45: Kitchen Till Grill L 9' x W 5' X H 3' (1 throat) Water wash system Double sided | E45: Feb/May/ Aug/Nov | F45: Every 3 months | G45: 4 | I45: =SUM(G45*H45) -> 0
A46: B034 | B46: 1368 | C46: 6 | D46: Kitchen Fryer L 6' x W 5' X H 3' (1 throat) Water wash system Double sided | E46: Jan through Dec | F46: monthly | G46: 12 | I46: =SUM(G46*H46) -> 0
A47: B035 | B47: 1368 | C47: 7 | D47: Kitchen Ovens L 9' x W 5' X H 3' (1 throat) Water wash system Double sided | E47: Feb/Aug | F47: Every 6 months | G47: 2 | I47: =SUM(G47*H47) -> 0
A48: B036 | B48: 1368 | C48: 8 | D48: Kitchen Steamer L 4' x W 5' X H 3' (1 throat) Water wash system Double sided | E48: Feb/Aug | F48: Every 6 months | G48: 2 | I48: =SUM(G48*H48) -> 0
A49: B037 | B49: 1368 | C49: 9 | D49: Kitchen Kettle pots L 11' x W 5' X H 3' (1 throat) Water wash system Double sided | E49: Feb/Aug | F49: Every 6 months | G49: 2 | I49: =SUM(G49*H49) -> 0
B50: 2320 | D50: Speed Brake Snack Bar
A51: B038 | B51: 2320 | C51: 1 | D51: TBD | E51: TBD | F51: TBD | G51: TBD
B52: 4490 | D52: SAFB Club
A53: B039 | B53: 4490 | C53: 1 | D53: Front Grill/Fryer Combo L 8' x W 50.5' x H 4' (1 throat) | E53: Jan/Apr/ Jul/Oct | F53: Every 3 months | G53: 4 | I53: =SUM(G53*H53) -> 0
D54: Lift Rental
B55: Texoma | D55: Lake Texoma Grill
A56: B040 | B56: ANNEX | C56: 1 | D56: Food Place L 8' 7" x W 4' 6" x H 1 (1 throat) | E56: May | F56: Annually | G56: 1 | I56: =SUM(G56*H56) -> 0
A58: B041 | C58: 1 | D58: Emergency Service | E58: TBD | F58: As required | G58: 1 | I58: =SUM(G58*H58) -> 0
B61: Ordering Period - FY28 TOTAL | G61: =SUM(G4:G60) -> 177 | I61: =SUM(I4:I60) -> 0
A63: 13 | B63: Buildings
A64: =COUNTIF(C1:C56, ">0") -> 39 | B64: Hoods
A65: 177 | B65: Cleaning

Sheet FY29
A1: FY29 Ordering Period 1 Oct 28 - 30 Sep 29
A2: Item # | B2: Bldg | C2: Hood label # | D2: Description | E2: months | F2: Frequency | G2: Annual # of Cleanings | H2: Unit Price | I2: Total cost
B3: 61 | D3: Food Service
A4: C001 | B4: 61 | C4: 1 | D4: Steam kettle area L 9' x W 6' x H 2' (2 throats) Self washing unit | E4: May | F4: Annual | G4: 1 | I4: =SUM(G4*H4) -> 0
A5: C002 | B5: 61 | C5: 2 | D5: Steam kettle area L 9' x W 6' x H 2' (2 throats) Self washing unit | E5: May | F5: Annual | G5: 1 | I5: =SUM(G5*H5) -> 0
A6: C003 | B6: 61 | C6: 3 | D6: Bakery (fryer - donuts) L 9' X W 5' X H 3' (2 throats) Self washing unit | E6: May | F6: Annual | G6: 1 | I6: =SUM(G6*H6) -> 0
A7: C004 | B7: 61 | C7: 4 | D7: Oven in Bakery L 4' x W 2'4" x H 2'5" (1 throat) | E7: May | F7: Annual | G7: 1 | I7: =SUM(G7*H7) -> 0
B8: 195 | D8: Child Dev Center
A9: C005 | B9: 195 | C9: 1 | D9: Kitchen Stove top/Oven L 8' x W4' x H2' (1 throat) | E9: Dec | F9: Annual | G9: 1 | I9: =SUM(G9*H9) -> 0
B10: 204 | D10: TBD
A11: C006 | B11: 204 | C11: 1 | D11: TBD | E11: TBD | F11: TBD | G11: TBD
B12: 239 | D12: TBD
A13: C007 | B13: 239 | C13: 1 | D13: TBD | E13: TBD | F13: TBD | G13: TBD
A14: C008 | B14: 239 | C14: 2 | D14: TBD | E14: TBD | F14: TBD | G14: TBD
B15: 318 | D15: S. Bowling Lane
A16: C009 | B16: 318 | C16: 1 | D16: Fryer/Grill combo L 6' x W 4' x H 3' (1 throat) | E16: Jan/Apr/ Jul/Oct | F16: Every 3 months | G16: 4 | I16: =SUM(G16*H16) -> 0
D17: Lift Rental
B18: 740 | D18: MiniMall Food Court
A19: C010 | B19: 740 | C19: 1 | D19: Taco Bell Steamer L 3' x W 3' x H 1'4" (1 throat) | E19: Feb/May/ Aug/Nov | F19: Every 3 months | G19: 4 | I19: =SUM(G19*H19) -> 0
A20: C011 | B20: 740 | C20: 2 | D20: Panda Express L 21' x W 5' x H2' (1 Throat) | E20: Jan/Apr/ Jul/Oct | F20: Every 3 Months | G20: 4 | I20: =SUM(G20*H20) -> 0
A21: C012 | B21: 740 | C21: 3 | D21: Panda Express L 21' x W 5' x H2' (1 Throat) | E21: Jan/Apr/ Jul/Oct | F21: Every 3 Months | G21: 4 | I21: =SUM(G21*H21) -> 0
A22: C013 | B22: 740 | C22: 4 | D22: Popeye Chicken L 11' x W 2' x H 1' (1 throat) | E22: Jan through Dec | F22: monthly | G22: 12 | I22: =SUM(G22*H22) -> 0
A23: C014 | B23: 740 | C23: 5 | D23: TBD | E23: TBD | F23: TBD | G23: TBD
B24: 805 | D24: Dining Hall
A25: C016 | B25: 805 | C25: 1 | D25: Serving Line Grill L 9 x W 5' x H 4' (1 throat) Water wash system | E25: Mar/Jun/ Sep/Dec | F25: Every 3 months | G25: 4 | I25: =SUM(G25*H25) -> 0
A26: C017 | B26: 805 | C26: 2 | D26: Serving Line Grill L 9 x W 5' x H 4' (1 throat) Water wash system | E26: Mar/Jun/ Sep/Dec | F26: Every 3 months | G26: 4 | I26: =SUM(G26*H26) -> 0
A27: C018 | B27: 805 | C27: 3 | D27: Serving Line Fryer/grill/B-B-Q combo L 10' x W 5' x H 4' (1 throat) Water wash system | E27: Jan through Dec | F27: monthly | G27: 12 | I27: =SUM(G27*H27) -> 0
A28: C019 | B28: 805 | C28: 4 | D28: Serving Line Fryer/grill/B-B-Q combo L 10' x W 5' x H 4' (1 throat) Water wash system | E28: Jan through Dec | F28: monthly | G28: 12 | I28: =SUM(G28*H28) -> 0
A29: C020 | B29: 805 | C29: 5 | D29: Kitchen Ovens/Till grill/Fryer L 26' x W 5' x H 4' (2 throats with 2 turbines) Water wash system | E29: Jan through Dec | F29: monthly | G29: 12 | I29: =SUM(G29*H29) -> 0
A30: C021 | B30: 805 | C30: 6 | D30: Kitchen Kettle pots L 20' x W 5' x H 4' (2 throats) Water wash system | E30: Jun/Dec | F30: Every 6 months | G30: 2 | I30: =SUM(G30*H30) -> 0
B31: 811 | D31: N. Bowling Lane
A32: C022 | B32: 811 | C32: 1 | D32: Grill/Fryer Combo L 10' x W 3' x H 2' (1 throat) | E32: Jan/Jul | F32: Every 6 months | G32: 2 | I32: =SUM(G32*H32) -> 0
B33: 1320 | D33: Dining Hall
A34: C023 | B34: 1320 | C34: 1 | D34: Serving Line Grill L 9 x W 5' x H 4' (1 throat) Water wash system | E34: Mar/Jun/ Sep/Dec | F34: Every 3 months | G34: 4 | I34: =SUM(G34*H34) -> 0
A35: C024 | B35: 1320 | C35: 2 | D35: Serving Line Grill L 9 x W 5' x H 4' (1 throat) Water wash system | E35: Mar/Jun/ Sep/Dec | F35: Every 3 months | G35: 4 | I35: =SUM(G35*H35) -> 0
A36: C025 | B36: 1320 | C36: 3 | D36: Serving Line Fryer/grill/B-B-Q combo L 10' x W 5' x H 4' (1 throat) Water wash system | E36: Jan through Dec | F36: monthly | G36: 12 | I36: =SUM(G36*H36) -> 0
A37: C026 | B37: 1320 | C37: 4 | D37: Serving Line Fryer/grill/B-B-Q combo L 10' x W 5' x H 4' (1 throat) Water wash system | E37: Jan through Dec | F37: monthly | G37: 12 | I37: =SUM(G37*H37) -> 0
A38: C027 | B38: 1320 | C38: 5 | D38: Kitchen Ovens/Till grill/Fryer L 26' x W 5' x H 4' (2 throats with 2 turbines) Water wash system | E38: Jan through Dec | F38: monthly | G38: 12 | I38: =SUM(G38*H38) -> 0
A39: C028 | B39: 1320 | C39: 6 | D39: Kitchen Kettle pots L 20' x W 5' x H 4' (2 throats) Water wash system | E39: Jun/Dec | F39: Every 6 months | G39: 2 | I39: =SUM(G39*H39) -> 0
B40: 1368 | D40: Dining Hall
A41: C029 | B41: 1368 | C41: 1 | D41: Serving Line Prep area/ Sandwhich L 11' x W 5' x H 2' (1 throat) Water wash system Double sided | E41: Feb/Aug | F41: Every 6 months | G41: 2 | I41: =SUM(G41*H41) -> 0
A42: C030 | B42: 1368 | C42: 2 | D42: Serving Line -Grill L 8' x W 5' x H 2' (1 throat) Water wash system Double sided | E42: Feb/May/ Aug/Nov | F42: Every 3 months | G42: 4 | I42: =SUM(G42*H42) -> 0
A43: C031 | B43: 1368 | C43: 3 | D43: Serving Line -Grill L 8' x W 5' x H 2' (1 throat) Water wash system Double sided | E43: Feb/May/ Aug/Nov | F43: Every 3 months | G43: 4 | I43: =SUM(G43*H43) -> 0
A44: C032 | B44: 1368 | C44: 4 | D44: Serving Line Fryer/Grill combo L 11' x W 5' x H 4' (1 throat) Water wash system Double sided | E44: Jan through Dec | F44: monthly | G44: 12 | I44: =SUM(G44*H44) -> 0
A45: C033 | B45: 1368 | C45: 5 | D45: Kitchen Till Grill L 9' x W 5' X H 3' (1 throat) Water wash system Double sided | E45: Feb/May/ Aug/Nov | F45: Every 3 months | G45: 4 | I45: =SUM(G45*H45) -> 0
A46: C034 | B46: 1368 | C46: 6 | D46: Kitchen Fryer L 6' x W 5' X H 3' (1 throat) Water wash system Double sided | E46: Jan through Dec | F46: monthly | G46: 12 | I46: =SUM(G46*H46) -> 0
A47: C035 | B47: 1368 | C47: 7 | D47: Kitchen Ovens L 9' x W 5' X H 3' (1 throat) Water wash system Double sided | E47: Feb/Aug | F47: Every 6 months | G47: 2 | I47: =SUM(G47*H47) -> 0
A48: C036 | B48: 1368 | C48: 8 | D48: Kitchen Steamer L 4' x W 5' X H 3' (1 throat) Water wash system Double sided | E48: Feb/Aug | F48: Every 6 months | G48: 2 | I48: =SUM(G48*H48) -> 0
A49: C037 | B49: 1368 | C49: 9 | D49: Kitchen Kettle pots L 11' x W 5' X H 3' (1 throat) Water wash system Double sided | E49: Feb/Aug | F49: Every 6 months | G49: 2 | I49: =SUM(G49*H49) -> 0
B50: 2320 | D50: Speed Brake Snack Bar
A51: C038 | B51: 2320 | C51: 1 | D51: TBD | E51: TBD | F51: TBD | G51: TBD
B52: 4490 | D52: SAFB Club
A53: C039 | B53: 4490 | C53: 1 | D53: Front Grill/Fryer Combo L 8' x W 50.5' x H 4' (1 throat) | E53: Jan/Apr/ Jul/Oct | F53: Every 3 months | G53: 4 | I53: =SUM(G53*H53) -> 0
D54: Lift Rental
B55: Texoma | D55: Lake Texoma Grill
A56: C040 | B56: ANNEX | C56: 1 | D56: Food Place L 8' 7" x W 4' 6" x H 1 (1 throat) | E56: May | F56: Annually | G56: 1 | I56: =SUM(G56*H56) -> 0
A58: C041 | C58: 1 | D58: Emergency Service | E58: TBD | F58: As required | G58: 1 | I58: =SUM(G58*H58) -> 0
B61: Ordering Period - FY29 TOTAL | G61: =SUM(G4:G60) -> 177 | I61: =SUM(I4:I60) -> 0
A63: 13 | B63: Buildings
A64: =COUNTIF(C1:C56, ">0") -> 39 | B64: Hoods
A65: 177 | B65: Cleaning

Sheet FY30
A1: FY30 Ordering Period 1 Oct 29 - 30 Sep 30
A2: Item # | B2: Bldg | C2: Hood label # | D2: Description | E2: months | F2: Frequency | G2: Annual # of Cleanings | H2: Unit Price | I2: Total cost
B3: 61 | D3: Food Service
A4: D001 | B4: 61 | C4: 1 | D4: Steam kettle area L 9' x W 6' x H 2' (2 throats) Self washing unit | E4: May | F4: Annual | G4: 1 | I4: =SUM(G4*H4) -> 0
A5: D002 | B5: 61 | C5: 2 | D5: Steam kettle area L 9' x W 6' x H 2' (2 throats) Self washing unit | E5: May | F5: Annual | G5: 1 | I5: =SUM(G5*H5) -> 0
A6: D003 | B6: 61 | C6: 3 | D6: Bakery (fryer - donuts) L 9' X W 5' X H 3' (2 throats) Self washing unit | E6: May | F6: Annual | G6: 1 | I6: =SUM(G6*H6) -> 0
A7: D004 | B7: 61 | C7: 4 | D7: Oven in Bakery L 4' x W 2'4" x H 2'5" (1 throat) | E7: May | F7: Annual | G7: 1 | I7: =SUM(G7*H7) -> 0
B8: 195 | D8: Child Dev Center
A9: D005 | B9: 195 | C9: 1 | D9: Kitchen Stove top/Oven L 8' x W4' x H2' (1 throat) | E9: Dec | F9: Annual | G9: 1 | I9: =SUM(G9*H9) -> 0
B10: 204 | D10: TBD
A11: D006 | B11: 204 | C11: 1 | D11: TBD | E11: TBD | F11: TBD | G11: TBD
B12: 239 | D12: TBD
A13: D007 | B13: 239 | C13: 1 | D13: TBD | E13: TBD | F13: TBD | G13: TBD
A14: D008 | B14: 239 | C14: 2 | D14: TBD | E14: TBD | F14: TBD | G14: TBD
B15: 318 | D15: S. Bowling Lane
A16: D009 | B16: 318 | C16: 1 | D16: Fryer/Grill combo L 6' x W 4' x H 3' (1 throat) | E16: Jan/Apr/ Jul/Oct | F16: Every 3 months | G16: 4 | I16: =SUM(G16*H16) -> 0
D17: Lift Rental
B18: 740 | D18: MiniMall Food Court
A19: D010 | B19: 740 | C19: 1 | D19: Taco Bell Steamer L 3' x W 3' x H 1'4" (1 throat) | E19: Feb/May/ Aug/Nov | F19: Every 3 months | G19: 4 | I19: =SUM(G19*H19) -> 0
A20: D011 | B20: 740 | C20: 2 | D20: Panda Express L 21' x W 5' x H2' (1 Throat) | E20: Jan/Apr/ Jul/Oct | F20: Every 3 Months | G20: 4 | I20: =SUM(G20*H20) -> 0
A21: D012 | B21: 740 | C21: 3 | D21: Panda Express L 21' x W 5' x H2' (1 Throat) | E21: Jan/Apr/ Jul/Oct | F21: Every 3 Months | G21: 4 | I21: =SUM(G21*H21) -> 0
A22: D013 | B22: 740 | C22: 4 | D22: Popeye Chicken L 11' x W 2' x H 1' (1 throat) | E22: Jan through Dec | F22: monthly | G22: 12 | I22: =SUM(G22*H22) -> 0
A23: D014 | B23: 740 | C23: 5 | D23: TBD | E23: TBD | F23: TBD | G23: TBD
B24: 805 | D24: Dining Hall
A25: D016 | B25: 805 | C25: 1 | D25: Serving Line Grill L 9 x W 5' x H 4' (1 throat) Water wash system | E25: Mar/Jun/ Sep/Dec | F25: Every 3 months | G25: 4 | I25: =SUM(G25*H25) -> 0
A26: D017 | B26: 805 | C26: 2 | D26: Serving Line Grill L 9 x W 5' x H 4' (1 throat) Water wash system | E26: Mar/Jun/ Sep/Dec | F26: Every 3 months | G26: 4 | I26: =SUM(G26*H26) -> 0
A27: D018 | B27: 805 | C27: 3 | D27: Serving Line Fryer/grill/B-B-Q combo L 10' x W 5' x H 4' (1 throat) Water wash system | E27: Jan through Dec | F27: monthly | G27: 12 | I27: =SUM(G27*H27) -> 0
A28: D019 | B28: 805 | C28: 4 | D28: Serving Line Fryer/grill/B-B-Q combo L 10' x W 5' x H 4' (1 throat) Water wash system | E28: Jan through Dec | F28: monthly | G28: 12 | I28: =SUM(G28*H28) -> 0
A29: D020 | B29: 805 | C29: 5 | D29: Kitchen Ovens/Till grill/Fryer L 26' x W 5' x H 4' (2 throats with 2 turbines) Water wash system | E29: Jan through Dec | F29: monthly | G29: 12 | I29: =SUM(G29*H29) -> 0
A30: D021 | B30: 805 | C30: 6 | D30: Kitchen Kettle pots L 20' x W 5' x H 4' (2 throats) Water wash system | E30: Jun/Dec | F30: Every 6 months | G30: 2 | I30: =SUM(G30*H30) -> 0
B31: 811 | D31: N. Bowling Lane
A32: D022 | B32: 811 | C32: 1 | D32: Grill/Fryer Combo L 10' x W 3' x H 2' (1 throat) | E32: Jan/Jul | F32: Every 6 months | G32: 2 | I32: =SUM(G32*H32) -> 0
B33: 1320 | D33: Dining Hall
A34: D023 | B34: 1320 | C34: 1 | D34: Serving Line Grill L 9 x W 5' x H 4' (1 throat) Water wash system | E34: Mar/Jun/ Sep/Dec | F34: Every 3 months | G34: 4 | I34: =SUM(G34*H34) -> 0
A35: D024 | B35: 1320 | C35: 2 | D35: Serving Line Grill L 9 x W 5' x H 4' (1 throat) Water wash system | E35: Mar/Jun/ Sep/Dec | F35: Every 3 months | G35: 4 | I35: =SUM(G35*H35) -> 0
A36: D025 | B36: 1320 | C36: 3 | D36: Serving Line Fryer/grill/B-B-Q combo L 10' x W 5' x H 4' (1 throat) Water wash system | E36: Jan through Dec | F36: monthly | G36: 12 | I36: =SUM(G36*H36) -> 0
A37: D026 | B37: 1320 | C37: 4 | D37: Serving Line Fryer/grill/B-B-Q combo L 10' x W 5' x H 4' (1 throat) Water wash system | E37: Jan through Dec | F37: monthly | G37: 12 | I37: =SUM(G37*H37) -> 0
A38: D027 | B38: 1320 | C38: 5 | D38: Kitchen Ovens/Till grill/Fryer L 26' x W 5' x H 4' (2 throats with 2 turbines) Water wash system | E38: Jan through Dec | F38: monthly | G38: 12 | I38: =SUM(G38*H38) -> 0
A39: D028 | B39: 1320 | C39: 6 | D39: Kitchen Kettle pots L 20' x W 5' x H 4' (2 throats) Water wash system | E39: Jun/Dec | F39: Every 6 months | G39: 2 | I39: =SUM(G39*H39) -> 0
B40: 1368 | D40: Dining Hall
A41: D029 | B41: 1368 | C41: 1 | D41: Serving Line Prep area/ Sandwhich L 11' x W 5' x H 2' (1 throat) Water wash system Double sided | E41: Feb/Aug | F41: Every 6 months | G41: 2 | I41: =SUM(G41*H41) -> 0
A42: D030 | B42: 1368 | C42: 2 | D42: Serving Line -Grill L 8' x W 5' x H 2' (1 throat) Water wash system Double sided | E42: Feb/May/ Aug/Nov | F42: Every 3 months | G42: 4 | I42: =SUM(G42*H42) -> 0
A43: D031 | B43: 1368 | C43: 3 | D43: Serving Line -Grill L 8' x W 5' x H 2' (1 throat) Water wash system Double sided | E43: Feb/May/ Aug/Nov | F43: Every 3 months | G43: 4 | I43: =SUM(G43*H43) -> 0
A44: D032 | B44: 1368 | C44: 4 | D44: Serving Line Fryer/Grill combo L 11' x W 5' x H 4' (1 throat) Water wash system Double sided | E44: Jan through Dec | F44: monthly | G44: 12 | I44: =SUM(G44*H44) -> 0
A45: D033 | B45: 1368 | C45: 5 | D45: Kitchen Till Grill L 9' x W 5' X H 3' (1 throat) Water wash system Double sided | E45: Feb/May/ Aug/Nov | F45: Every 3 months | G45: 4 | I45: =SUM(G45*H45) -> 0
A46: D034 | B46: 1368 | C46: 6 | D46: Kitchen Fryer L 6' x W 5' X H 3' (1 throat) Water wash system Double sided | E46: Jan through Dec | F46: monthly | G46: 12 | I46: =SUM(G46*H46) -> 0
A47: D035 | B47: 1368 | C47: 7 | D47: Kitchen Ovens L 9' x W 5' X H 3' (1 throat) Water wash system Double sided | E47: Feb/Aug | F47: Every 6 months | G47: 2 | I47: =SUM(G47*H47) -> 0
A48: D036 | B48: 1368 | C48: 8 | D48: Kitchen Steamer L 4' x W 5' X H 3' (1 throat) Water wash system Double sided | E48: Feb/Aug | F48: Every 6 months | G48: 2 | I48: =SUM(G48*H48) -> 0
A49: D037 | B49: 1368 | C49: 9 | D49: Kitchen Kettle pots L 11' x W 5' X H 3' (1 throat) Water wash system Double sided | E49: Feb/Aug | F49: Every 6 months | G49: 2 | I49: =SUM(G49*H49) -> 0
B50: 2320 | D50: Speed Brake Snack Bar
A51: D038 | B51: 2320 | C51: 1 | D51: TBD | E51: TBD | F51: TBD | G51: TBD
B52: 4490 | D52: SAFB Club
A53: D039 | B53: 4490 | C53: 1 | D53: Front Grill/Fryer Combo L 8' x W 50.5' x H 4' (1 throat) | E53: Jan/Apr/ Jul/Oct | F53: Every 3 months | G53: 4 | I53: =SUM(G53*H53) -> 0
D54: Lift Rental
B55: Texoma | D55: Lake Texoma Grill
A56: D040 | B56: ANNEX | C56: 1 | D56: Food Place L 8' 7" x W 4' 6" x H 1 (1 throat) | E56: May | F56: Annually | G56: 1 | I56: =SUM(G56*H56) -> 0
A58: D041 | C58: 1 | D58: Emergency Service | E58: TBD | F58: As required | G58: 1 | I58: =SUM(G58*H58) -> 0
B61: Ordering Period - FY30 TOTAL | G61: =SUM(G4:G60) -> 177 | I61: =SUM(I4:I60) -> 0
A63: 13 | B63: Buildings
A64: =COUNTIF(C1:C56, ">0") -> 39 | B64: Hoods
A65: 177 | B65: Cleaning

Sheet FY31
A1: FY31 Ordering Period 1 Oct 30 - 30 Sep 31
A2: Item # | B2: Bldg | C2: Hood label # | D2: Description | E2: months | F2: Frequency | G2: Annual # of Cleanings | H2: Unit Price | I2: Total cost
B3: 61 | D3: Food Service
A4: E001 | B4: 61 | C4: 1 | D4: Steam kettle area L 9' x W 6' x H 2' (2 throats) Self washing unit | E4: May | F4: Annual | G4: 1 | I4: =SUM(G4*H4) -> 0
A5: E002 | B5: 61 | C5: 2 | D5: Steam kettle area L 9' x W 6' x H 2' (2 throats) Self washing unit | E5: May | F5: Annual | G5: 1 | I5: =SUM(G5*H5) -> 0
A6: E003 | B6: 61 | C6: 3 | D6: Bakery (fryer - donuts) L 9' X W 5' X H 3' (2 throats) Self washing unit | E6: May | F6: Annual | G6: 1 | I6: =SUM(G6*H6) -> 0
A7: E004 | B7: 61 | C7: 4 | D7: Oven in Bakery L 4' x W 2'4" x H 2'5" (1 throat) | E7: May | F7: Annual | G7: 1 | I7: =SUM(G7*H7) -> 0
B8: 195 | D8: Child Dev Center
A9: E005 | B9: 195 | C9: 1 | D9: Kitchen Stove top/Oven L 8' x W4' x H2' (1 throat) | E9: Dec | F9: Annual | G9: 1 | I9: =SUM(G9*H9) -> 0
B10: 204 | D10: TBD
A11: E006 | B11: 204 | C11: 1 | D11: TBD | E11: TBD | F11: TBD | G11: TBD
B12: 239 | D12: TBD
A13: E007 | B13: 239 | C13: 1 | D13: TBD | E13: TBD | F13: TBD | G13: TBD
A14: E008 | B14: 239 | C14: 2 | D14: TBD | E14: TBD | F14: TBD | G14: TBD
B15: 318 | D15: S. Bowling Lane
A16: E009 | B16: 318 | C16: 1 | D16: Fryer/Grill combo L 6' x W 4' x H 3' (1 throat) | E16: Jan/Apr/ Jul/Oct | F16: Every 3 months | G16: 4 | I16: =SUM(G16*H16) -> 0
D17: Lift Rental
B18: 740 | D18: MiniMall Food Court
A19: E010 | B19: 740 | C19: 1 | D19: Taco Bell Steamer L 3' x W 3' x H 1'4" (1 throat) | E19: Feb/May/ Aug/Nov | F19: Every 3 months | G19: 4 | I19: =SUM(G19*H19) -> 0
A20: E011 | B20: 740 | C20: 2 | D20: Panda Express L 21' x W 5' x H2' (1 Throat) | E20: Jan/Apr/ Jul/Oct | F20: Every 3 Months | G20: 4 | I20: =SUM(G20*H20) -> 0
A21: E012 | B21: 740 | C21: 3 | D21: Panda Express L 21' x W 5' x H2' (1 Throat) | E21: Jan/Apr/ Jul/Oct | F21: Every 3 Months | G21: 4 | I21: =SUM(G21*H21) -> 0
A22: E013 | B22: 740 | C22: 4 | D22: Popeye Chicken L 11' x W 2' x H 1' (1 throat) | E22: Jan through Dec | F22: monthly | G22: 12 | I22: =SUM(G22*H22) -> 0
A23: E014 | B23: 740 | C23: 5 | D23: TBD | E23: TBD | F23: TBD | G23: TBD
B24: 805 | D24: Dining Hall
A25: E016 | B25: 805 | C25: 1 | D25: Serving Line Grill L 9 x W 5' x H 4' (1 throat) Water wash system | E25: Mar/Jun/ Sep/Dec | F25: Every 3 months | G25: 4 | I25: =SUM(G25*H25) -> 0
A26: E017 | B26: 805 | C26: 2 | D26: Serving Line Grill L 9 x W 5' x H 4' (1 throat) Water wash system | E26: Mar/Jun/ Sep/Dec | F26: Every 3 months | G26: 4 | I26: =SUM(G26*H26) -> 0
A27: E018 | B27: 805 | C27: 3 | D27: Serving Line Fryer/grill/B-B-Q combo L 10' x W 5' x H 4' (1 throat) Water wash system | E27: Jan through Dec | F27: monthly | G27: 12 | I27: =SUM(G27*H27) -> 0
A28: E019 | B28: 805 | C28: 4 | D28: Serving Line Fryer/grill/B-B-Q combo L 10' x W 5' x H 4' (1 throat) Water wash system | E28: Jan through Dec | F28: monthly | G28: 12 | I28: =SUM(G28*H28) -> 0
A29: E020 | B29: 805 | C29: 5 | D29: Kitchen Ovens/Till grill/Fryer L 26' x W 5' x H 4' (2 throats with 2 turbines) Water wash system | E29: Jan through Dec | F29: monthly | G29: 12 | I29: =SUM(G29*H29) -> 0
A30: E021 | B30: 805 | C30: 6 | D30: Kitchen Kettle pots L 20' x W 5' x H 4' (2 throats) Water wash system | E30: Jun/Dec | F30: Every 6 months | G30: 2 | I30: =SUM(G30*H30) -> 0
B31: 811 | D31: N. Bowling Lane
A32: E022 | B32: 811 | C32: 1 | D32: Grill/Fryer Combo L 10' x W 3' x H 2' (1 throat) | E32: Jan/Jul | F32: Every 6 months | G32: 2 | I32: =SUM(G32*H32) -> 0
B33: 1320 | D33: Dining Hall
A34: E023 | B34: 1320 | C34: 1 | D34: Serving Line Grill L 9 x W 5' x H 4' (1 throat) Water wash system | E34: Mar/Jun/ Sep/Dec | F34: Every 3 months | G34: 4 | I34: =SUM(G34*H34) -> 0
A35: E024 | B35: 1320 | C35: 2 | D35: Serving Line Grill L 9 x W 5' x H 4' (1 throat) Water wash system | E35: Mar/Jun/ Sep/Dec | F35: Every 3 months | G35: 4 | I35: =SUM(G35*H35) -> 0
A36: E025 | B36: 1320 | C36: 3 | D36: Serving Line Fryer/grill/B-B-Q combo L 10' x W 5' x H 4' (1 throat) Water wash system | E36: Jan through Dec | F36: monthly | G36: 12 | I36: =SUM(G36*H36) -> 0
A37: E026 | B37: 1320 | C37: 4 | D37: Serving Line Fryer/grill/B-B-Q combo L 10' x W 5' x H 4' (1 throat) Water wash system | E37: Jan through Dec | F37: monthly | G37: 12 | I37: =SUM(G37*H37) -> 0
A38: E027 | B38: 1320 | C38: 5 | D38: Kitchen Ovens/Till grill/Fryer L 26' x W 5' x H 4' (2 throats with 2 turbines) Water wash system | E38: Jan through Dec | F38: monthly | G38: 12 | I38: =SUM(G38*H38) -> 0
A39: E028 | B39: 1320 | C39: 6 | D39: Kitchen Kettle pots L 20' x W 5' x H 4' (2 throats) Water wash system | E39: Jun/Dec | F39: Every 6 months | G39: 2 | I39: =SUM(G39*H39) -> 0
B40: 1368 | D40: Dining Hall
A41: E029 | B41: 1368 | C41: 1 | D41: Serving Line Prep area/ Sandwhich L 11' x W 5' x H 2' (1 throat) Water wash system Double sided | E41: Feb/Aug | F41: Every 6 months | G41: 2 | I41: =SUM(G41*H41) -> 0
A42: E030 | B42: 1368 | C42: 2 | D42: Serving Line -Grill L 8' x W 5' x H 2' (1 throat) Water wash system Double sided | E42: Feb/May/ Aug/Nov | F42: Every 3 months | G42: 4 | I42: =SUM(G42*H42) -> 0
A43: E031 | B43: 1368 | C43: 3 | D43: Serving Line -Grill L 8' x W 5' x H 2' (1 throat) Water wash system Double sided | E43: Feb/May/ Aug/Nov | F43: Every 3 months | G43: 4 | I43: =SUM(G43*H43) -> 0
A44: E032 | B44: 1368 | C44: 4 | D44: Serving Line Fryer/Grill combo L 11' x W 5' x H 4' (1 throat) Water wash system Double sided | E44: Jan through Dec | F44: monthly | G44: 12 | I44: =SUM(G44*H44) -> 0
A45: E033 | B45: 1368 | C45: 5 | D45: Kitchen Till Grill L 9' x W 5' X H 3' (1 throat) Water wash system Double sided | E45: Feb/May/ Aug/Nov | F45: Every 3 months | G45: 4 | I45: =SUM(G45*H45) -> 0
A46: E034 | B46: 1368 | C46: 6 | D46: Kitchen Fryer L 6' x W 5' X H 3' (1 throat) Water wash system Double sided | E46: Jan through Dec | F46: monthly | G46: 12 | I46: =SUM(G46*H46) -> 0
A47: E035 | B47: 1368 | C47: 7 | D47: Kitchen Ovens L 9' x W 5' X H 3' (1 throat) Water wash system Double sided | E47: Feb/Aug | F47: Every 6 months | G47: 2 | I47: =SUM(G47*H47) -> 0
A48: E036 | B48: 1368 | C48: 8 | D48: Kitchen Steamer L 4' x W 5' X H 3' (1 throat) Water wash system Double sided | E48: Feb/Aug | F48: Every 6 months | G48: 2 | I48: =SUM(G48*H48) -> 0
A49: E037 | B49: 1368 | C49: 9 | D49: Kitchen Kettle pots L 11' x W 5' X H 3' (1 throat) Water wash system Double sided | E49: Feb/Aug | F49: Every 6 months | G49: 2 | I49: =SUM(G49*H49) -> 0
B50: 2320 | D50: Speed Brake Snack Bar
A51: E038 | B51: 2320 | C51: 1 | D51: TBD | E51: TBD | F51: TBD | G51: TBD
B52: 4490 | D52: SAFB Club
A53: E039 | B53: 4490 | C53: 1 | D53: Front Grill/Fryer Combo L 8' x W 50.5' x H 4' (1 throat) | E53: Jan/Apr/ Jul/Oct | F53: Every 3 months | G53: 4 | I53: =SUM(G53*H53) -> 0
D54: Lift Rental
B55: Texoma | D55: Lake Texoma Grill
A56: E040 | B56: ANNEX | C56: 1 | D56: Food Place L 8' 7" x W 4' 6" x H 1 (1 throat) | E56: May | F56: Annually | G56: 1 | I56: =SUM(G56*H56) -> 0
A58: E041 | C58: 1 | D58: Emergency Service | E58: TBD | F58: As required | G58: 1 | I58: =SUM(G58*H58) -> 0
B61: Ordering Period - FY31 TOTAL | G61: =SUM(G4:G60) -> 177 | I61: =SUM(I4:I60) -> 0
A63: 13 | B63: Buildings
A64: =COUNTIF(C1:C56, ">0") -> 39 | B64: Hoods
A65: 177 | B65: Cleaning
