Workbook
Name Choose_Description: '[1]Smiths CLINs'!$C$2:$C$44
Name maintable: '[1]Smiths CLINs'!$B$2:$D$33
Name table1: #REF!
Name table1: #REF!
Name table1: #REF!
Name table2: #REF!
Name table2: #REF!
Name table2: #REF!
Name table3: #REF!
Name table3: #REF!
Name table3: #REF!
Name Type_1: 'Hidden Data Sheet'!$O$1:$O$6
Name Type_2: 'Hidden Data Sheet'!$P$1:$P$4

Sheet AROW - Instructions
A1: Transportation Security Administration | B1: Acquisitions Requirements Order Worksheet: Instructions
A2: All boxes filled in this shade of green are to be completed by the Federal Project Manager and submitted to the appropriate OEM COR for processing. Cells on this tab reflect (If you run into any problems or have questions, please contact the appropriate OEM COR for assistance) | C2: All forms require at least # days to be fully processed by P&P and C&P, additional days for OEM production may arise depend on the nature of the request. The Federal Project Manager is responsible for tracking schedules. | D2: If this box turns red, then the number of days to procure the requested items is less than the final due date and will need Branch Manager approval.
E3: =IF(ISNUMBER(COUNTIF(G19:G28, "false")), "Yes", "No") -> Yes
A4: SECTION I: Points of Contact
A5: (1) Requestor Name | B5: Please type your name here | C5: (2) Required Date Submitted* | D5: Today's date, format: MM/DD/YYYY
A6: (3) Requestor Email | B6: Please type your e-mail address here | C6: (4) Requestor Phone | D6: Please type your phone contact here
A7: (5) Required Configuration Type (select) | B7: Select Configuration Type from dropdown | C7: (6) Required OEM (Select) | D7: Select OEM from dropdown (Configuration Type must be chosen first)
A8: (7) Model | B8: Select Model from dropdown (Configuration and OEM must be chose first) (Multiple model types require multiple forms)
A9: OEM COR | B9: This will auto-populate with your assigned OEM COR based on your request type
A10: SECTION II: Airport Project Information
A11: (8) Airport Code (Select) | B11: Select Airport Code from dropdown, if applicable | C11: (9) IMS Airport Project Name (if applicable) | D11: Please type project name as shown in IMS here
A12: (10 Airport Delivery Address | B12: Please type the delivery address (Reminder: shipping is the responsibility of the Federal Project Manager) | C12: (11) ReMAG number (if applicable) | D12: Please type ReMAG number here
A13: FOR EXPEDITED REQUESTS: Branch Manager Approvals
