Workbook

Sheet Pricing CLINs
A2: CLIN | B2: CLIN Description | C2: Total Extended Price
A3: CLIN 0001 | B3: Database Management (FFP) Task 2.1 | C3: ='Base Year'!F11 -> 0
A4: CLIN 4002 | B4: Labor T&M Task 2.2 and 2.3 | C4: ='Base Year'!F21 -> 0
A5: CLIN 0003 | B5: Emergency Contingency T&M NTE, Task 2.4 | C5: ='Base Year'!F28 -> 0
B6: Base Period Total Price | C6: =SUM(C3:C5) -> 0
A7: CLIN 1001 | B7: Database Management (FFP) Task 2.1 | C7: ='OY1'!F11 -> 0
A8: CLIN 1002 | B8: Labor T&M Task 2.2 and 2.3 | C8: ='OY1'!F21 -> 0
A9: CLIN 1003 | B9: Emergency Contingency T&M NTE, Task 2.4 | C9: ='OY1'!F28 -> 0
B10: Option One Total Price | C10: =SUM(C7:C9) -> 0
A11: CLIN 2001 | B11: Database Management (FFP) Task 2.1 | C11: ='OY2'!F11 -> 0
A12: CLIN 2002 | B12: Labor T&M Task 2.2 and 2.3 | C12: ='OY2'!F21 -> 0
A13: CLIN 2003 | B13: Emergency Contingency T&M NTE, Task 2.4 | C13: ='OY2'!F28 -> 0
B14: Option Two Total Price | C14: =SUM(C11:C13) -> 0
A15: CLIN 3001 | B15: Database Management (FFP) Task 2.1 | C15: ='OY3'!F11 -> 0
A16: CLIN 3002 | B16: Labor T&M Task 2.2 and 2.3 | C16: ='OY3'!F21 -> 0
A17: CLIN 3003 | B17: Emergency Contingency T&M NTE, Task 2.4 | C17: ='OY3'!F28 -> 0
B18: Option Three Total Price | C18: =SUM(C15:C17) -> 0
A19: CLIN 4001 | B19: Database Management (FFP) Task 2.1 | C19: ='OY4'!F11 -> 0
A20: CLIN 4002 | B20: Labor T&M Task 2.2 and 2.3 | C20: ='OY4'!F21 -> 0
A21: CLIN 4003 | B21: Emergency Contingency T&M NTE, Task 2.4 | C21: ='OY4'!F28 -> 0
B22: Option Four Total Price | C22: =SUM(C19:C21) -> 0
B23: Total All Periods | C23: =C22+C18+C14+C10+C6 -> 0

Sheet Base Year
A1: DIVER Data Integration BASE YEAR
A3: Estimate of Project and Database Management for Firm Fixed Portion of contract
A5: Category
A6: Labor Category | B6: Rate | C6: Discount % | D6: Discount Rate | E6: Historical Hours | F6: Base Year Cost
A7: Database Management Coordinator | D7: =B7-(B7*C7) -> 0 | E7: 10 | F7: =E7*D7 -> 0
A8: Database Programmer/Analyst | D8: =B8-(B8*C8) -> 0 | E8: 10 | F8: =E8*D8 -> 0
A9: Database Technician | D9: =B9-(B9*C9) -> 0 | E9: 10 | F9: =E9*D9 -> 0
A10: Project Manager/Administrator | D10: =B10-(B10*C10) -> 0 | E10: 10 | F10: =E10*D10 -> 0
A11: Task 2.1 Database Management (FFP)* | C11: Monthly Price | E11: Total | F11: =SUM(F7:F10) -> 0
A13: Labor Category | B13: Rate | C13: Discount % | D13: Discount Rate | E13: Gov. Est. Annual Hours | F13: Base Year Cost
A14: Database Management Coordinator | D14: =B14-(B14*C14) -> 0 | E14: 500 | F14: =E14*D14 -> 0
A15: Database Programmer/Analyst | D15: =B15-(B15*C15) -> 0 | E15: 300 | F15: =E15*D15 -> 0
A16: Database Technician | D16: =B16-(B16*C16) -> 0 | E16: 300 | F16: =E16*D16 -> 0
A17: Spatial Database Manager | D17: =B17-(B17*C17) -> 0 | E17: 60 | F17: =E17*D17 -> 0
A18: Statistician/Data Manager | D18: =B18-(B18*C18) -> 0 | E18: 60 | F18: =E18*D18 -> 0
A19: Senior Scientist | D19: =B19-(B19*C19) -> 0 | E19: 60 | F19: =E19*D19 -> 0
A20: Project Manager/Administrator | D20: =B20-(B20*C20) -> 0 | E20: 200 | F20: =E20*D20 -> 0
A21: Tasks 2.2 and 2.3 Labor Subtotal (T&M): | E21: Total | F21: =SUM(F14:F20) -> 0
A23: Labor Category | B23: Rate | C23: Discount % | D23: Discount Rate | E23: Gov. Est. Annual Hours | F23: Base Year Cost
A24: Database Management Coordinator | D24: =B24-(B24*C24) -> 0 | E24: 100 | F24: =E24*D24 -> 0
A25: Database Programmer/Analyst | D25: =B25-(B25*C25) -> 0 | E25: 150 | F25: =E25*D25 -> 0
A26: Database Technician | D26: =B26-(B26*C26) -> 0 | E26: 100 | F26: =E26*D26 -> 0
A27: Project Manager/Administrator | D27: =B27-(B27*C27) -> 0 | E27: 50 | F27: =E27*D27 -> 0
A28: Task 2.4 Labor Subtotal (T&M): | E28: Total | F28: =SUM(F24:F27) -> 0
E30: Total Base Year Cost | F30: =SUM(F28,F21,F11) -> 0

Sheet OY1
A1: DIVER Data Integration OPTION YEAR ONE
A3: Estimate of Project and Database Management for Firm Fixed Portion of contract
A5: Category
A6: Labor Category | B6: Rate | C6: Discount % | D6: Discount Rate | E6: Historical Hours | F6: Option Year One Cost
A7: Database Management Coordinator | D7: =B7-(B7*C7) -> 0 | E7: 10 | F7: =E7*D7 -> 0
A8: Database Programmer/Analyst | D8: =B8-(B8*C8) -> 0 | E8: 10 | F8: =E8*D8 -> 0
A9: Database Technician | D9: =B9-(B9*C9) -> 0 | E9: 10 | F9: =E9*D9 -> 0
A10: Project Manager/Administrator | D10: =B10-(B10*C10) -> 0 | E10: 10 | F10: =E10*D10 -> 0
A11: Task 2.1 Database Management (FFP)* | C11: Monthly Price | E11: Total | F11: =SUM(F7:F10) -> 0
A13: Labor Category | B13: Rate | C13: Discount % | D13: Discount Rate | E13: Gov. Est. Annual Hours | F13: Option Year One Cost
A14: Database Management Coordinator | D14: =B14-(B14*C14) -> 0 | E14: 500 | F14: =E14*D14 -> 0
A15: Database Programmer/Analyst | D15: =B15-(B15*C15) -> 0 | E15: 300 | F15: =E15*D15 -> 0
A16: Database Technician | D16: =B16-(B16*C16) -> 0 | E16: 300 | F16: =E16*D16 -> 0
A17: Spatial Database Manager | D17: =B17-(B17*C17) -> 0 | E17: 60 | F17: =E17*D17 -> 0
A18: Statistician/Data Manager | D18: =B18-(B18*C18) -> 0 | E18: 60 | F18: =E18*D18 -> 0
A19: Senior Scientist | D19: =B19-(B19*C19) -> 0 | E19: 60 | F19: =E19*D19 -> 0
A20: Project Manager/Administrator | D20: =B20-(B20*C20) -> 0 | E20: 200 | F20: =E20*D20 -> 0
A21: Tasks 2.2 and 2.3 Labor Subtotal (T&M): | E21: Total | F21: =SUM(F14:F20) -> 0
A23: Labor Category | B23: Rate | C23: Discount % | D23: Discount Rate | E23: Gov. Est. Annual Hours | F23: Option Year One Cost
A24: Database Management Coordinator | D24: =B24-(B24*C24) -> 0 | E24: 100 | F24: =E24*D24 -> 0
A25: Database Programmer/Analyst | D25: =B25-(B25*C25) -> 0 | E25: 150 | F25: =E25*D25 -> 0
A26: Database Technician | D26: =B26-(B26*C26) -> 0 | E26: 100 | F26: =E26*D26 -> 0
A27: Project Manager/Administrator | D27: =B27-(B27*C27) -> 0 | E27: 50 | F27: =E27*D27 -> 0
A28: Task 2.4 Labor Subtotal (T&M): | E28: Total | F28: =SUM(F24:F27) -> 0
E30: Total OY2 Cost | F30: =SUM(F28+F21+F11) -> 0

Sheet OY2
A1: DIVER Data Integration OPTION YEAR TWO
A3: Estimate of Project and Database Management for Firm Fixed Portion of contract
A5: Category
A6: Labor Category | B6: Rate | C6: Discount % | D6: Discount Rate | E6: Historical Hours | F6: Option Year Two Cost
A7: Database Management Coordinator | D7: =B7-(B7*C7) -> 0 | E7: 10 | F7: =E7*D7 -> 0
A8: Database Programmer/Analyst | D8: =B8-(B8*C8) -> 0 | E8: 10 | F8: =E8*D8 -> 0
A9: Database Technician | D9: =B9-(B9*C9) -> 0 | E9: 10 | F9: =E9*D9 -> 0
A10: Project Manager/Administrator | D10: =B10-(B10*C10) -> 0 | E10: 10 | F10: =E10*D10 -> 0
A11: Task 2.1 Database Management (FFP)* | C11: Monthly Price | E11: Total | F11: =SUM(F7:F10) -> 0
A13: Labor Category | B13: Rate | C13: Discount % | D13: Discount Rate | E13: Gov. Est. Annual Hours | F13: Option Year Two Cost
A14: Database Management Coordinator | D14: =B14-(B14*C14) -> 0 | E14: 500 | F14: =E14*D14 -> 0
A15: Database Programmer/Analyst | D15: =B15-(B15*C15) -> 0 | E15: 300 | F15: =E15*D15 -> 0
A16: Database Technician | D16: =B16-(B16*C16) -> 0 | E16: 300 | F16: =E16*D16 -> 0
A17: Spatial Database Manager | D17: =B17-(B17*C17) -> 0 | E17: 60 | F17: =E17*D17 -> 0
A18: Statistician/Data Manager | D18: =B18-(B18*C18) -> 0 | E18: 60 | F18: =E18*D18 -> 0
A19: Senior Scientist | D19: =B19-(B19*C19) -> 0 | E19: 60 | F19: =E19*D19 -> 0
A20: Project Manager/Administrator | D20: =B20-(B20*C20) -> 0 | E20: 200 | F20: =E20*D20 -> 0
A21: Tasks 2.2 and 2.3 Labor Subtotal (T&M): | E21: Total | F21: =SUM(F14:F20) -> 0
A23: Labor Category | B23: Rate | C23: Discount % | D23: Discount Rate | E23: Gov. Est. Annual Hours | F23: Option Year Two Cost
A24: Database Management Coordinator | D24: =B24-(B24*C24) -> 0 | E24: 100 | F24: =E24*D24 -> 0
A25: Database Programmer/Analyst | D25: =B25-(B25*C25) -> 0 | E25: 150 | F25: =E25*D25 -> 0
A26: Database Technician | D26: =B26-(B26*C26) -> 0 | E26: 100 | F26: =E26*D26 -> 0
A27: Project Manager/Administrator | D27: =B27-(B27*C27) -> 0 | E27: 50 | F27: =E27*D27 -> 0
A28: Task 2.4 Labor Subtotal (T&M): | E28: Total | F28: =SUM(F24:F27) -> 0
E30: Total OY2 Cost | F30: =SUM(F28+F21+F11) -> 0

Sheet OY3
A1: DIVER Data Integration OPTION YEAR THREE
A3: Estimate of Project and Database Management for Firm Fixed Portion of contract
A5: Category
A6: Labor Category | B6: Rate | C6: Discount % | D6: Discount Rate | E6: Historical Hours | F6: Option Year Three Cost
A7: Database Management Coordinator | D7: =B7-(B7*C7) -> 0 | E7: 10 | F7: =E7*D7 -> 0
A8: Database Programmer/Analyst | D8: =B8-(B8*C8) -> 0 | E8: 10 | F8: =E8*D8 -> 0
A9: Database Technician | D9: =B9-(B9*C9) -> 0 | E9: 10 | F9: =E9*D9 -> 0
A10: Project Manager/Administrator | D10: =B10-(B10*C10) -> 0 | E10: 10 | F10: =E10*D10 -> 0
A11: Task 2.1 Database Management (FFP)* | C11: Monthly Price | E11: Total | F11: =SUM(F7:F10) -> 0
A13: Labor Category | B13: Rate | C13: Discount % | D13: Discount Rate | E13: Gov. Est. Annual Hours | F13: Option Year Three Cost
A14: Database Management Coordinator | D14: =B14-(B14*C14) -> 0 | E14: 500 | F14: =E14*D14 -> 0
A15: Database Programmer/Analyst | D15: =B15-(B15*C15) -> 0 | E15: 300 | F15: =E15*D15 -> 0
A16: Database Technician | D16: =B16-(B16*C16) -> 0 | E16: 300 | F16: =E16*D16 -> 0
A17: Spatial Database Manager | D17: =B17-(B17*C17) -> 0 | E17: 60 | F17: =E17*D17 -> 0
A18: Statistician/Data Manager | D18: =B18-(B18*C18) -> 0 | E18: 60 | F18: =E18*D18 -> 0
A19: Senior Scientist | D19: =B19-(B19*C19) -> 0 | E19: 60 | F19: =E19*D19 -> 0
A20: Project Manager/Administrator | D20: =B20-(B20*C20) -> 0 | E20: 200 | F20: =E20*D20 -> 0
A21: Tasks 2.2 and 2.3 Labor Subtotal (T&M): | E21: Total | F21: =SUM(F14:F20) -> 0
A23: Labor Category | B23: Rate | C23: Discount % | D23: Discount Rate | E23: Gov. Est. Annual Hours | F23: Option Year Three Cost
A24: Database Management Coordinator | D24: =B24-(B24*C24) -> 0 | E24: 100 | F24: =E24*D24 -> 0
A25: Database Programmer/Analyst | D25: =B25-(B25*C25) -> 0 | E25: 150 | F25: =E25*D25 -> 0
A26: Database Technician | D26: =B26-(B26*C26) -> 0 | E26: 100 | F26: =E26*D26 -> 0
A27: Project Manager/Administrator | D27: =B27-(B27*C27) -> 0 | E27: 50 | F27: =E27*D27 -> 0
A28: Task 2.4 Labor Subtotal (T&M): | E28: Total | F28: =SUM(F24:F27) -> 0
E30: Total OY3 Cost | F30: =SUM(F28+F21+F11) -> 0

Sheet OY4
A1: DIVER Data Integration OPTION YEAR FOUR
A3: Estimate of Project and Database Management for Firm Fixed Portion of contract
A5: Category
A6: Labor Category | B6: Rate | C6: Discount % | D6: Discount Rate | E6: Historical Hours | F6: Option Year Four Cost
A7: Database Management Coordinator | D7: =B7-(B7*C7) -> 0 | E7: 10 | F7: =E7*D7 -> 0
A8: Database Programmer/Analyst | D8: =B8-(B8*C8) -> 0 | E8: 10 | F8: =E8*D8 -> 0
A9: Database Technician | D9: =B9-(B9*C9) -> 0 | E9: 10 | F9: =E9*D9 -> 0
A10: Project Manager/Administrator | D10: =B10-(B10*C10) -> 0 | E10: 10 | F10: =E10*D10 -> 0
A11: Task 2.1 Database Management (FFP)* | C11: Monthly Price | E11: Total | F11: =SUM(F7:F10) -> 0
A13: Labor Category | B13: Rate | C13: Discount % | D13: Discount Rate | E13: Gov. Est. Annual Hours | F13: Option Year Four Cost
A14: Database Management Coordinator | D14: =B14-(B14*C14) -> 0 | E14: 500 | F14: =E14*D14 -> 0
A15: Database Programmer/Analyst | D15: =B15-(B15*C15) -> 0 | E15: 300 | F15: =E15*D15 -> 0
A16: Database Technician | D16: =B16-(B16*C16) -> 0 | E16: 300 | F16: =E16*D16 -> 0
A17: Spatial Database Manager | D17: =B17-(B17*C17) -> 0 | E17: 60 | F17: =E17*D17 -> 0
A18: Statistician/Data Manager | D18: =B18-(B18*C18) -> 0 | E18: 60 | F18: =E18*D18 -> 0
A19: Senior Scientist | D19: =B19-(B19*C19) -> 0 | E19: 60 | F19: =E19*D19 -> 0
A20: Project Manager/Administrator | D20: =B20-(B20*C20) -> 0 | E20: 200 | F20: =E20*D20 -> 0
A21: Tasks 2.2 and 2.3 Labor Subtotal (T&M): | E21: Total | F21: =SUM(F14:F20) -> 0
A23: Labor Category | B23: Rate | C23: Discount % | D23: Discount Rate | E23: Gov. Est. Annual Hours | F23: Option Year Four Cost
A24: Database Management Coordinator | D24: =B24-(B24*C24) -> 0 | E24: 100 | F24: =E24*D24 -> 0
A25: Database Programmer/Analyst | D25: =B25-(B25*C25) -> 0 | E25: 150 | F25: =E25*D25 -> 0
A26: Database Technician | D26: =B26-(B26*C26) -> 0 | E26: 100 | F26: =E26*D26 -> 0
A27: Project Manager/Administrator | D27: =B27-(B27*C27) -> 0 | E27: 50 | F27: =E27*D27 -> 0
A28: Task 2.4 Labor Subtotal (T&M): | E28: Total | F28: =SUM(F24:F27) -> 0
E30: Total OY4 Cost | F30: =SUM(F28+F21+F11) -> 0
