Workbook

Sheet 2023 MASTER LIST
A1: BLDG | B1: ='2024 DO NOT TOUCH'!B1 -> BLDG NAME | C1: ='2024 DO NOT TOUCH'!C1 -> SERIAL # | D1: ='2024 DO NOT TOUCH'!D1 -> MAKE | E1: ='2024 DO NOT TOUCH'!E1 -> MODEL | F1: ='2024 DO NOT TOUCH'!F1 -> BF TYPE | G1: ='2024 DO NOT TOUCH'!G1 -> SIZE | H1: ='2024 DO NOT TOUCH'!H1 -> LOCATION | I1: ='2024 DO NOT TOUCH'!I1 -> PREMISE/ INPREMISE | ... Y1: ='2024 DO NOT TOUCH'!Y1 -> NOTES
A2: ='2024 DO NOT TOUCH'!A2 -> 0001 | B2: ='2024 DO NOT TOUCH'!B2 -> BASE OPS | C2: ='2024 DO NOT TOUCH'!C2 -> A03206 | D2: ='2024 DO NOT TOUCH'!D2 -> WATTS | E2: ='2024 DO NOT TOUCH'!E2 -> 007QT | F2: ='2024 DO NOT TOUCH'!F2 -> DC | G2: ='2024 DO NOT TOUCH'!G2 -> 0.5 | H2: ='2024 DO NOT TOUCH'!H2 -> RM 102 UNDER SINK | ... Y2: ='2024 DO NOT TOUCH'!Y2 -> OUT OF SERVICE
A3: ='2024 DO NOT TOUCH'!A3 -> 0001 | B3: ='2024 DO NOT TOUCH'!B3 -> Base Ops | C3: ='2024 DO NOT TOUCH'!C3 -> 3336495 | D3: ='2024 DO NOT TOUCH'!D3 -> WILKINS | E3: ='2024 DO NOT TOUCH'!E3 -> 975XL | F3: ='2024 DO NOT TOUCH'!F3 -> RP | G3: ='2024 DO NOT TOUCH'!G3 -> 0.75 | H3: ='2024 DO NOT TOUCH'!H3 -> Basement | ... Y3: ='2024 DO NOT TOUCH'!Y3 -> 0
A4: ='2024 DO NOT TOUCH'!A4 -> 0001 | B4: ='2024 DO NOT TOUCH'!B4 -> BASE OPS | C4: ='2024 DO NOT TOUCH'!C4 -> 3080317 | D4: ='2024 DO NOT TOUCH'!D4 -> WILKINS | E4: ='2024 DO NOT TOUCH'!E4 -> 950XLT | F4: ='2024 DO NOT TOUCH'!F4 -> DC | G4: ='2024 DO NOT TOUCH'!G4 -> 1.5 | H4: ='2024 DO NOT TOUCH'!H4 -> FIRE SYS IN BASEMENT SHREADER RM | ... Y4: ='2024 DO NOT TOUCH'!Y4 -> 0
A5: ='2024 DO NOT TOUCH'!A5 -> 0001 | B5: ='2024 DO NOT TOUCH'!B5 -> BASE OPS | C5: ='2024 DO NOT TOUCH'!C5 -> 92420 | D5: ='2024 DO NOT TOUCH'!D5 -> WATTS | E5: ='2024 DO NOT TOUCH'!E5 -> 007QT | F5: ='2024 DO NOT TOUCH'!F5 -> PVB | G5: ='2024 DO NOT TOUCH'!G5 -> 3.0 | H5: ='2024 DO NOT TOUCH'!H5 -> IN FRONT OF BLDG ON FLIGHT LINE | ... Y5: ='2024 DO NOT TOUCH'!Y5 -> 0
A6: ='2024 DO NOT TOUCH'!A6 -> 0003 | B6: ='2024 DO NOT TOUCH'!B6 -> FIRE DEPT | C6: ='2024 DO NOT TOUCH'!C6 -> H005173 | D6: ='2024 DO NOT TOUCH'!D6 -> FEBCO | E6: ='2024 DO NOT TOUCH'!E6 -> 825YA | F6: ='2024 DO NOT TOUCH'!F6 -> RP | G6: ='2024 DO NOT TOUCH'!G6 -> 0.75 | H6: ='2024 DO NOT TOUCH'!H6 -> MECH RM ON HVAC | ... Y6: ='2024 DO NOT TOUCH'!Y6 -> 0
A7: ='2024 DO NOT TOUCH'!A7 -> 0003 | B7: ='2024 DO NOT TOUCH'!B7 -> FIRE DEPT | C7: ='2024 DO NOT TOUCH'!C7 -> W358317 | D7: ='2024 DO NOT TOUCH'!D7 -> WILKINS | E7: ='2024 DO NOT TOUCH'!E7 -> 975XL | F7: ='2024 DO NOT TOUCH'!F7 -> RP | G7: ='2024 DO NOT TOUCH'!G7 -> 0.5 | H7: ='2024 DO NOT TOUCH'!H7 -> ON ICE MACHINE | ... Y7: ='2024 DO NOT TOUCH'!Y7 -> 0
A8: ='2024 DO NOT TOUCH'!A8 -> 0003 | B8: ='2024 DO NOT TOUCH'!B8 -> FIRE DEPT | C8: ='2024 DO NOT TOUCH'!C8 -> 3338565 | D8: ='2024 DO NOT TOUCH'!D8 -> WILKINS | E8: ='2024 DO NOT TOUCH'!E8 -> 975XL | F8: ='2024 DO NOT TOUCH'!F8 -> RP | G8: ='2024 DO NOT TOUCH'!G8 -> 0.75 | H8: ='2024 DO NOT TOUCH'!H8 -> IN INDUSTRIAL LAUNDRY RM | ... Y8: ='2024 DO NOT TOUCH'!Y8 -> water line removed
A9: ='2024 DO NOT TOUCH'!A9 -> 0003 | B9: ='2024 DO NOT TOUCH'!B9 -> FIRE DEPT | C9: ='2024 DO NOT TOUCH'!C9 -> H00402 | D9: ='2024 DO NOT TOUCH'!D9 -> FEBCO | E9: ='2024 DO NOT TOUCH'!E9 -> 850 | F9: ='2024 DO NOT TOUCH'!F9 -> DC | G9: ='2024 DO NOT TOUCH'!G9 -> 0.5 | H9: ='2024 DO NOT TOUCH'!H9 -> ALARM RM UNDER SINK COFFEE | ... Y9: ='2024 DO NOT TOUCH'!Y9 -> 0
A10: ='2024 DO NOT TOUCH'!A10 -> 0003 | B10: ='2024 DO NOT TOUCH'!B10 -> FIRE DEPT | C10: ='2024 DO NOT TOUCH'!C10 -> F0303051105 | D10: ='2024 DO NOT TOUCH'!D10 -> FEBCO | E10: ='2024 DO NOT TOUCH'!E10 -> 850 | F10: ='2024 DO NOT TOUCH'!F10 -> DC | G10: ='2024 DO NOT TOUCH'!G10 -> 2.5 | H10: ='2024 DO NOT TOUCH'!H10 -> GYM RM BEHIND CABINET PANEL | ... Y10: ='2024 DO NOT TOUCH'!Y10 -> 0
A11: ='2024 DO NOT TOUCH'!A11 -> 0003 | B11: ='2024 DO NOT TOUCH'!B11 -> FIRE DEPT | C11: ='2024 DO NOT TOUCH'!C11 -> 2KM1479 | D11: ='2024 DO NOT TOUCH'!D11 -> AMES | E11: ='2024 DO NOT TOUCH'!E11 -> 2000SS | F11: ='2024 DO NOT TOUCH'!F11 -> DC | G11: ='2024 DO NOT TOUCH'!G11 -> 6.0 | H11: ='2024 DO NOT TOUCH'!H11 -> MECHANICS AREA ON FIRE SYS | ... Y11: ='2024 DO NOT TOUCH'!Y11 -> 0
A12: ='2024 DO NOT TOUCH'!A12 -> 0003 | B12: ='2024 DO NOT TOUCH'!B12 -> FIRE DEPT | C12: ='2024 DO NOT TOUCH'!C12 -> 1945116 | D12: ='2024 DO NOT TOUCH'!D12 -> WILKINS | E12: ='2024 DO NOT TOUCH'!E12 -> 950XLT | F12: ='2024 DO NOT TOUCH'!F12 -> DC | G12: ='2024 DO NOT TOUCH'!G12 -> 2.0 | H12: ='2024 DO NOT TOUCH'!H12 -> MECH RM IRRIGATION | ... Y12: ='2024 DO NOT TOUCH'!Y12 -> iso
A13: ='2024 DO NOT TOUCH'!A13 -> 0109 | B13: ='2024 DO NOT TOUCH'!B13 -> TANKER TAILS | C13: ='2024 DO NOT TOUCH'!C13 -> 26377 | D13: ='2024 DO NOT TOUCH'!D13 -> WATTS | E13: ='2024 DO NOT TOUCH'!E13 -> 007M2QT | F13: ='2024 DO NOT TOUCH'!F13 -> DC | G13: ='2024 DO NOT TOUCH'!G13 -> 1.5 | H13: ='2024 DO NOT TOUCH'!H13 -> STORAGE CLOSET NEAR WATER HEATER | ... Y13: ='2024 DO NOT TOUCH'!Y13 -> 0
... A31: ='2024 DO NOT TOUCH'!A31 -> 0445 | B31: ='2024 DO NOT TOUCH'!B31 -> 141 | C31: ='2024 DO NOT TOUCH'!C31 -> H05044 | D31: ='2024 DO NOT TOUCH'!D31 -> FEBCO | E31: ='2024 DO NOT TOUCH'!E31 -> 850 | F31: ='2024 DO NOT TOUCH'!F31 -> DC | G31: ='2024 DO NOT TOUCH'!G31 -> 1.5 | H31: ='2024 DO NOT TOUCH'!H31 -> MENCH ROOM | ... Y31: ='2024 DO NOT TOUCH'!Y31 -> 0
A32: ='2024 DO NOT TOUCH'!A32 -> 446 | B32: ='2024 DO NOT TOUCH'!B32 -> 141 | C32: ='2024 DO NOT TOUCH'!C32 -> 28862 | D32: ='2024 DO NOT TOUCH'!D32 -> WILKINS | E32: ='2024 DO NOT TOUCH'!E32 -> 350A | F32: ='2024 DO NOT TOUCH'!F32 -> DC | G32: ='2024 DO NOT TOUCH'!G32 -> 6 | H32: ='2024 DO NOT TOUCH'!H32 -> MECH ROOM FIRE | ... M32: ='2024 DO NOT TOUCH'!M32 -> FALSE | N32: ='2024 DO NOT TOUCH'!O32 -> Ted | O32: ='2024 DO NOT TOUCH'!#REF! -> #REF! | P32: ='2024 DO NOT TOUCH'!P32 -> 4 | Q32: ='2024 DO NOT TOUCH'!Q32 -> 3.6 | R32: ='2024 DO NOT TOUCH'!R32 -> 0 | S32: ='2024 DO NOT TOUCH'!S32 -> TESTED | T32: ='2024 DO NOT TOUCH'!T32 -> PASSED | U32: ='2024 DO NOT TOUCH'!U32 -> y | V32: ='2024 DO NOT TOUCH'!V32 -> 0 | W32: ='2024 DO NOT TOUCH'!W32 -> 0 | ... Y32: ='2024 DO NOT TOUCH'!Y32 -> 0
A33: ='2024 DO NOT TOUCH'!A33 -> 446 | B33: ='2024 DO NOT TOUCH'!B33 -> 141 | C33: ='2024 DO NOT TOUCH'!C33 -> 3335495 | D33: ='2024 DO NOT TOUCH'!D33 -> WILKINS | E33: ='2024 DO NOT TOUCH'!E33 -> 975XL | F33: ='2024 DO NOT TOUCH'!F33 -> RP | G33: ='2024 DO NOT TOUCH'!G33 -> .75 | H33: ='2024 DO NOT TOUCH'!H33 -> MECH ROOM | ... Y33: ='2024 DO NOT TOUCH'!Y33 -> 0
A34: ='2024 DO NOT TOUCH'!A34 -> 447 | B34: ='2024 DO NOT TOUCH'!B34 -> 141 | C34: ='2024 DO NOT TOUCH'!C34 -> H08097 | D34: ='2024 DO NOT TOUCH'!D34 -> FEBCO | E34: ='2024 DO NOT TOUCH'!E34 -> 850 | F34: ='2024 DO NOT TOUCH'!F34 -> DC | G34: ='2024 DO NOT TOUCH'!G34 -> 2 | H34: ='2024 DO NOT TOUCH'!H34 -> MECH ROOM | ... Y34: ='2024 DO NOT TOUCH'!Y34 -> 0
A35: ='2024 DO NOT TOUCH'!A35 -> 447 | B35: ='2024 DO NOT TOUCH'!B35 -> 141 | C35: ='2024 DO NOT TOUCH'!C35 -> H17256 | D35: ='2024 DO NOT TOUCH'!D35 -> FEBCO | E35: ='2024 DO NOT TOUCH'!E35 -> 850 | F35: ='2024 DO NOT TOUCH'!F35 -> DC | G35: ='2024 DO NOT TOUCH'!G35 -> 2 | H35: ='2024 DO NOT TOUCH'!H35 -> MECH ROOM | ... Y35: ='2024 DO NOT TOUCH'!Y35 -> 0
A36: ='2024 DO NOT TOUCH'!A36 -> 456 | B36: ='2024 DO NOT TOUCH'!B36 -> 141 | C36: ='2024 DO NOT TOUCH'!C36 -> H00431 | D36: ='2024 DO NOT TOUCH'!D36 -> FEBCO | E36: ='2024 DO NOT TOUCH'!E36 -> 850 | F36: ='2024 DO NOT TOUCH'!F36 -> DC | G36: ='2024 DO NOT TOUCH'!G36 -> 0.5 | H36: ='2024 DO NOT TOUCH'!H36 -> Break Room Under Sink | ... Y36: ='2024 DO NOT TOUCH'!Y36 -> 0
A37: ='2024 DO NOT TOUCH'!A37 -> 456 | B37: ='2024 DO NOT TOUCH'!B37 -> 141 | C37: ='2024 DO NOT TOUCH'!C37 -> 01515 | D37: ='2024 DO NOT TOUCH'!D37 -> FEBCO | E37: ='2024 DO NOT TOUCH'!E37 -> 850 | F37: ='2024 DO NOT TOUCH'!F37 -> DC | G37: ='2024 DO NOT TOUCH'!G37 -> 2 | H37: ='2024 DO NOT TOUCH'!H37 -> MECH ROOM | ... Y37: ='2024 DO NOT TOUCH'!Y37 -> 0
A38: ='2024 DO NOT TOUCH'!A38 -> 456 | B38: ='2024 DO NOT TOUCH'!B38 -> 141 | C38: ='2024 DO NOT TOUCH'!C38 -> 01621 | D38: ='2024 DO NOT TOUCH'!D38 -> FEBCO | E38: ='2024 DO NOT TOUCH'!E38 -> 850 | F38: ='2024 DO NOT TOUCH'!F38 -> DC | G38: ='2024 DO NOT TOUCH'!G38 -> 2 | H38: ='2024 DO NOT TOUCH'!H38 -> WOOD SHOP | ... Y38: ='2024 DO NOT TOUCH'!Y38 -> 0
A39: ='2024 DO NOT TOUCH'!A39 -> 456 | B39: ='2024 DO NOT TOUCH'!B39 -> 141 | C39: ='2024 DO NOT TOUCH'!C39 -> 358582 | D39: ='2024 DO NOT TOUCH'!D39 -> WILKINS | E39: ='2024 DO NOT TOUCH'!E39 -> 975XL | F39: ='2024 DO NOT TOUCH'!F39 -> RP | G39: ='2024 DO NOT TOUCH'!G39 -> .5 | H39: ='2024 DO NOT TOUCH'!H39 -> ICE MACHINE | ... Y39: ='2024 DO NOT TOUCH'!Y39 -> 0
A40: ='2024 DO NOT TOUCH'!A40 -> 456 | B40: ='2024 DO NOT TOUCH'!B40 -> 141 | C40: ='2024 DO NOT TOUCH'!C40 -> 08705 | D40: ='2024 DO NOT TOUCH'!D40 -> AMES | E40: ='2024 DO NOT TOUCH'!E40 -> 2000BM3 | F40: ='2024 DO NOT TOUCH'!F40 -> DC | G40: ='2024 DO NOT TOUCH'!G40 -> .75 | H40: ='2024 DO NOT TOUCH'!H40 -> SHOP WELDER | ... Y40: ='2024 DO NOT TOUCH'!Y40 -> 0
A41: ='2024 DO NOT TOUCH'!A41 -> 459 | B41: ='2024 DO NOT TOUCH'!B41 -> 141 | C41: ='2024 DO NOT TOUCH'!C41 -> 192003 | D41: ='2024 DO NOT TOUCH'!D41 -> WATTS | E41: ='2024 DO NOT TOUCH'!E41 -> 007M1QT | F41: ='2024 DO NOT TOUCH'!F41 -> DC | G41: ='2024 DO NOT TOUCH'!G41 -> 2 | H41: ='2024 DO NOT TOUCH'!H41 -> SOUTH SIDE OF ROCK BED 459 | ... Y41: ='2024 DO NOT TOUCH'!Y41 -> 0
A42: ='2024 DO NOT TOUCH'!A42 -> 459 | B42: ='2024 DO NOT TOUCH'!B42 -> 141 | C42: ='2024 DO NOT TOUCH'!C42 -> 15973 | D42: ='2024 DO NOT TOUCH'!D42 -> WATTS | E42: ='2024 DO NOT TOUCH'!E42 -> 007M2 | F42: ='2024 DO NOT TOUCH'!F42 -> DC | G42: ='2024 DO NOT TOUCH'!G42 -> .75 | H42: ='2024 DO NOT TOUCH'!H42 -> MECH ROOM | ... Y42: ='2024 DO NOT TOUCH'!Y42 -> 0
A43: ='2024 DO NOT TOUCH'!A43 -> 459 | B43: ='2024 DO NOT TOUCH'!B43 -> 141 | C43: ='2024 DO NOT TOUCH'!C43 -> 113842 | D43: ='2024 DO NOT TOUCH'!D43 -> AMES | E43: ='2024 DO NOT TOUCH'!E43 -> 3000ss | F43: ='2024 DO NOT TOUCH'!F43 -> DC | G43: ='2024 DO NOT TOUCH'!G43 -> 4.0 | H43: ='2024 DO NOT TOUCH'!H43 -> Mech room | ... Y43: ='2024 DO NOT TOUCH'!Y43 -> 0
A44: ='2024 DO NOT TOUCH'!A44 -> 0610 | B44: ='2024 DO NOT TOUCH'!B44 -> BASE THEATER | C44: ='2024 DO NOT TOUCH'!C44 -> H006780 | D44: ='2024 DO NOT TOUCH'!D44 -> FEBCO | E44: ='2024 DO NOT TOUCH'!E44 -> 765 | F44: ='2024 DO NOT TOUCH'!F44 -> PVB | G44: ='2024 DO NOT TOUCH'!G44 -> 2.0 | H44: ='2024 DO NOT TOUCH'!H44 -> IRR WEST OF THEATER CASTLE & SEATTLE | ... Y44: ='2024 DO NOT TOUCH'!Y44 -> ISOLATED
... A110: ='2024 DO NOT TOUCH'!A110 -> 1255 | B110: ='2024 DO NOT TOUCH'!B110 -> SERE INTEL | C110: ='2024 DO NOT TOUCH'!C110 -> 2HJ0943 | D110: ='2024 DO NOT TOUCH'!D110 -> AMES | E110: ='2024 DO NOT TOUCH'!E110 -> 2000 SS | F110: ='2024 DO NOT TOUCH'!F110 -> DC | G110: ='2024 DO NOT TOUCH'!G110 -> 6.0 | H110: ='2024 DO NOT TOUCH'!H110 -> MECH RM ON FIRE SYS | ... Y110: ='2024 DO NOT TOUCH'!Y110 -> 0
A111: ='2024 DO NOT TOUCH'!A111 -> 1255 | B111: ='2024 DO NOT TOUCH'!B111 -> SERE INTEL | C111: ='2024 DO NOT TOUCH'!C111 -> H00368 | D111: ='2024 DO NOT TOUCH'!D111 -> FEBCO | E111: ='2024 DO NOT TOUCH'!E111 -> 850 | F111: ='2024 DO NOT TOUCH'!F111 -> DC | G111: ='2024 DO NOT TOUCH'!G111 -> 0.5 | H111: ='2024 DO NOT TOUCH'!H111 -> RM 118 UNDER SINK COFFEE | ... U111: ='2024 DO NOT TOUCH'!U111 -> 0 | V111: ='2024 DO NOT TOUCH'!#REF! -> #REF! | W111: ='2024 DO NOT TOUCH'!W111 -> YES | X111: ='2024 DO NOT TOUCH'!X111 -> 0 | Y111: ='2024 DO NOT TOUCH'!Y111 -> REMOVED
A112: ='2024 DO NOT TOUCH'!A112 -> 1256 | B112: ='2024 DO NOT TOUCH'!B112 -> BUD DAY | C112: ='2024 DO NOT TOUCH'!C112 -> 407637 | D112: ='2024 DO NOT TOUCH'!D112 -> WATTS | E112: ='2024 DO NOT TOUCH'!E112 -> 909QT | F112: ='2024 DO NOT TOUCH'!F112 -> RP | G112: ='2024 DO NOT TOUCH'!G112 -> 1.0 | H112: ='2024 DO NOT TOUCH'!H112 -> MECH RM HVAC | ... Y112: ='2024 DO NOT TOUCH'!Y112 -> 0
A113: ='2024 DO NOT TOUCH'!A113 -> 1256 | B113: ='2024 DO NOT TOUCH'!B113 -> BUD DAY | C113: ='2024 DO NOT TOUCH'!C113 -> 9605070900 | D113: ='2024 DO NOT TOUCH'!D113 -> FEBCO | E113: ='2024 DO NOT TOUCH'!E113 -> 850 | F113: ='2024 DO NOT TOUCH'!F113 -> DC | G113: ='2024 DO NOT TOUCH'!G113 -> 6.0 | H113: ='2024 DO NOT TOUCH'!H113 -> FIRE SYS | ... Y113: ='2024 DO NOT TOUCH'!Y113 -> 0
A114: ='2024 DO NOT TOUCH'!A114 -> 1256 | B114: ='2024 DO NOT TOUCH'!B114 -> BUD DAY | C114: ='2024 DO NOT TOUCH'!C114 -> 17858 | D114: ='2024 DO NOT TOUCH'!D114 -> WATTS | E114: ='2024 DO NOT TOUCH'!E114 -> 007M2QT | F114: ='2024 DO NOT TOUCH'!F114 -> DC | G114: ='2024 DO NOT TOUCH'!G114 -> 1.5 | H114: ='2024 DO NOT TOUCH'!H114 -> IRRIGATION | ... Y114: ='2024 DO NOT TOUCH'!Y114 -> 0
A115: ='2024 DO NOT TOUCH'!A115 -> 1257 | B115: ='2024 DO NOT TOUCH'!B115 -> THE FINAL POINT | C115: ='2024 DO NOT TOUCH'!C115 -> W358336 | D115: ='2024 DO NOT TOUCH'!D115 -> WILKINS | E115: ='2024 DO NOT TOUCH'!E115 -> 975XL | F115: ='2024 DO NOT TOUCH'!F115 -> RP | G115: ='2024 DO NOT TOUCH'!G115 -> 0.5 | H115: ='2024 DO NOT TOUCH'!H115 -> BEHIND BEER TAPS ON POP MACHINE | ... Y115: ='2024 DO NOT TOUCH'!Y115 -> 0
A116: ='2024 DO NOT TOUCH'!A116 -> 1257 | B116: ='2024 DO NOT TOUCH'!B116 -> THE FINAL POINT | C116: ='2024 DO NOT TOUCH'!C116 -> W358323 | D116: ='2024 DO NOT TOUCH'!D116 -> WILKINS | E116: ='2024 DO NOT TOUCH'!E116 -> 975XL | F116: ='2024 DO NOT TOUCH'!F116 -> RP | G116: ='2024 DO NOT TOUCH'!G116 -> 0.5 | H116: ='2024 DO NOT TOUCH'!H116 -> BEHIND ICE MACHINE | ... Y116: ='2024 DO NOT TOUCH'!Y116 -> 0
A117: ='2024 DO NOT TOUCH'!A117 -> 1257 | B117: ='2024 DO NOT TOUCH'!B117 -> THE FINAL POINT | C117: ='2024 DO NOT TOUCH'!C117 -> 9706051305 | D117: ='2024 DO NOT TOUCH'!D117 -> FEBCO | E117: ='2024 DO NOT TOUCH'!E117 -> 850 | F117: ='2024 DO NOT TOUCH'!F117 -> DC | G117: ='2024 DO NOT TOUCH'!G117 -> 4.0 | H117: ='2024 DO NOT TOUCH'!H117 -> MECH RM FIRE | ... Y117: ='2024 DO NOT TOUCH'!Y117 -> 0
A118: ='2024 DO NOT TOUCH'!A118 -> 1257 | B118: ='2024 DO NOT TOUCH'!B118 -> THE FINAL POINT | C118: ='2024 DO NOT TOUCH'!C118 -> 511704 | D118: ='2024 DO NOT TOUCH'!D118 -> WILKINS | E118: ='2024 DO NOT TOUCH'!E118 -> 950XL | F118: ='2024 DO NOT TOUCH'!F118 -> DC | G118: ='2024 DO NOT TOUCH'!G118 -> 1.5 | H118: ='2024 DO NOT TOUCH'!H118 -> MECH RM IRRIGATION | ... Y118: ='2024 DO NOT TOUCH'!Y118 -> ISO
A119: ='2024 DO NOT TOUCH'!A119 -> 1257 | B119: ='2024 DO NOT TOUCH'!B119 -> THE FINAL POINT | C119: ='2024 DO NOT TOUCH'!C119 -> 542732 | D119: ='2024 DO NOT TOUCH'!D119 -> WILKINS | E119: ='2024 DO NOT TOUCH'!E119 -> 950XL | F119: ='2024 DO NOT TOUCH'!F119 -> DC | G119: ='2024 DO NOT TOUCH'!G119 -> 2.0 | H119: ='2024 DO NOT TOUCH'!H119 -> MECH RM PREMISE | ... Y119: ='2024 DO NOT TOUCH'!Y119 -> 0
A120: ='2024 DO NOT TOUCH'!A120 -> 1258 | B120: ='2024 DO NOT TOUCH'!B120 -> ROSS DINNING | C120: ='2024 DO NOT TOUCH'!C120 -> W358529 | D120: ='2024 DO NOT TOUCH'!D120 -> WILKINS | E120: ='2024 DO NOT TOUCH'!E120 -> 975XL | F120: ='2024 DO NOT TOUCH'!F120 -> RP | G120: ='2024 DO NOT TOUCH'!G120 -> 0.5 | H120: ='2024 DO NOT TOUCH'!H120 -> ICE MACHINE | ... Y120: ='2024 DO NOT TOUCH'!Y120 -> 0
A121: ='2024 DO NOT TOUCH'!A121 -> 1258 | B121: ='2024 DO NOT TOUCH'!B121 -> ROSS DINNING | C121: ='2024 DO NOT TOUCH'!C121 -> 3080479 | D121: ='2024 DO NOT TOUCH'!D121 -> WILKINS | E121: ='2024 DO NOT TOUCH'!E121 -> 975XL | F121: ='2024 DO NOT TOUCH'!F121 -> RP | G121: ='2024 DO NOT TOUCH'!G121 -> 1.5 | H121: ='2024 DO NOT TOUCH'!H121 -> MECH RM ON WATER SOFTNER | ... Y121: ='2024 DO NOT TOUCH'!Y121 -> 0
A122: ='2024 DO NOT TOUCH'!A122 -> 1258 | B122: ='2024 DO NOT TOUCH'!B122 -> ROSS DINNING | C122: ='2024 DO NOT TOUCH'!C122 -> W091273 | D122: ='2024 DO NOT TOUCH'!D122 -> WILKINS | E122: ='2024 DO NOT TOUCH'!E122 -> 975XL | F122: ='2024 DO NOT TOUCH'!F122 -> RP | G122: ='2024 DO NOT TOUCH'!G122 -> 0.5 | H122: ='2024 DO NOT TOUCH'!H122 -> MECH RM HVAC | ... V122: ='2024 DO NOT TOUCH'!V122 -> 0 | W122: ='2024 DO NOT TOUCH'!X122 -> 0 | X122: ='2024 DO NOT TOUCH'!#REF! -> #REF! | Y122: ='2024 DO NOT TOUCH'!Y122 -> ISO
A123: ='2024 DO NOT TOUCH'!A123 -> 1258 | B123: ='2024 DO NOT TOUCH'!B123 -> ROSS DINNING | C123: ='2024 DO NOT TOUCH'!C123 -> 360553 | D123: ='2024 DO NOT TOUCH'!D123 -> WATTS | E123: ='2024 DO NOT TOUCH'!E123 -> 009M3QT | F123: ='2024 DO NOT TOUCH'!F123 -> RP | G123: ='2024 DO NOT TOUCH'!G123 -> 0.75 | H123: ='2024 DO NOT TOUCH'!H123 -> SODA MACHINE SUPPLY | ... Y123: ='2024 DO NOT TOUCH'!Y123 -> 0
A124: ='2024 DO NOT TOUCH'!A124 -> 1258 | B124: ='2024 DO NOT TOUCH'!B124 -> ROSS DINNING | C124: ='2024 DO NOT TOUCH'!C124 -> 355796 | D124: ='2024 DO NOT TOUCH'!D124 -> WATTS | E124: ='2024 DO NOT TOUCH'!E124 -> 009M3QT | F124: ='2024 DO NOT TOUCH'!F124 -> RP | G124: ='2024 DO NOT TOUCH'!G124 -> 0.75 | H124: ='2024 DO NOT TOUCH'!H124 -> UNDER COFFEE MACHINE | ... Y124: ='2024 DO NOT TOUCH'!Y124 -> CHECK S/N
A125: ='2024 DO NOT TOUCH'!A125 -> 1258 | B125: ='2024 DO NOT TOUCH'!B125 -> ROSS DINNING | C125: ='2024 DO NOT TOUCH'!C125 -> 3395891XLTC | D125: ='2024 DO NOT TOUCH'!D125 -> WILKINS | E125: ='2024 DO NOT TOUCH'!E125 -> 975XL | F125: ='2024 DO NOT TOUCH'!F125 -> RP | G125: ='2024 DO NOT TOUCH'!G125 -> 2.0 | H125: ='2024 DO NOT TOUCH'!H125 -> MECH RM IRRIGATION | ... Y125: ='2024 DO NOT TOUCH'!Y125 -> ISSO
A126: ='2024 DO NOT TOUCH'!A126 -> 1258 | B126: ='2024 DO NOT TOUCH'!B126 -> ROSS DINNING | C126: ='2024 DO NOT TOUCH'!C126 -> H00433 | D126: ='2024 DO NOT TOUCH'!D126 -> FEBCO | E126: ='2024 DO NOT TOUCH'!E126 -> 850 | F126: ='2024 DO NOT TOUCH'!F126 -> DC | G126: ='2024 DO NOT TOUCH'!G126 -> 0.5 | H126: ='2024 DO NOT TOUCH'!H126 -> ON KITCHEN EQUIPMENT KETTLE | ... Y126: ='2024 DO NOT TOUCH'!Y126 -> ELI WROTE H0043
A127: ='2024 DO NOT TOUCH'!A127 -> 1258 | B127: ='2024 DO NOT TOUCH'!B127 -> ROSS DINNING | C127: ='2024 DO NOT TOUCH'!C127 -> 131833 | D127: ='2024 DO NOT TOUCH'!D127 -> WATTS | E127: ='2024 DO NOT TOUCH'!E127 -> 709QT | F127: ='2024 DO NOT TOUCH'!F127 -> DC | G127: ='2024 DO NOT TOUCH'!G127 -> 1.5 | H127: ='2024 DO NOT TOUCH'!H127 -> MECH RM FIRE SYS | ... Y127: ='2024 DO NOT TOUCH'!Y127 -> 0
A128: ='2024 DO NOT TOUCH'!A129 -> 1268 | B128: ='2024 DO NOT TOUCH'!B129 -> SERE HQ | C128: ='2024 DO NOT TOUCH'!C129 -> L67545 | D128: ='2024 DO NOT TOUCH'!D129 -> WILKINS | E128: ='2024 DO NOT TOUCH'!E129 -> 375 | F128: ='2024 DO NOT TOUCH'!F129 -> RP | G128: ='2024 DO NOT TOUCH'!G129 -> 3 | H128: ='2024 DO NOT TOUCH'!H129 -> PREMISE SUPPLY | ... Y128: ='2024 DO NOT TOUCH'!Y129 -> 0
A129: ='2024 DO NOT TOUCH'!A130 -> 1268 | B129: ='2024 DO NOT TOUCH'!B130 -> SERE HQ | C129: ='2024 DO NOT TOUCH'!C130 -> A273224 | D129: ='2024 DO NOT TOUCH'!D130 -> WILKINS | E129: ='2024 DO NOT TOUCH'!E130 -> 350 | F129: ='2024 DO NOT TOUCH'!F130 -> DC | G129: ='2024 DO NOT TOUCH'!G130 -> 2.0 | H129: ='2024 DO NOT TOUCH'!H130 -> PREMISE SUPPLY | ... Y129: ='2024 DO NOT TOUCH'!Y130 -> 0
A130: ='2024 DO NOT TOUCH'!A131 -> 1268 | B130: ='2024 DO NOT TOUCH'!B131 -> SERE HQ | C130: ='2024 DO NOT TOUCH'!C131 -> U39994 | D130: ='2024 DO NOT TOUCH'!D131 -> WILKINS | E130: ='2024 DO NOT TOUCH'!E131 -> 350A | F130: ='2024 DO NOT TOUCH'!F131 -> DC | G130: ='2024 DO NOT TOUCH'!G131 -> 6.0 | H130: ='2024 DO NOT TOUCH'!H131 -> MECH RM ON FIRE SYS | ... Y130: ='2024 DO NOT TOUCH'!Y131 -> 0
A131: ='2024 DO NOT TOUCH'!A132 -> 1268 | B131: ='2024 DO NOT TOUCH'!B132 -> SERE HQ | C131: ='2024 DO NOT TOUCH'!C132 -> U29867 | D131: ='2024 DO NOT TOUCH'!D132 -> WILKINS | E131: ='2024 DO NOT TOUCH'!E132 -> 350A | F131: ='2024 DO NOT TOUCH'!F132 -> DC | G131: ='2024 DO NOT TOUCH'!G132 -> 4.0 | H131: ='2024 DO NOT TOUCH'!H132 -> MECH RM ON FIRE SYS | ... Y131: ='2024 DO NOT TOUCH'!Y132 -> 0
A132: ='2024 DO NOT TOUCH'!A133 -> 1268 | B132: ='2024 DO NOT TOUCH'!B133 -> SERE HQ | C132: ='2024 DO NOT TOUCH'!C133 -> U39522 | D132: ='2024 DO NOT TOUCH'!D133 -> WILKINS | E132: ='2024 DO NOT TOUCH'!E133 -> 350A | F132: ='2024 DO NOT TOUCH'!F133 -> DC | G132: ='2024 DO NOT TOUCH'!G133 -> 6.0 | H132: ='2024 DO NOT TOUCH'!H133 -> MECH RM ON FIRE SYS | ... Y132: ='2024 DO NOT TOUCH'!Y133 -> 0
A133: ='2024 DO NOT TOUCH'!A134 -> 1268 | B133: ='2024 DO NOT TOUCH'!B134 -> SERE HQ | C133: ='2024 DO NOT TOUCH'!C134 -> J45551 | D133: ='2024 DO NOT TOUCH'!D134 -> WILKINS | E133: ='2024 DO NOT TOUCH'!E134 -> 350 | F133: ='2024 DO NOT TOUCH'!F134 -> DC | G133: ='2024 DO NOT TOUCH'!G134 -> 2.5 | H133: ='2024 DO NOT TOUCH'!H134 -> MECH RM ON PREMISE | ... Y133: ='2024 DO NOT TOUCH'!Y134 -> 0
A134: ='2024 DO NOT TOUCH'!A135 -> 1268 | B134: ='2024 DO NOT TOUCH'!B135 -> SERE HQ | C134: ='2024 DO NOT TOUCH'!C135 -> H41442 | D134: ='2024 DO NOT TOUCH'!D135 -> FEBCO | E134: ='2024 DO NOT TOUCH'!E135 -> 850 | F134: ='2024 DO NOT TOUCH'!F135 -> DC | G134: ='2024 DO NOT TOUCH'!G135 -> 2.0 | H134: ='2024 DO NOT TOUCH'!H135 -> IRRIGATION | ... Y134: ='2024 DO NOT TOUCH'!Y135 -> 0
A135: ='2024 DO NOT TOUCH'!A136 -> 1304 | B135: ='2024 DO NOT TOUCH'!B136 -> COMM BLDG NEAR GYM | C135: ='2024 DO NOT TOUCH'!C136 -> KK-0629 | D135: ='2024 DO NOT TOUCH'!D136 -> AMES | E135: ='2024 DO NOT TOUCH'!E136 -> COLT 200 | F135: ='2024 DO NOT TOUCH'!F136 -> DC | G135: ='2024 DO NOT TOUCH'!G136 -> 4.0 | H135: ='2024 DO NOT TOUCH'!H136 -> PREMISE FIRE SYS | ... Y135: ='2024 DO NOT TOUCH'!Y136 -> 0
A136: ='2024 DO NOT TOUCH'!A137 -> 1306 | B136: ='2024 DO NOT TOUCH'!B137 -> SERE GYM | C136: ='2024 DO NOT TOUCH'!C137 -> A07193 | D136: ='2024 DO NOT TOUCH'!D137 -> FEBCO | E136: ='2024 DO NOT TOUCH'!E137 -> 860 | F136: ='2024 DO NOT TOUCH'!F137 -> RP | G136: ='2024 DO NOT TOUCH'!G137 -> 2.0 | H136: ='2024 DO NOT TOUCH'!H137 -> MECH RM HVAC | ... Y136: ='2024 DO NOT TOUCH'!Y137 -> 0
A137: ='2024 DO NOT TOUCH'!A138 -> 1306 | B137: ='2024 DO NOT TOUCH'!B138 -> SERE GYM | C137: ='2024 DO NOT TOUCH'!C138 -> 3079923 | D137: ='2024 DO NOT TOUCH'!D138 -> WILKINS | E137: ='2024 DO NOT TOUCH'!E138 -> 975XL | F137: ='2024 DO NOT TOUCH'!F138 -> RP | G137: ='2024 DO NOT TOUCH'!G138 -> 1.25 | H137: ='2024 DO NOT TOUCH'!H138 -> HVAC IN MECH RM | ... Y137: ='2024 DO NOT TOUCH'!Y138 -> 0
A138: ='2024 DO NOT TOUCH'!A139 -> 1306 | B138: ='2024 DO NOT TOUCH'!B139 -> SERE GYM | C138: ='2024 DO NOT TOUCH'!C139 -> H22164 | D138: ='2024 DO NOT TOUCH'!D139 -> FEBCO | E138: ='2024 DO NOT TOUCH'!E139 -> 850 | F138: ='2024 DO NOT TOUCH'!F139 -> DC | G138: ='2024 DO NOT TOUCH'!G139 -> 2.0 | H138: ='2024 DO NOT TOUCH'!H139 -> MECH RM IRRIGATION | ... Y138: ='2024 DO NOT TOUCH'!Y139 -> 0
A139: ='2024 DO NOT TOUCH'!A140 -> 1306 | B139: ='2024 DO NOT TOUCH'!B140 -> SERE GYM | C139: ='2024 DO NOT TOUCH'!C140 -> J31587 | D139: ='2024 DO NOT TOUCH'!D140 -> WILKINS | E139: ='2024 DO NOT TOUCH'!E140 -> 350 | F139: ='2024 DO NOT TOUCH'!F140 -> DC | G139: ='2024 DO NOT TOUCH'!G140 -> 6.0 | H139: ='2024 DO NOT TOUCH'!H140 -> MECH RM FIRE SYS | ... Y139: ='2024 DO NOT TOUCH'!Y140 -> 0
... A154: ='2024 DO NOT TOUCH'!A155 -> 1712 | B154: ='2024 DO NOT TOUCH'!B155 -> RT HQ | C154: ='2024 DO NOT TOUCH'!C155 -> W341893XLTCU | D154: ='2024 DO NOT TOUCH'!D155 -> WILKINS | E154: ='2024 DO NOT TOUCH'!E155 -> 975XL | F154: ='2024 DO NOT TOUCH'!F155 -> RP | G154: ='2024 DO NOT TOUCH'!G155 -> 0.75 | H154: ='2024 DO NOT TOUCH'!H155 -> BOILER ROOM | ... Y154: ='2024 DO NOT TOUCH'!Y155 -> ISO
A155: ='2024 DO NOT TOUCH'!A156 -> 1712 | B155: ='2024 DO NOT TOUCH'!B156 -> RT HQ | C155: ='2024 DO NOT TOUCH'!C156 -> J26959 | D155: ='2024 DO NOT TOUCH'!D156 -> WILKINS | E155: ='2024 DO NOT TOUCH'!E156 -> 350 | F155: ='2024 DO NOT TOUCH'!F156 -> DC | G155: ='2024 DO NOT TOUCH'!G156 -> 2.5 | H155: ='2024 DO NOT TOUCH'!H156 -> BOILER RM 110 | ... S155: ='2024 DO NOT TOUCH'!S156 -> TESTED | T155: ='2024 DO NOT TOUCH'!#REF! -> #REF! | U155: ='2024 DO NOT TOUCH'!T156 -> PASSED | V155: ='2024 DO NOT TOUCH'!V156 -> 0 | W155: ='2024 DO NOT TOUCH'!W156 -> 0 | X155: ='2024 DO NOT TOUCH'!X156 -> 0 | Y155: ='2024 DO NOT TOUCH'!Y156 -> 0
A156: ='2024 DO NOT TOUCH'!A157 -> 1712 | B156: ='2024 DO NOT TOUCH'!B157 -> RT HQ | C156: ='2024 DO NOT TOUCH'!C157 -> U11446 | D156: ='2024 DO NOT TOUCH'!D157 -> WILKINS | E156: ='2024 DO NOT TOUCH'!E157 -> 350A | F156: ='2024 DO NOT TOUCH'!F157 -> DC | G156: ='2024 DO NOT TOUCH'!G157 -> 6.0 | H156: ='2024 DO NOT TOUCH'!H157 -> BOILER RM 110 FIRE SYS | ... Y156: ='2024 DO NOT TOUCH'!Y157 -> 0
A157: ='2024 DO NOT TOUCH'!A158 -> 1724 | B157: ='2024 DO NOT TOUCH'!B158 -> RT CAMP | C157: ='2024 DO NOT TOUCH'!C158 -> W248746 | D157: ='2024 DO NOT TOUCH'!D158 -> WILKINS | E157: ='2024 DO NOT TOUCH'!E158 -> 975XL | F157: ='2024 DO NOT TOUCH'!F158 -> RP | G157: ='2024 DO NOT TOUCH'!G158 -> 0.5 | H157: ='2024 DO NOT TOUCH'!H158 -> CAMP BATHROOM ICE MACHINE | ... V157: ='2024 DO NOT TOUCH'!V158 -> 0 | W157: ='2024 DO NOT TOUCH'!W159 -> 0 | X157: ='2024 DO NOT TOUCH'!X158 -> W352912 | Y157: ='2024 DO NOT TOUCH'!Y158 -> ISO
A158: ='2024 DO NOT TOUCH'!A159 -> 1724 | B158: ='2024 DO NOT TOUCH'!B159 -> RT CAMP | C158: ='2024 DO NOT TOUCH'!C159 -> 3078467 | D158: ='2024 DO NOT TOUCH'!D159 -> WILKINS | E158: ='2024 DO NOT TOUCH'!E159 -> 975XL | F158: ='2024 DO NOT TOUCH'!F159 -> RP | G158: ='2024 DO NOT TOUCH'!G159 -> 1.0 | H158: ='2024 DO NOT TOUCH'!H159 -> RESTROOM WATER HEATER CLOSET | ... V158: ='2024 DO NOT TOUCH'!V159 -> 0 | W158: ='2024 DO NOT TOUCH'!#REF! -> #REF! | X158: ='2024 DO NOT TOUCH'!X159 -> 0 | Y158: ='2024 DO NOT TOUCH'!Y159 -> 0
A159: ='2024 DO NOT TOUCH'!A160 -> 2005 | B159: ='2024 DO NOT TOUCH'!B160 -> 92ND & 141ST | C159: ='2024 DO NOT TOUCH'!C160 -> 333909 | D159: ='2024 DO NOT TOUCH'!D160 -> WATTS | E159: ='2024 DO NOT TOUCH'!E160 -> 909QT | F159: ='2024 DO NOT TOUCH'!F160 -> RP | G159: ='2024 DO NOT TOUCH'!G160 -> 1.0 | H159: ='2024 DO NOT TOUCH'!H160 -> IRRIGATION REAR OF BLDG | ... Y159: ='2024 DO NOT TOUCH'!Y160 -> RTN TO ISO
A160: ='2024 DO NOT TOUCH'!A161 -> 2005 | B160: ='2024 DO NOT TOUCH'!B161 -> 92ND & 141ST | C160: ='2024 DO NOT TOUCH'!C161 -> 2AL0902 | D160: ='2024 DO NOT TOUCH'!D161 -> AMES | E160: ='2024 DO NOT TOUCH'!E161 -> 2000SS | F160: ='2024 DO NOT TOUCH'!F161 -> DC | G160: ='2024 DO NOT TOUCH'!G161 -> 4.0 | H160: ='2024 DO NOT TOUCH'!H161 -> MECH RM FIRE SYS | ... Y160: ='2024 DO NOT TOUCH'!Y161 -> 0
A161: ='2024 DO NOT TOUCH'!A162 -> 2005 | B161: ='2024 DO NOT TOUCH'!B162 -> 92ND & 141ST | C161: ='2024 DO NOT TOUCH'!C162 -> 2DL3123 | D161: ='2024 DO NOT TOUCH'!D162 -> AMES | E161: ='2024 DO NOT TOUCH'!E162 -> 2000SS | F161: ='2024 DO NOT TOUCH'!F162 -> DC | G161: ='2024 DO NOT TOUCH'!G162 -> 1.5 | H161: ='2024 DO NOT TOUCH'!H162 -> MECH RM | ... Y161: ='2024 DO NOT TOUCH'!Y162 -> 0
A162: ='2024 DO NOT TOUCH'!A163 -> 2005 | B162: ='2024 DO NOT TOUCH'!B163 -> 92ND & 141ST | C162: ='2024 DO NOT TOUCH'!C163 -> A009058 | D162: ='2024 DO NOT TOUCH'!D163 -> FEBCO | E162: ='2024 DO NOT TOUCH'!E163 -> 805Y | F162: ='2024 DO NOT TOUCH'!F163 -> DC | G162: ='2024 DO NOT TOUCH'!G163 -> 2.0 | H162: ='2024 DO NOT TOUCH'!H163 -> BACKSIDE OF BLDG NEAR PIV AND PARKING LOT | ... Y162: ='2024 DO NOT TOUCH'!Y163 -> ISO
A163: ='2024 DO NOT TOUCH'!A164 -> 2007 | B163: ='2024 DO NOT TOUCH'!B164 -> OLD SAFETY | C163: ='2024 DO NOT TOUCH'!C164 -> 2809534 | D163: ='2024 DO NOT TOUCH'!D164 -> WILKINS | E163: ='2024 DO NOT TOUCH'!E164 -> 950XLT | F163: ='2024 DO NOT TOUCH'!F164 -> DC | G163: ='2024 DO NOT TOUCH'!G164 -> 1.5 | H163: ='2024 DO NOT TOUCH'!H164 -> MECH RM HVAC MAKEUP | ... Y163: ='2024 DO NOT TOUCH'!Y164 -> 0
A164: ='2024 DO NOT TOUCH'!A165 -> 2007 | B164: ='2024 DO NOT TOUCH'!B165 -> OLD SAFETY | C164: ='2024 DO NOT TOUCH'!C165 -> 2EN160 | D164: ='2024 DO NOT TOUCH'!D165 -> AMES | E164: ='2024 DO NOT TOUCH'!E165 -> 2000SS | F164: ='2024 DO NOT TOUCH'!F165 -> DC | G164: ='2024 DO NOT TOUCH'!G165 -> 6.0 | H164: ='2024 DO NOT TOUCH'!H165 -> MECH RM FIRE SYS | ... Y164: ='2024 DO NOT TOUCH'!Y165 -> 0
A165: ='2024 DO NOT TOUCH'!A166 -> 2014 | B165: ='2024 DO NOT TOUCH'!B166 -> 2014 | C165: ='2024 DO NOT TOUCH'!C166 -> 3336497 | D165: ='2024 DO NOT TOUCH'!D166 -> WILKINS | E165: ='2024 DO NOT TOUCH'!E166 -> 975XL | F165: ='2024 DO NOT TOUCH'!F166 -> RP | G165: ='2024 DO NOT TOUCH'!G166 -> 2.0 | H165: ='2024 DO NOT TOUCH'!H166 -> UNKNOWN | ... Y165: ='2024 DO NOT TOUCH'!Y166 -> CAN'T FIND
A166: ='2024 DO NOT TOUCH'!A167 -> 2025 | B166: ='2024 DO NOT TOUCH'!B167 -> Snow Barn | C166: ='2024 DO NOT TOUCH'!C167 -> W043053 | D166: ='2024 DO NOT TOUCH'!D167 -> WILKINS | E166: ='2024 DO NOT TOUCH'!E167 -> 975XL | F166: ='2024 DO NOT TOUCH'!F167 -> RP | G166: ='2024 DO NOT TOUCH'!G167 -> 0.75 | H166: ='2024 DO NOT TOUCH'!H167 -> Mech Room | ... Y166: ='2024 DO NOT TOUCH'!Y167 -> 0
A167: ='2024 DO NOT TOUCH'!A168 -> 2025 | B167: ='2024 DO NOT TOUCH'!B168 -> SNOW BARN | C167: ='2024 DO NOT TOUCH'!C168 -> W358370 | D167: ='2024 DO NOT TOUCH'!D168 -> WILKINS | E167: ='2024 DO NOT TOUCH'!E168 -> 975XL | F167: ='2024 DO NOT TOUCH'!F168 -> RP | G167: ='2024 DO NOT TOUCH'!G168 -> 0.5 | H167: ='2024 DO NOT TOUCH'!H168 -> LARGE ICE MACHINE | ... Y167: ='2024 DO NOT TOUCH'!Y168 -> 0
A168: ='2024 DO NOT TOUCH'!A169 -> 2025 | B168: ='2024 DO NOT TOUCH'!B169 -> SNOW BARN | C168: ='2024 DO NOT TOUCH'!C169 -> W358538 | D168: ='2024 DO NOT TOUCH'!D169 -> WILKINS | E168: ='2024 DO NOT TOUCH'!E169 -> 975XL | F168: ='2024 DO NOT TOUCH'!F169 -> RP | G168: ='2024 DO NOT TOUCH'!G169 -> 0.5 | H168: ='2024 DO NOT TOUCH'!H169 -> SMALL ICE MACHINE | ... Y168: ='2024 DO NOT TOUCH'!Y169 -> 0
A169: ='2024 DO NOT TOUCH'!A170 -> 2025 | B169: ='2024 DO NOT TOUCH'!B170 -> SNOW BARN | C169: ='2024 DO NOT TOUCH'!C170 -> 3340281 | D169: ='2024 DO NOT TOUCH'!D170 -> WILKINS | E169: ='2024 DO NOT TOUCH'!E170 -> 975XL | F169: ='2024 DO NOT TOUCH'!F170 -> RP | G169: ='2024 DO NOT TOUCH'!G170 -> 2.0 | H169: ='2024 DO NOT TOUCH'!H170 -> WASH RACK FOR CAR WASH BOILER | ... Y169: ='2024 DO NOT TOUCH'!Y170 -> 0
A170: ='2024 DO NOT TOUCH'!A171 -> 2025 | B170: ='2024 DO NOT TOUCH'!B171 -> SNOW BARN | C170: ='2024 DO NOT TOUCH'!C171 -> 3356179 | D170: ='2024 DO NOT TOUCH'!D171 -> WILKINS | E170: ='2024 DO NOT TOUCH'!E171 -> 975XL | F170: ='2024 DO NOT TOUCH'!F171 -> RP | G170: ='2024 DO NOT TOUCH'!G171 -> 2.0 | H170: ='2024 DO NOT TOUCH'!H171 -> WASH RACK FOR CAR WASH | ... Y170: ='2024 DO NOT TOUCH'!Y171 -> 0
... A188: ='2024 DO NOT TOUCH'!A189 -> 2048 | B188: ='2024 DO NOT TOUCH'!B189 -> FLIGHT SIM | C188: ='2024 DO NOT TOUCH'!C189 -> J017500 | D188: ='2024 DO NOT TOUCH'!D189 -> FEBCO | E188: ='2024 DO NOT TOUCH'!E189 -> 825Y | F188: ='2024 DO NOT TOUCH'!F189 -> RP | G188: ='2024 DO NOT TOUCH'!G189 -> 0.75 | H188: ='2024 DO NOT TOUCH'!H189 -> IN MECH RM ON WATER SOFTNER | ... Y188: ='2024 DO NOT TOUCH'!Y189 -> 0
A189: ='2024 DO NOT TOUCH'!A190 -> 2048 | B189: ='2024 DO NOT TOUCH'!B190 -> FLIGHT SIM | C189: ='2024 DO NOT TOUCH'!C190 -> 236000310 | D189: ='2024 DO NOT TOUCH'!D190 -> AMES | E189: ='2024 DO NOT TOUCH'!E190 -> 4000SS | F189: ='2024 DO NOT TOUCH'!F190 -> RP | G189: ='2024 DO NOT TOUCH'!G190 -> 2.5 | H189: ='2024 DO NOT TOUCH'!H190 -> MECH RM BLDG PREMISE | ... O189: ='2024 DO NOT TOUCH'!O190 -> PASS | P189: ='2024 DO NOT TOUCH'!#REF! -> #REF! | Q189: ='2024 DO NOT TOUCH'!Q190 -> 0 | R189: ='2024 DO NOT TOUCH'!R190 -> 2.8 | S189: ='2024 DO NOT TOUCH'!S190 -> TESTED | T189: ='2024 DO NOT TOUCH'!T190 -> PASSED | U189: ='2024 DO NOT TOUCH'!U190 -> 0 | V189: ='2024 DO NOT TOUCH'!V190 -> 0 | W189: ='2024 DO NOT TOUCH'!W190 -> 0 | X189: ='2024 DO NOT TOUCH'!X190 -> 0 | Y189: ='2024 DO NOT TOUCH'!Y190 -> 0
A190: ='2024 DO NOT TOUCH'!A191 -> 2048 | B190: ='2024 DO NOT TOUCH'!B191 -> FLIGHT SIM | C190: ='2024 DO NOT TOUCH'!C191 -> 808559 | D190: ='2024 DO NOT TOUCH'!D191 -> HERSEY | E190: ='2024 DO NOT TOUCH'!E191 -> 2 | F190: ='2024 DO NOT TOUCH'!F191 -> DC | G190: ='2024 DO NOT TOUCH'!G191 -> 6.0 | H190: ='2024 DO NOT TOUCH'!H191 -> MECH RM FIRE SYS | ... O190: ='2024 DO NOT TOUCH'!O191 -> PASS | P190: ='2024 DO NOT TOUCH'!P190 -> 7 | Q190: ='2024 DO NOT TOUCH'!Q191 -> 3.2 | R190: ='2024 DO NOT TOUCH'!R191 -> 0 | S190: ='2024 DO NOT TOUCH'!S191 -> TESTED | T190: ='2024 DO NOT TOUCH'!T191 -> PASSED | U190: ='2024 DO NOT TOUCH'!U191 -> 0 | V190: ='2024 DO NOT TOUCH'!V191 -> 0 | W190: ='2024 DO NOT TOUCH'!W191 -> 0 | X190: ='2024 DO NOT TOUCH'!X191 -> 0 | Y190: ='2024 DO NOT TOUCH'!Y191 -> 0
A191: ='2024 DO NOT TOUCH'!A192 -> 2048 | B191: ='2024 DO NOT TOUCH'!B192 -> FLIGHT SIM | C191: ='2024 DO NOT TOUCH'!C192 -> 21K0785 | D191: ='2024 DO NOT TOUCH'!D192 -> AMES | E191: ='2024 DO NOT TOUCH'!E192 -> 2000SE | F191: ='2024 DO NOT TOUCH'!F192 -> DC | G191: ='2024 DO NOT TOUCH'!G192 -> 8.0 | H191: ='2024 DO NOT TOUCH'!H192 -> MECH RM FIRE SYS | ... Y191: ='2024 DO NOT TOUCH'!Y192 -> 0
A192: ='2024 DO NOT TOUCH'!A193 -> 2048 | B192: ='2024 DO NOT TOUCH'!B193 -> FLIGHT SIM | C192: ='2024 DO NOT TOUCH'!C193 -> U2549 | D192: ='2024 DO NOT TOUCH'!D193 -> FEBCO | E192: ='2024 DO NOT TOUCH'!E193 -> 805Y | F192: ='2024 DO NOT TOUCH'!F193 -> DC | G192: ='2024 DO NOT TOUCH'!G193 -> 1.5 | H192: ='2024 DO NOT TOUCH'!H193 -> MECH RM IRRIGATION | ... Y192: ='2024 DO NOT TOUCH'!Y193 -> 0
A193: ='2024 DO NOT TOUCH'!A194 -> 2050 | B193: ='2024 DO NOT TOUCH'!B194 -> HANGER 2050 | C193: ='2024 DO NOT TOUCH'!C194 -> W185677 | D193: ='2024 DO NOT TOUCH'!D194 -> WILKINS | E193: ='2024 DO NOT TOUCH'!E194 -> 975XL | F193: ='2024 DO NOT TOUCH'!F194 -> RP | G193: ='2024 DO NOT TOUCH'!G194 -> 1.0 | H193: ='2024 DO NOT TOUCH'!H194 -> METALS SHOP WATER JETTER | ... Y193: ='2024 DO NOT TOUCH'!Y194 -> 0
A194: ='2024 DO NOT TOUCH'!A195 -> 2050 | B194: ='2024 DO NOT TOUCH'!B195 -> HANGER 2050 | C194: ='2024 DO NOT TOUCH'!C195 -> W358378 | D194: ='2024 DO NOT TOUCH'!D195 -> WILKINS | E194: ='2024 DO NOT TOUCH'!E195 -> 975XL | F194: ='2024 DO NOT TOUCH'!F195 -> RP | G194: ='2024 DO NOT TOUCH'!G195 -> 0.5 | H194: ='2024 DO NOT TOUCH'!H195 -> TIRE SHOP ON WHEEL WASHER | ... Y194: ='2024 DO NOT TOUCH'!Y195 -> 0
A195: ='2024 DO NOT TOUCH'!A196 -> 2050 | B195: ='2024 DO NOT TOUCH'!B196 -> HANGER 2050 | C195: ='2024 DO NOT TOUCH'!C196 -> Z28343 | D195: ='2024 DO NOT TOUCH'!D196 -> WILKINS | E195: ='2024 DO NOT TOUCH'!E196 -> 575A | F195: ='2024 DO NOT TOUCH'!F196 -> RP | G195: ='2024 DO NOT TOUCH'!G196 -> 1.0 | H195: ='2024 DO NOT TOUCH'!H196 -> WEST ANNEX 3RD FLOOR HVAC | ... Y195: ='2024 DO NOT TOUCH'!Y196 -> REMOVED
A196: ='2024 DO NOT TOUCH'!A197 -> 2050 | B196: ='2024 DO NOT TOUCH'!B197 -> HANGER 2050 | C196: ='2024 DO NOT TOUCH'!C197 -> Z28324 | D196: ='2024 DO NOT TOUCH'!D197 -> WILKINS | E196: ='2024 DO NOT TOUCH'!E197 -> 575A | F196: ='2024 DO NOT TOUCH'!F197 -> RP | G196: ='2024 DO NOT TOUCH'!G197 -> 1.0 | H196: ='2024 DO NOT TOUCH'!H197 -> EAST ANNEX 3RD FLOOR HVAC | ... Y196: ='2024 DO NOT TOUCH'!Y197 -> REMOVED
A197: ='2024 DO NOT TOUCH'!A198 -> 2050 | B197: ='2024 DO NOT TOUCH'!B198 -> HANGER 2050 | C197: ='2024 DO NOT TOUCH'!C198 -> W358303 | D197: ='2024 DO NOT TOUCH'!D198 -> WILKINS | E197: ='2024 DO NOT TOUCH'!E198 -> 975XL | F197: ='2024 DO NOT TOUCH'!F198 -> RP | G197: ='2024 DO NOT TOUCH'!G198 -> 1.0 | H197: ='2024 DO NOT TOUCH'!H198 -> HYDRAULIC TEST STAND SUPPLY | ... Y197: ='2024 DO NOT TOUCH'!Y198 -> DRAIN LINE CAPPED
A198: ='2024 DO NOT TOUCH'!A199 -> 2050 | B198: ='2024 DO NOT TOUCH'!B199 -> HANGER 2050 | C198: ='2024 DO NOT TOUCH'!C199 -> X31140 | D198: ='2024 DO NOT TOUCH'!D199 -> WILKINS | E198: ='2024 DO NOT TOUCH'!E199 -> 375A | F198: ='2024 DO NOT TOUCH'!F199 -> RP | G198: ='2024 DO NOT TOUCH'!G199 -> 10.0 | H198: ='2024 DO NOT TOUCH'!H199 -> IN AGE SHOP FIRE | ... Y198: ='2024 DO NOT TOUCH'!Y199 -> 0
A199: ='2024 DO NOT TOUCH'!A200 -> 2050 | B199: ='2024 DO NOT TOUCH'!B200 -> HANGER 2050 | C199: ='2024 DO NOT TOUCH'!C200 -> X31139 | D199: ='2024 DO NOT TOUCH'!D200 -> WILKINS | E199: ='2024 DO NOT TOUCH'!E200 -> 375A | F199: ='2024 DO NOT TOUCH'!F200 -> RP | G199: ='2024 DO NOT TOUCH'!G200 -> 10.0 | H199: ='2024 DO NOT TOUCH'!H200 -> IN AGE SHOP FIRE | ... Y199: ='2024 DO NOT TOUCH'!Y200 -> 0
A200: ='2024 DO NOT TOUCH'!A201 -> 2050 | B200: ='2024 DO NOT TOUCH'!B201 -> HANGER 2050 | C200: ='2024 DO NOT TOUCH'!C201 -> J10276 | D200: ='2024 DO NOT TOUCH'!D201 -> WILKINS | E200: ='2024 DO NOT TOUCH'!E201 -> 350 | F200: ='2024 DO NOT TOUCH'!F201 -> DC | G200: ='2024 DO NOT TOUCH'!G201 -> 6.0 | H200: ='2024 DO NOT TOUCH'!H201 -> NE HANGER #1 FIRE SYS | ... Y200: ='2024 DO NOT TOUCH'!Y201 -> 0
A201: ='2024 DO NOT TOUCH'!A202 -> 2050 | B201: ='2024 DO NOT TOUCH'!B202 -> HANGER 2050 | C201: ='2024 DO NOT TOUCH'!C202 -> 38142 | D201: ='2024 DO NOT TOUCH'!D202 -> FEBCO | E201: ='2024 DO NOT TOUCH'!E202 -> 825Y | F201: ='2024 DO NOT TOUCH'!F202 -> RP | G201: ='2024 DO NOT TOUCH'!G202 -> 0.75 | H201: ='2024 DO NOT TOUCH'!H202 -> PENETRANT LINE IN NDI LAB HOT WATER | ... Y201: ='2024 DO NOT TOUCH'!Y202 -> 0
A202: ='2024 DO NOT TOUCH'!A203 -> 2050 | B202: ='2024 DO NOT TOUCH'!B203 -> HANGER 2050 | C202: ='2024 DO NOT TOUCH'!C203 -> H17947 | D202: ='2024 DO NOT TOUCH'!D203 -> FEBCO | E202: ='2024 DO NOT TOUCH'!E203 -> 825Y | F202: ='2024 DO NOT TOUCH'!F203 -> RP | G202: ='2024 DO NOT TOUCH'!G203 -> 0.75 | H202: ='2024 DO NOT TOUCH'!H203 -> PENETRANT LINE NDI LAB COLD WATER | ... Y202: ='2024 DO NOT TOUCH'!Y203 -> 0
... A219: ='2024 DO NOT TOUCH'!A220 -> 2096 | B219: ='2024 DO NOT TOUCH'!B220 -> READINESS | C219: ='2024 DO NOT TOUCH'!C220 -> 3080700 | D219: ='2024 DO NOT TOUCH'!D220 -> WILKINS | E219: ='2024 DO NOT TOUCH'!E220 -> 975XL | F219: ='2024 DO NOT TOUCH'!F220 -> RP | G219: ='2024 DO NOT TOUCH'!G220 -> 1.5 | H219: ='2024 DO NOT TOUCH'!H220 -> MECH RM ON WATER HEATER | ... Y219: ='2024 DO NOT TOUCH'!Y220 -> 0
A220: ='2024 DO NOT TOUCH'!A221 -> 2096 | B220: ='2024 DO NOT TOUCH'!B221 -> READINESS | C220: ='2024 DO NOT TOUCH'!C221 -> 212373 | D220: ='2024 DO NOT TOUCH'!D221 -> WATTS | E220: ='2024 DO NOT TOUCH'!E221 -> 009M2QT | F220: ='2024 DO NOT TOUCH'!F221 -> RP | G220: ='2024 DO NOT TOUCH'!G221 -> 2.0 | H220: ='2024 DO NOT TOUCH'!H221 -> MECH RM PREMISE | ... V220: ='2024 DO NOT TOUCH'!V221 -> 0 | W220: ='2024 DO NOT TOUCH'!#REF! -> #REF! | X220: ='2024 DO NOT TOUCH'!X221 -> 0 | Y220: ='2024 DO NOT TOUCH'!Y221 -> 0
A221: ='2024 DO NOT TOUCH'!A222 -> 2096 | B221: ='2024 DO NOT TOUCH'!B222 -> READINESS | C221: ='2024 DO NOT TOUCH'!C222 -> F0403121509 | D221: ='2024 DO NOT TOUCH'!D222 -> FEBCO | E221: ='2024 DO NOT TOUCH'!E222 -> 850 | F221: ='2024 DO NOT TOUCH'!F222 -> DC | G221: ='2024 DO NOT TOUCH'!G222 -> 3.0 | H221: ='2024 DO NOT TOUCH'!H222 -> MECH RM FIRE SYS | ... V221: ='2024 DO NOT TOUCH'!V222 -> 0 | W221: ='2024 DO NOT TOUCH'!W221 -> 0 | X221: ='2024 DO NOT TOUCH'!X222 -> 0 | Y221: ='2024 DO NOT TOUCH'!Y222 -> 0
A222: ='2024 DO NOT TOUCH'!A223 -> 2097 | B222: ='2024 DO NOT TOUCH'!B223 -> 92 ARW | C222: ='2024 DO NOT TOUCH'!C223 -> 3079891 | D222: ='2024 DO NOT TOUCH'!D223 -> WILKINS | E222: ='2024 DO NOT TOUCH'!E223 -> 975XL | F222: ='2024 DO NOT TOUCH'!F223 -> RP | G222: ='2024 DO NOT TOUCH'!G223 -> 1.25 | H222: ='2024 DO NOT TOUCH'!H223 -> MECH RM PREMISE | ... Y222: ='2024 DO NOT TOUCH'!Y223 -> 0
A223: ='2024 DO NOT TOUCH'!A224 -> 2097 | B223: ='2024 DO NOT TOUCH'!B224 -> 92 ARW | C223: ='2024 DO NOT TOUCH'!C224 -> 42162 | D223: ='2024 DO NOT TOUCH'!D224 -> WATTS | E223: ='2024 DO NOT TOUCH'!E224 -> 009QT | F223: ='2024 DO NOT TOUCH'!F224 -> RP | G223: ='2024 DO NOT TOUCH'!G224 -> 1.0 | H223: ='2024 DO NOT TOUCH'!H224 -> MECH RM HVAC | ... Y223: ='2024 DO NOT TOUCH'!Y224 -> 0
A224: ='2024 DO NOT TOUCH'!A225 -> 2097 | B224: ='2024 DO NOT TOUCH'!B225 -> 92 ARW | C224: ='2024 DO NOT TOUCH'!C225 -> 2DM0778 | D224: ='2024 DO NOT TOUCH'!D225 -> AMES | E224: ='2024 DO NOT TOUCH'!E225 -> 2000SS | F224: ='2024 DO NOT TOUCH'!F225 -> DC | G224: ='2024 DO NOT TOUCH'!G225 -> 4.0 | H224: ='2024 DO NOT TOUCH'!H225 -> MECH RM FIRE SYS | ... U224: ='2024 DO NOT TOUCH'!U225 -> 0 | V224: ='2024 DO NOT TOUCH'!#REF! -> #REF! | W224: ='2024 DO NOT TOUCH'!W225 -> 0 | X224: ='2024 DO NOT TOUCH'!X225 -> 0 | Y224: ='2024 DO NOT TOUCH'!Y225 -> 0
A225: ='2024 DO NOT TOUCH'!A226 -> 2115 | B225: ='2024 DO NOT TOUCH'!B226 -> VEHICLE MAINTENANCE | C225: ='2024 DO NOT TOUCH'!C226 -> 411273 | D225: ='2024 DO NOT TOUCH'!D226 -> WATTS | E225: ='2024 DO NOT TOUCH'!E226 -> 909QT | F225: ='2024 DO NOT TOUCH'!F226 -> RP | G225: ='2024 DO NOT TOUCH'!G226 -> 0.75 | H225: ='2024 DO NOT TOUCH'!H226 -> WATER MAZE WASH RACK | ... U225: ='2024 DO NOT TOUCH'!U226 -> 0 | V225: ='2024 DO NOT TOUCH'!V227 -> 0 | W225: ='2024 DO NOT TOUCH'!W226 -> 0 | X225: ='2024 DO NOT TOUCH'!X226 -> 0 | Y225: ='2024 DO NOT TOUCH'!Y226 -> 0
A226: ='2024 DO NOT TOUCH'!A227 -> 2115 | B226: ='2024 DO NOT TOUCH'!B227 -> VEHICLE MAINTENANCE | C226: ='2024 DO NOT TOUCH'!C227 -> W017025 | D226: ='2024 DO NOT TOUCH'!D227 -> WILKINS | E226: ='2024 DO NOT TOUCH'!E227 -> 975XL | F226: ='2024 DO NOT TOUCH'!F227 -> RP | G226: ='2024 DO NOT TOUCH'!G227 -> 1.0 | H226: ='2024 DO NOT TOUCH'!H227 -> HVAC MAKEUP IN BOILER RM IN CORNER | ... U226: ='2024 DO NOT TOUCH'!U227 -> 0 | V226: ='2024 DO NOT TOUCH'!#REF! -> #REF! | W226: ='2024 DO NOT TOUCH'!W227 -> 0 | X226: ='2024 DO NOT TOUCH'!X227 -> 0 | Y226: ='2024 DO NOT TOUCH'!Y227 -> CTR TESTED
A227: ='2024 DO NOT TOUCH'!A228 -> 2115 | B227: ='2024 DO NOT TOUCH'!B228 -> VEHICLE MAINTENANCE | C227: ='2024 DO NOT TOUCH'!C228 -> 3079704 | D227: ='2024 DO NOT TOUCH'!D228 -> WILKINS | E227: ='2024 DO NOT TOUCH'!E228 -> 975XL | F227: ='2024 DO NOT TOUCH'!F228 -> RP | G227: ='2024 DO NOT TOUCH'!G228 -> 0.75 | H227: ='2024 DO NOT TOUCH'!H228 -> RIGHT SIDE OF EAST ROLL UP DOOR/CHEM FEED | ... Y227: ='2024 DO NOT TOUCH'!Y228 -> ISO
A228: ='2024 DO NOT TOUCH'!A229 -> 2115 | B228: ='2024 DO NOT TOUCH'!B229 -> VEHICLE MAINTENANCE | C228: ='2024 DO NOT TOUCH'!C229 -> 1445220205 | D228: ='2024 DO NOT TOUCH'!D229 -> AMES | E228: ='2024 DO NOT TOUCH'!E229 -> 2000SS | F228: ='2024 DO NOT TOUCH'!F229 -> DC | G228: ='2024 DO NOT TOUCH'!G229 -> 8.0 | H228: ='2024 DO NOT TOUCH'!H229 -> FIRE SYS 2050 SIDE | ... Y228: ='2024 DO NOT TOUCH'!Y229 -> 0
A229: ='2024 DO NOT TOUCH'!A230 -> 2116 | B229: ='2024 DO NOT TOUCH'!B230 -> CARWASH | C229: ='2024 DO NOT TOUCH'!C230 -> 3080710 | D229: ='2024 DO NOT TOUCH'!D230 -> WILKINS | E229: ='2024 DO NOT TOUCH'!E230 -> 975XL | F229: ='2024 DO NOT TOUCH'!F230 -> RP | G229: ='2024 DO NOT TOUCH'!G230 -> 1.5 | H229: ='2024 DO NOT TOUCH'!H230 -> PREMISE SUPPLY | ... Y229: ='2024 DO NOT TOUCH'!Y230 -> 0
...

Sheet 2023 CONTRACTOR Master List 
A1: ='2022 CONTRACTOR DO NOT TOUCH'!A1 | B1: ='2024 CONTRACTOR DO NOT TOUCH'!B1 -> BLDG NAME | C1: ='2024 CONTRACTOR DO NOT TOUCH'!C1 -> SERIAL # | D1: ='2024 CONTRACTOR DO NOT TOUCH'!D1 -> MAKE | E1: ='2024 CONTRACTOR DO NOT TOUCH'!E1 -> MODEL | F1: ='2024 CONTRACTOR DO NOT TOUCH'!F1 -> BF TYPE | G1: ='2024 CONTRACTOR DO NOT TOUCH'!G1 -> SIZE | H1: ='2024 CONTRACTOR DO NOT TOUCH'!H1 -> LAST TEST | I1: ='2024 CONTRACTOR DO NOT TOUCH'!I1 -> LOCATION | ... Y1: ='2024 CONTRACTOR DO NOT TOUCH'!Y1 -> NOTES
A2: SCHOOL | B2: ='2024 CONTRACTOR DO NOT TOUCH'!B2 -> MICHAEL ANDERSON | C2: ='2024 CONTRACTOR DO NOT TOUCH'!C2 -> F0204080725 | D2: ='2024 CONTRACTOR DO NOT TOUCH'!D2 -> FEBCO | E2: ='2024 CONTRACTOR DO NOT TOUCH'!E2 -> 850 | F2: ='2024 CONTRACTOR DO NOT TOUCH'!F2 -> DC | G2: ='2024 CONTRACTOR DO NOT TOUCH'!G2 -> 4.0 | H2: ='2024 CONTRACTOR DO NOT TOUCH'!H2 -> 0 | I2: ='2024 CONTRACTOR DO NOT TOUCH'!I2 -> IRR WEST OF SCHOOL FENCED AREA | ... Y2: ='2024 CONTRACTOR DO NOT TOUCH'!Y2 -> 0
A3: ='2024 CONTRACTOR DO NOT TOUCH'!A3 -> SCHOOL | B3: ='2024 CONTRACTOR DO NOT TOUCH'!B3 -> MICHAEL ANDERSON | C3: ='2024 CONTRACTOR DO NOT TOUCH'!C3 -> 1339754 | D3: ='2024 CONTRACTOR DO NOT TOUCH'!D3 -> WILKINS | E3: ='2024 CONTRACTOR DO NOT TOUCH'!E3 -> 975XL | F3: ='2024 CONTRACTOR DO NOT TOUCH'!F3 -> RP | G3: ='2024 CONTRACTOR DO NOT TOUCH'!G3 -> 0.75 | H3: ='2024 CONTRACTOR DO NOT TOUCH'!H3 -> 0 | ... Y3: ='2024 CONTRACTOR DO NOT TOUCH'!Y3 -> 0
A4: ='2024 CONTRACTOR DO NOT TOUCH'!A4 -> SCHOOL | B4: ='2024 CONTRACTOR DO NOT TOUCH'!B4 -> MICHAEL ANDERSON | C4: ='2024 CONTRACTOR DO NOT TOUCH'!C4 -> U28838 | D4: ='2024 CONTRACTOR DO NOT TOUCH'!D4 -> WILKINS | E4: ='2024 CONTRACTOR DO NOT TOUCH'!E4 -> 350A | F4: ='2024 CONTRACTOR DO NOT TOUCH'!F4 -> DC | G4: ='2024 CONTRACTOR DO NOT TOUCH'!G4 -> 4.0 | H4: ='2024 CONTRACTOR DO NOT TOUCH'!H4 -> 0 | ... Y4: ='2024 CONTRACTOR DO NOT TOUCH'!Y4 -> 0
A5: ='2024 CONTRACTOR DO NOT TOUCH'!A5 -> SCHOOL | B5: ='2024 CONTRACTOR DO NOT TOUCH'!B5 -> MICHAEL ANDERSON | C5: ='2024 CONTRACTOR DO NOT TOUCH'!C5 -> J08247 | D5: ='2024 CONTRACTOR DO NOT TOUCH'!D5 -> WILKINS | E5: ='2024 CONTRACTOR DO NOT TOUCH'!E5 -> 350 | F5: ='2024 CONTRACTOR DO NOT TOUCH'!F5 -> DC | G5: ='2024 CONTRACTOR DO NOT TOUCH'!G5 -> 3.0 | H5: ='2024 CONTRACTOR DO NOT TOUCH'!H5 -> 43822 | ... Y5: ='2024 CONTRACTOR DO NOT TOUCH'!Y5 -> 0
A6: ='2024 CONTRACTOR DO NOT TOUCH'!A6 -> HOUSING | B6: ='2024 CONTRACTOR DO NOT TOUCH'!B6 -> FAFB HOUSING | C6: ='2024 CONTRACTOR DO NOT TOUCH'!C6 -> 008307 | D6: ='2024 CONTRACTOR DO NOT TOUCH'!D6 -> WATTS | E6: ='2024 CONTRACTOR DO NOT TOUCH'!E6 -> LF007M1QT | F6: ='2024 CONTRACTOR DO NOT TOUCH'!F6 -> DC | G6: ='2024 CONTRACTOR DO NOT TOUCH'!G6 -> 2.0 | H6: ='2024 CONTRACTOR DO NOT TOUCH'!H6 -> 0 | ... Y6: ='2024 CONTRACTOR DO NOT TOUCH'!Y6 -> 0
A7: ='2024 CONTRACTOR DO NOT TOUCH'!A7 -> HOUSING | B7: ='2024 CONTRACTOR DO NOT TOUCH'!B7 -> FAFB HOUSING | C7: ='2024 CONTRACTOR DO NOT TOUCH'!C7 -> X13788 | D7: ='2024 CONTRACTOR DO NOT TOUCH'!D7 -> WILKINS | E7: ='2024 CONTRACTOR DO NOT TOUCH'!E7 -> 375A | F7: ='2024 CONTRACTOR DO NOT TOUCH'!F7 -> RP | G7: ='2024 CONTRACTOR DO NOT TOUCH'!G7 -> 8.0 | H7: ='2024 CONTRACTOR DO NOT TOUCH'!H7 -> 0 | ... Y7: ='2024 CONTRACTOR DO NOT TOUCH'!Y7 -> 0
A8: ='2024 CONTRACTOR DO NOT TOUCH'!A8 -> HOUSING | B8: ='2024 CONTRACTOR DO NOT TOUCH'!B8 -> FAFB HOUSING | C8: ='2024 CONTRACTOR DO NOT TOUCH'!C8 -> L50441 | D8: ='2024 CONTRACTOR DO NOT TOUCH'!D8 -> WILKINS | E8: ='2024 CONTRACTOR DO NOT TOUCH'!E8 -> 375 | F8: ='2024 CONTRACTOR DO NOT TOUCH'!F8 -> RP | G8: ='2024 CONTRACTOR DO NOT TOUCH'!G8 -> 10.0 | H8: ='2024 CONTRACTOR DO NOT TOUCH'!H8 -> 0 | ... Y8: ='2024 CONTRACTOR DO NOT TOUCH'!Y8 -> 0
A9: ='2024 CONTRACTOR DO NOT TOUCH'!A9 -> HOUSING | B9: ='2024 CONTRACTOR DO NOT TOUCH'!B9 -> FAFB HOUSING | C9: ='2024 CONTRACTOR DO NOT TOUCH'!C9 -> L50440 | D9: ='2024 CONTRACTOR DO NOT TOUCH'!D9 -> WILKINS | E9: ='2024 CONTRACTOR DO NOT TOUCH'!E9 -> 375 | F9: ='2024 CONTRACTOR DO NOT TOUCH'!F9 -> RP | G9: ='2024 CONTRACTOR DO NOT TOUCH'!G9 -> 10.0 | H9: ='2024 CONTRACTOR DO NOT TOUCH'!H9 -> 0 | ... Y9: ='2024 CONTRACTOR DO NOT TOUCH'!Y9 -> 0
A10: ='2024 CONTRACTOR DO NOT TOUCH'!A10 -> HOUSING | B10: ='2024 CONTRACTOR DO NOT TOUCH'!B10 -> FAFB HOUSING | C10: ='2024 CONTRACTOR DO NOT TOUCH'!C10 -> L50442 | D10: ='2024 CONTRACTOR DO NOT TOUCH'!D10 -> WILKINS | E10: ='2024 CONTRACTOR DO NOT TOUCH'!E10 -> 375A | F10: ='2024 CONTRACTOR DO NOT TOUCH'!F10 -> RP | G10: ='2024 CONTRACTOR DO NOT TOUCH'!G10 -> 10.0 | H10: ='2024 CONTRACTOR DO NOT TOUCH'!H10 -> 0 | ... Y10: ='2024 CONTRACTOR DO NOT TOUCH'!Y10 -> 0
A11: ='2024 CONTRACTOR DO NOT TOUCH'!A11 -> 0001 | B11: ='2024 CONTRACTOR DO NOT TOUCH'!B11 -> ALASKA BOILER | C11: ='2024 CONTRACTOR DO NOT TOUCH'!C11 -> 3336495 | D11: ='2024 CONTRACTOR DO NOT TOUCH'!D11 -> WILKINS | E11: ='2024 CONTRACTOR DO NOT TOUCH'!E11 -> 975XL | F11: ='2024 CONTRACTOR DO NOT TOUCH'!F11 -> RP | G11: ='2024 CONTRACTOR DO NOT TOUCH'!G11 -> 0.75 | H11: ='2024 CONTRACTOR DO NOT TOUCH'!H11 -> 0 | ... Y11: ='2024 CONTRACTOR DO NOT TOUCH'!Y11 -> 0
A12: ='2024 CONTRACTOR DO NOT TOUCH'!A12 -> 0001 | B12: ='2024 CONTRACTOR DO NOT TOUCH'!B12 -> ALASKA BOILER | C12: ='2024 CONTRACTOR DO NOT TOUCH'!C12 -> 1363820 | D12: ='2024 CONTRACTOR DO NOT TOUCH'!D12 -> WILKINS | E12: ='2024 CONTRACTOR DO NOT TOUCH'!E12 -> 975XL | F12: ='2024 CONTRACTOR DO NOT TOUCH'!F12 -> RP | G12: ='2024 CONTRACTOR DO NOT TOUCH'!G12 -> 0.75 | H12: ='2024 CONTRACTOR DO NOT TOUCH'!H12 -> 0 | ... Y12: ='2024 CONTRACTOR DO NOT TOUCH'!Y12 -> 0
A13: ='2024 CONTRACTOR DO NOT TOUCH'!A13 -> 0285 | B13: ='2024 CONTRACTOR DO NOT TOUCH'!B13 -> ALASKA BOILER | C13: ='2024 CONTRACTOR DO NOT TOUCH'!C13 -> 1394537 | D13: ='2024 CONTRACTOR DO NOT TOUCH'!D13 -> WILKINS | E13: ='2024 CONTRACTOR DO NOT TOUCH'!E13 -> 975XL | F13: ='2024 CONTRACTOR DO NOT TOUCH'!F13 -> RP | G13: ='2024 CONTRACTOR DO NOT TOUCH'!G13 -> 0.75 | H13: ='2024 CONTRACTOR DO NOT TOUCH'!H13 -> 0 | ... Y13: ='2024 CONTRACTOR DO NOT TOUCH'!Y13 -> 0
A14: ='2024 CONTRACTOR DO NOT TOUCH'!A14 -> 1029 | B14: ='2024 CONTRACTOR DO NOT TOUCH'!B14 -> ALASKA BOILER | C14: ='2024 CONTRACTOR DO NOT TOUCH'!C14 -> 1363765 | D14: ='2024 CONTRACTOR DO NOT TOUCH'!D14 -> WILKINS | E14: ='2024 CONTRACTOR DO NOT TOUCH'!E14 -> 975XL | F14: ='2024 CONTRACTOR DO NOT TOUCH'!F14 -> RP | G14: ='2024 CONTRACTOR DO NOT TOUCH'!G14 -> 0.75 | H14: ='2024 CONTRACTOR DO NOT TOUCH'!H14 -> 0 | ... Y14: ='2024 CONTRACTOR DO NOT TOUCH'!Y14 -> 0
... A80: ='2024 CONTRACTOR DO NOT TOUCH'!A80 -> 2424 | B80: ='2024 CONTRACTOR DO NOT TOUCH'!B80 -> CLINIC | C80: ='2024 CONTRACTOR DO NOT TOUCH'!C80 -> V38798 | D80: ='2024 CONTRACTOR DO NOT TOUCH'!D80 -> WILKINS | E80: ='2024 CONTRACTOR DO NOT TOUCH'!E80 -> 350ADA | F80: ='2024 CONTRACTOR DO NOT TOUCH'!F80 -> DCDA | G80: ='2024 CONTRACTOR DO NOT TOUCH'!G80 -> 2.5 | H80: ='2024 CONTRACTOR DO NOT TOUCH'!H80 -> 0 | ... Y80: ='2024 CONTRACTOR DO NOT TOUCH'!Y80 -> 0
A81: ='2024 CONTRACTOR DO NOT TOUCH'!A82 -> 2424 | B81: ='2024 CONTRACTOR DO NOT TOUCH'!B82 -> CLINIC | C81: ='2024 CONTRACTOR DO NOT TOUCH'!C82 -> 384426 | D81: ='2024 CONTRACTOR DO NOT TOUCH'!D82 -> WILKINS | E81: ='2024 CONTRACTOR DO NOT TOUCH'!E82 -> 950XL | F81: ='2024 CONTRACTOR DO NOT TOUCH'!F82 -> DCDA | G81: ='2024 CONTRACTOR DO NOT TOUCH'!G82 -> 0.75 | H81: ='2024 CONTRACTOR DO NOT TOUCH'!H82 -> 0 | ... Y81: ='2024 CONTRACTOR DO NOT TOUCH'!Y82 -> 0
A82: ='2024 CONTRACTOR DO NOT TOUCH'!A83 -> 2425 | B82: ='2024 CONTRACTOR DO NOT TOUCH'!B83 -> CLINIC | C82: ='2024 CONTRACTOR DO NOT TOUCH'!C83 -> 384427 | D82: ='2024 CONTRACTOR DO NOT TOUCH'!D83 -> WILKINS | E82: ='2024 CONTRACTOR DO NOT TOUCH'!E83 -> 950XL | F82: ='2024 CONTRACTOR DO NOT TOUCH'!F83 -> DCDA | G82: ='2024 CONTRACTOR DO NOT TOUCH'!G83 -> 0.76 | H82: ='2024 CONTRACTOR DO NOT TOUCH'!H83 -> 0 | ... Y82: ='2024 CONTRACTOR DO NOT TOUCH'!Y83 -> 0
A83: ='2024 CONTRACTOR DO NOT TOUCH'!A84 -> 2426 | B83: ='2024 CONTRACTOR DO NOT TOUCH'!B84 -> CLINIC | C83: ='2024 CONTRACTOR DO NOT TOUCH'!C84 -> 384428 | D83: ='2024 CONTRACTOR DO NOT TOUCH'!D84 -> WILKINS | E83: ='2024 CONTRACTOR DO NOT TOUCH'!E84 -> 950XL | F83: ='2024 CONTRACTOR DO NOT TOUCH'!F84 -> DCDA | G83: ='2024 CONTRACTOR DO NOT TOUCH'!G84 -> 0.77 | H83: ='2024 CONTRACTOR DO NOT TOUCH'!H84 -> 0 | ... Y83: ='2024 CONTRACTOR DO NOT TOUCH'!Y84 -> 0
A84: ='2024 CONTRACTOR DO NOT TOUCH'!A85 -> 2427 | B84: ='2024 CONTRACTOR DO NOT TOUCH'!B85 -> CLINIC | C84: ='2024 CONTRACTOR DO NOT TOUCH'!C85 -> 384429 | D84: ='2024 CONTRACTOR DO NOT TOUCH'!D85 -> WILKINS | E84: ='2024 CONTRACTOR DO NOT TOUCH'!E85 -> 950XL | F84: ='2024 CONTRACTOR DO NOT TOUCH'!F85 -> DCDA | G84: ='2024 CONTRACTOR DO NOT TOUCH'!G85 -> 0.78 | H84: ='2024 CONTRACTOR DO NOT TOUCH'!H85 -> 0 | ... Y84: ='2024 CONTRACTOR DO NOT TOUCH'!Y85 -> 0

Sheet Data Sets
A1: OPERATOR NAME DATASET | F1: BF MAKE | H1: BF TYPE | J1: HAZARD NAMES | M1: CONTRACTOR INFO
A2: BACKFLOW ID | B2: Operator Nick Names | C2: First Name | D2: Last Name | F2: MAKE | H2: BACKFLOW TYPE | J2: HAZARD TYPES | K2: FULL NAME | M2: FIRST NAME | N2: LAST NAME | O2: B.A.T. NUMBER | P2: COMPANY | Q2: TEST KIT I.D. | R2: SITE TESTING | S2: YEAR TESTED
A3: B6244 | B3: ELI | C3: ELI | D3: COX | F3: WILKINS | H3: RP | J3: PREMISE | K3: MAIN COLD WATER | M3: TOM | N3: MAJOR | O3: B3988 | P3: FIRE CONTROL | Q3: 7121204 | R3: SCHOOL | S3: 2021
A4: B4527 | B4: PASS | C4: CHRISTOPHER | D4: PASSMORE | F4: AMES | H4: DC | J4: AOI | K4: INPREMISE (ALL OTHER) | M4: SCOTT | N4: JINKENS | O4: B6141 | P4: MCKINSTRY CO. | Q4: 771454 | R4: HOUSING | S4: 2021
A5: B7324 | B5: REED | C5: MATTHEW | D5: REED | F5: FEBCO | H5: RPDA | J5: FIRE | K5: FIRE SUPPLY | M5: GARY | N5: Hartman | O5: B5725 | P5: FIRE CONTROL | Q5: 6132321 | R5: SCHOOL | S5: 2023
A6: B7341 | B6: Ram | C6: Ivan | D6: Ramirez | F6: WATTS | H6: SVB | M6: WAYNE | N6: GORDON | O6: B5725 | P6: PATRIOT FIRE | Q6: 7112810 | R6: CLINIC | S6: 2021
A7: B7314 | B7: GRIFF | C7: MICHAEL | D7: GRIFFITH | F7: APOLLO
A8: B6780 | B8: PARK | C8: BONNIE | D8: PARKER | F8: DERINGER
A9: B7184 | B9: BARC | C9: CHRISTOBAL | D9: BARCENAS
A10: B6945 | B10: Black | C10: Timothy | D10: Black
A11: B7357 | B11: Ted | C11: Ted | D11: Anderson
A12: B6966 | B12: CONTR | C12: CONTRACTOR | D12: CONTRACTOR
A13: B7476 | B13: JAKE | C13: JAKE | D13: SAUER
A14: B7545 | B14: LARIOS | C14: ANTHONY | D14: LARIOS
A15: B7479 | B15: TROUNG | C15: QUOC | D15: TROUNG
A16: B7498 | B16: Bruce | C16: Bruce | D16: Kennedy
A17: B3677 | B17: JEFF | C17: JEFF | D17: JEWERLL
A18: B6141 | B18: Scott | C18: Scott | D18: Jnkens
A19: B5159 | B19: BILL | C19: BILL | D19: ROE
A20: B7907 | B20: Haveron | C20: AUSTIN | D20: HAVERON
A21: B5725 | B21: GARY | C21: GARY | D21: HARTMAN

Sheet 2024 ASR NUMBERS
B2: FAFB 92CES TESTED
B4: PREMISE TOTALS | D4: ACTIVE | E4: TESTED | F4: FAILED | H4: INPREMISE TOTALS | J4: ACTIVE | K4: TESTED | L4: FAILED | N4: TOTAL ACTIVE
B5: DC | C5: =COUNTIFS('2023 MASTER LIST'!I:I,"PREMISE",'2023 MASTER LIST'!F:F,"DC") -> 235 | D5: =COUNTIFS('2023 MASTER LIST'!I:I,"PREMISE",'2023 MASTER LIST'!F:F,"DC",'2023 MASTER LIST'!K:K,"ACTIVE") -> 211 | E5: =COUNTIFS('2023 MASTER LIST'!I:I,"PREMISE",'2023 MASTER LIST'!F:F,"DC",'2023 MASTER LIST'!K:K,"ACTIVE",'2023 MASTER LIST'!S:S,"TESTED") -> 172 | F5: =COUNTIFS('2023 MASTER LIST'!I:I,"PREMISE",'2023 MASTER LIST'!F:F,"DC",'2023 MASTER LIST'!S:S,"TESTED",'2023 MASTER LIST'!T:T,"FAILED") -> 0 | H5: DC | I5: =COUNTIFS('2023 MASTER LIST'!I:I,"INPREMISE",'2023 MASTER LIST'!F:F,"DC") -> 22 | J5: =COUNTIFS('2023 MASTER LIST'!I:I,"INPREMISE",'2023 MASTER LIST'!F:F,"DC",'2023 MASTER LIST'!K:K,"ACTIVE") -> 18 | K5: =COUNTIFS('2023 MASTER LIST'!I:I,"INPREMISE",'2023 MASTER LIST'!F:F,"DC",'2023 MASTER LIST'!K:K,"ACTIVE",'2023 MASTER LIST'!S:S,"TESTED") -> 13 | L5: =COUNTIFS('2023 MASTER LIST'!I:I,"PREMISE",'2023 MASTER LIST'!F:F,"DC",'2023 MASTER LIST'!S:S,"TESTED",'2023 MASTER LIST'!T:T,"FAILED") -> 0 | N5: =D5+J5 -> 229
B6: RP | C6: =COUNTIFS('2023 MASTER LIST'!I:I,"PREMISE",'2023 MASTER LIST'!F:F,"RP") -> 51 | D6: =COUNTIFS('2023 MASTER LIST'!I:I,"PREMISE",'2023 MASTER LIST'!F:F,"RP",'2023 MASTER LIST'!K:K,"ACTIVE") -> 50 | E6: =COUNTIFS('2023 MASTER LIST'!I:I,"PREMISE",'2023 MASTER LIST'!F:F,"RP",'2023 MASTER LIST'!K:K,"ACTIVE",'2023 MASTER LIST'!S:S,"TESTED") -> 48 | F6: =COUNTIFS('2023 MASTER LIST'!I:I,"PREMISE",'2023 MASTER LIST'!F:F,"RP",'2023 MASTER LIST'!S:S,"TESTED",'2023 MASTER LIST'!T:T,"FAILED") -> 1 | H6: RP | I6: =COUNTIFS('2023 MASTER LIST'!I:I,"INPREMISE",'2023 MASTER LIST'!F:F,"RP") -> 149 | J6: =COUNTIFS('2023 MASTER LIST'!I:I,"INPREMISE",'2023 MASTER LIST'!F:F,"RP",'2023 MASTER LIST'!K:K,"ACTIVE") -> 127 | K6: =COUNTIFS('2023 MASTER LIST'!I:I,"INPREMISE",'2023 MASTER LIST'!F:F,"RP",'2023 MASTER LIST'!K:K,"ACTIVE",'2023 MASTER LIST'!S:S,"TESTED") -> 110 | L6: =COUNTIFS('2023 MASTER LIST'!I:I,"PREMISE",'2023 MASTER LIST'!F:F,"RP",'2023 MASTER LIST'!S:S,"TESTED",'2023 MASTER LIST'!T:T,"FAILED") -> 1 | N6: =D6+J6 -> 177
B7: PVB | C7: =COUNTIFS('2023 MASTER LIST'!I:I,"PREMISE",'2023 MASTER LIST'!F:F,"PVB") -> 13 | D7: =COUNTIFS('2023 MASTER LIST'!I:I,"PREMISE",'2023 MASTER LIST'!F:F,"PVB",'2023 MASTER LIST'!K:K,"ACTIVE") -> 6 | E7: =COUNTIFS('2023 MASTER LIST'!I:I,"PREMISE",'2023 MASTER LIST'!F:F,"PVB",'2023 MASTER LIST'!K:K,"ACTIVE",'2023 MASTER LIST'!S:S,"TESTED") -> 4 | F7: =COUNTIFS('2023 MASTER LIST'!I:I,"PREMISE",'2023 MASTER LIST'!F:F,"PVB",'2023 MASTER LIST'!S:S,"TESTED",'2023 MASTER LIST'!T:T,"FAILED") -> 1 | H7: PVB | I7: =COUNTIFS('2023 MASTER LIST'!I:I,"INPREMISE",'2023 MASTER LIST'!F:F,"PVB") -> 2 | J7: =COUNTIFS('2023 MASTER LIST'!I:I,"INPREMISE",'2023 MASTER LIST'!F:F,"PVB",'2023 MASTER LIST'!K:K,"ACTIVE") -> 2 | K7: =COUNTIFS('2023 MASTER LIST'!I:I,"INPREMISE",'2023 MASTER LIST'!F:F,"PVB",'2023 MASTER LIST'!K:K,"ACTIVE",'2023 MASTER LIST'!S:S,"TESTED") -> 2 | L7: =COUNTIFS('2024 DO NOT TOUCH'!J:J,"PREMISE",#REF!,"PVB",'2024 DO NOT TOUCH'!S:S,"TESTED",'2024 DO NOT TOUCH'!T:T,"FAILED") -> #REF! | N7: =D7+J7 -> 8
B8: DCDA | C8: =COUNTIFS('2023 MASTER LIST'!I:I,"PREMISE",'2023 MASTER LIST'!F:F,"DCDA")/2 -> 7.5 | D8: =COUNTIFS('2023 MASTER LIST'!I:I,"PREMISE",'2023 MASTER LIST'!F:F,"DCDA",'2023 MASTER LIST'!K:K,"ACTIVE")/2 -> 7 | E8: =COUNTIFS('2023 MASTER LIST'!I:I,"PREMISE",'2023 MASTER LIST'!F:F,"DCDA",'2023 MASTER LIST'!K:K,"ACTIVE",'2023 MASTER LIST'!S:S,"TESTED")/2 -> 7 | F8: =COUNTIFS('2023 MASTER LIST'!I:I,"PREMISE",'2023 MASTER LIST'!F:F,"DCDA",'2023 MASTER LIST'!S:S,"TESTED",'2023 MASTER LIST'!T:T,"FAILED") -> 0 | H8: DCDA | I8: =COUNTIFS('2023 MASTER LIST'!I:I,"INPREMISE",'2023 MASTER LIST'!F:F,"DCDA")/2 -> 0 | J8: =COUNTIFS('2023 MASTER LIST'!I:I,"INPREMISE",'2023 MASTER LIST'!F:F,"DCDA",'2023 MASTER LIST'!K:K,"ACTIVE")/2 -> 0 | K8: =COUNTIFS('2023 MASTER LIST'!I:I,"INPREMISE",'2023 MASTER LIST'!F:F,"DCDA",'2023 MASTER LIST'!K:K,"ACTIVE",'2023 MASTER LIST'!S:S,"TESTED")/2 -> 0 | L8: =COUNTIFS('2023 MASTER LIST'!I:I,"PREMISE",'2023 MASTER LIST'!F:F,"DCDA",'2023 MASTER LIST'!S:S,"TESTED",'2023 MASTER LIST'!T:T,"FAILED") -> 0 | N8: =D8+J8 -> 7
B9: SVB | C9: =COUNTIFS('2023 MASTER LIST'!I:I,"PREMISE",'2023 MASTER LIST'!F:F,"SVB") -> 0 | D9: =COUNTIFS('2023 MASTER LIST'!I:I,"PREMISE",'2023 MASTER LIST'!F:F,"SVB",'2023 MASTER LIST'!K:K,"ACTIVE") -> 0 | E9: =COUNTIFS('2023 MASTER LIST'!I:I,"PREMISE",'2023 MASTER LIST'!F:F,"SVB",'2023 MASTER LIST'!K:K,"ACTIVE",'2023 MASTER LIST'!S:S,"TESTED") -> 0 | F9: =COUNTIFS('2023 MASTER LIST'!I:I,"PREMISE",'2023 MASTER LIST'!F:F,"SVB",'2023 MASTER LIST'!S:S,"TESTED",'2023 MASTER LIST'!T:T,"FAILED") -> 0 | H9: SVB | I9: =COUNTIFS('2023 MASTER LIST'!I:I,"INPREMISE",'2023 MASTER LIST'!F:F,"SVB") -> 2 | J9: =COUNTIFS('2023 MASTER LIST'!I:I,"INPREMISE",'2023 MASTER LIST'!F:F,"SVB",'2023 MASTER LIST'!K:K,"ACTIVE") -> 2 | K9: =COUNTIFS('2023 MASTER LIST'!I:I,"INPREMISE",'2023 MASTER LIST'!F:F,"SVB",'2023 MASTER LIST'!K:K,"ACTIVE",'2023 MASTER LIST'!S:S,"TESTED") -> 2 | L9: =COUNTIFS('2023 MASTER LIST'!I:I,"PREMISE",'2023 MASTER LIST'!F:F,"SVB",'2023 MASTER LIST'!S:S,"TESTED",'2023 MASTER LIST'!T:T,"FAILED") -> 0 | N9: =D9+J9 -> 2
M10: ACTIVE | N10: =SUM(N5:N9) -> 423
B13: TOTAL DEVICES | C13: TOTAL INACTIVE | D13: TOTAL ACTIVE | E13: TOTAL TESTED | F13: TOTAL FAILED | G13: TOTAL UNTESTED | N13: PERCENT COMPLETE
B14: =SUM(C5:C9,I5:I9) -> 481.5 | C14: =B14-D14 -> 58.5 | D14: =N10 -> 423 | E14: =SUM(E5:E9,K5:K9) -> 358 | F14: =SUM(F5:F9,L5:L9) -> #REF! | G14: =D14-E14 -> 65 | N14: =E14/D14 -> 0.8463357
B16: CONTRACTOR TESTED
B18: PREMISE TOTALS | D18: ACTIVE | E18: TESTED | F18: FAILED | H18: INPREMISE TOTALS | J18: ACTIVE | K18: TESTED | L18: FAILED | N18: TOTAL
B19: DC | C19: =COUNTIFS('2023 CONTRACTOR Master List '!J:J,"PREMISE",'2023 CONTRACTOR Master List '!F:F,"DC") -> 8 | D19: =COUNTIFS('2023 CONTRACTOR Master List '!J:J,"PREMISE",'2023 CONTRACTOR Master List '!F:F,"DC",'2023 CONTRACTOR Master List '!L:L,"ACTIVE") -> 8 | E19: =COUNTIFS('2023 CONTRACTOR Master List '!J:J,"PREMISE",'2023 CONTRACTOR Master List '!F:F,"DC",'2023 CONTRACTOR Master List '!L:L,"ACTIVE",'2023 CONTRACTOR Master List '!S:S,"TESTED") -> 5 | F19: =COUNTIFS('2023 CONTRACTOR Master List '!J:J,"PREMISE",'2023 CONTRACTOR Master List '!F:F,"DC",'2023 CONTRACTOR Master List '!L:L,"ACTIVE",'2023 CONTRACTOR Master List '!S:S,"TESTED",'2023 CONTRACTOR Master List '!T:T,"FAILED") -> 0 | H19: DC | I19: =COUNTIFS('2023 CONTRACTOR Master List '!J:J,"INPREMISE",'2023 CONTRACTOR Master List '!F:F,"DC") -> 1 | J19: =COUNTIFS('2023 CONTRACTOR Master List '!J:J,"INPREMISE",'2023 CONTRACTOR Master List '!F:F,"DC",'2023 CONTRACTOR Master List '!L:L,"ACTIVE") -> 1 | K19: =COUNTIFS('2023 CONTRACTOR Master List '!J:J,"INPREMISE",'2023 CONTRACTOR Master List '!F:F,"DC",'2023 CONTRACTOR Master List '!L:L,"ACTIVE",'2023 CONTRACTOR Master List '!S:S,"TESTED") -> 1 | L19: =COUNTIFS('2023 CONTRACTOR Master List '!J:J,"INPREMISE",'2023 CONTRACTOR Master List '!F:F,"DC",'2023 CONTRACTOR Master List '!L:L,"ACTIVE",'2023 CONTRACTOR Master List '!S:S,"TESTED",'2023 CONTRACTOR Master List '!T:T,"FAILED") -> 0 | N19: =D19+J19 -> 9
B20: RP | C20: =COUNTIFS('2023 CONTRACTOR Master List '!J:J,"PREMISE",'2023 CONTRACTOR Master List '!F:F,"RP") -> 11 | D20: =COUNTIFS('2023 CONTRACTOR Master List '!J:J,"PREMISE",'2023 CONTRACTOR Master List '!F:F,"RP",'2023 CONTRACTOR Master List '!L:L,"ACTIVE") -> 11 | E20: =COUNTIFS('2023 CONTRACTOR Master List '!J:J,"PREMISE",'2023 CONTRACTOR Master List '!F:F,"RP",'2023 CONTRACTOR Master List '!L:L,"ACTIVE",'2023 CONTRACTOR Master List '!S:S,"TESTED") -> 11 | F20: =COUNTIFS('2023 CONTRACTOR Master List '!J:J,"PREMISE",'2023 CONTRACTOR Master List '!F:F,"RP",'2023 CONTRACTOR Master List '!L:L,"ACTIVE",'2023 CONTRACTOR Master List '!S:S,"TESTED",'2023 CONTRACTOR Master List '!T:T,"FAILED") -> 1 | H20: RP | I20: =COUNTIFS('2023 CONTRACTOR Master List '!J:J,"INPREMISE",'2023 CONTRACTOR Master List '!F:F,"RP") -> 56 | J20: =COUNTIFS('2023 CONTRACTOR Master List '!J:J,"INPREMISE",'2023 CONTRACTOR Master List '!F:F,"RP",'2023 CONTRACTOR Master List '!L:L,"ACTIVE") -> 56 | K20: =COUNTIFS('2023 CONTRACTOR Master List '!J:J,"INPREMISE",'2023 CONTRACTOR Master List '!F:F,"RP",'2023 CONTRACTOR Master List '!L:L,"ACTIVE",'2023 CONTRACTOR Master List '!S:S,"TESTED") -> 54 | L20: =COUNTIFS('2023 CONTRACTOR Master List '!J:J,"INPREMISE",'2023 CONTRACTOR Master List '!F:F,"RP",'2023 CONTRACTOR Master List '!L:L,"ACTIVE",'2023 CONTRACTOR Master List '!S:S,"TESTED",'2023 CONTRACTOR Master List '!T:T,"FAILED") -> 1 | N20: =D20+J20 -> 67
B21: PVB | C21: =COUNTIFS('2023 CONTRACTOR Master List '!J:J,"PREMISE",'2023 CONTRACTOR Master List '!F:F,"PVB") -> 0 | D21: =COUNTIFS('2023 CONTRACTOR Master List '!J:J,"PREMISE",'2023 CONTRACTOR Master List '!F:F,"PVB",'2023 CONTRACTOR Master List '!L:L,"ACTIVE") -> 0 | E21: =COUNTIFS('2023 CONTRACTOR Master List '!J:J,"PREMISE",'2023 CONTRACTOR Master List '!F:F,"PVB",'2023 CONTRACTOR Master List '!L:L,"ACTIVE",'2023 CONTRACTOR Master List '!S:S,"TESTED") -> 0 | F21: =COUNTIFS('2023 CONTRACTOR Master List '!J:J,"PREMISE",'2023 CONTRACTOR Master List '!F:F,"PVB",'2023 CONTRACTOR Master List '!L:L,"ACTIVE",'2023 CONTRACTOR Master List '!S:S,"TESTED",'2023 CONTRACTOR Master List '!T:T,"FAILED") -> 0 | H21: PVB | I21: =COUNTIFS('2023 CONTRACTOR Master List '!J:J,"INPREMISE",'2023 CONTRACTOR Master List '!F:F,"PVB") -> 0 | J21: =COUNTIFS('2023 CONTRACTOR Master List '!J:J,"INPREMISE",'2023 CONTRACTOR Master List '!F:F,"PVB",'2023 CONTRACTOR Master List '!L:L,"ACTIVE") -> 0 | K21: =COUNTIFS('2023 CONTRACTOR Master List '!J:J,"INPREMISE",'2023 CONTRACTOR Master List '!F:F,"PVB",'2023 CONTRACTOR Master List '!L:L,"ACTIVE",'2023 CONTRACTOR Master List '!S:S,"TESTED") -> 0 | L21: =COUNTIFS('2023 CONTRACTOR Master List '!J:J,"INPREMISE",'2023 CONTRACTOR Master List '!F:F,"PVB",'2023 CONTRACTOR Master List '!L:L,"ACTIVE",'2023 CONTRACTOR Master List '!S:S,"TESTED",'2023 CONTRACTOR Master List '!T:T,"FAILED") -> 0 | N21: =D21+J21 -> 0
B22: DCDA | C22: =COUNTIFS('2023 CONTRACTOR Master List '!J:J,"PREMISE",'2023 CONTRACTOR Master List '!F:F,"DCDA")/2 -> 3.5 | D22: =COUNTIFS('2023 CONTRACTOR Master List '!J:J,"PREMISE",'2023 CONTRACTOR Master List '!F:F,"DCDA",'2023 CONTRACTOR Master List '!L:L,"ACTIVE")/2 -> 3.5 | E22: =COUNTIFS('2023 CONTRACTOR Master List '!J:J,"PREMISE",'2023 CONTRACTOR Master List '!F:F,"DCDA",'2023 CONTRACTOR Master List '!L:L,"ACTIVE",'2023 CONTRACTOR Master List '!S:S,"TESTED") -> 0 | F22: =COUNTIFS('2023 CONTRACTOR Master List '!J:J,"PREMISE",'2023 CONTRACTOR Master List '!F:F,"DCDA",'2023 CONTRACTOR Master List '!L:L,"ACTIVE",'2023 CONTRACTOR Master List '!S:S,"TESTED",'2023 CONTRACTOR Master List '!T:T,"FAILED") -> 0 | H22: DCDA | I22: =COUNTIFS('2023 CONTRACTOR Master List '!J:J,"INPREMISE",'2023 CONTRACTOR Master List '!F:F,"DCDA")/2 -> 0 | J22: =COUNTIFS('2023 CONTRACTOR Master List '!J:J,"INPREMISE",'2023 CONTRACTOR Master List '!F:F,"DCDA",'2023 CONTRACTOR Master List '!L:L,"ACTIVE")/2 -> 0 | K22: =COUNTIFS('2023 CONTRACTOR Master List '!J:J,"INPREMISE",'2023 CONTRACTOR Master List '!F:F,"DCDA",'2023 CONTRACTOR Master List '!L:L,"ACTIVE",'2023 CONTRACTOR Master List '!S:S,"TESTED")/2 -> 0 | L22: =COUNTIFS('2023 CONTRACTOR Master List '!J:J,"INPREMISE",'2023 CONTRACTOR Master List '!F:F,"DCDA",'2023 CONTRACTOR Master List '!L:L,"ACTIVE",'2023 CONTRACTOR Master List '!S:S,"TESTED",'2023 CONTRACTOR Master List '!T:T,"FAILED") -> 0 | N22: =D22+J22 -> 3.5
B23: SVB | C23: =COUNTIFS('2023 CONTRACTOR Master List '!J:J,"PREMISE",'2023 CONTRACTOR Master List '!F:F,"SVB") -> 0 | D23: =COUNTIFS('2023 CONTRACTOR Master List '!J:J,"PREMISE",'2023 CONTRACTOR Master List '!F:F,"SVB",'2023 CONTRACTOR Master List '!L:L,"ACTIVE") -> 0 | E23: =COUNTIFS('2023 CONTRACTOR Master List '!J:J,"PREMISE",'2023 CONTRACTOR Master List '!F:F,"SVB",'2023 CONTRACTOR Master List '!L:L,"ACTIVE",'2023 CONTRACTOR Master List '!S:S,"TESTED") -> 0 | F23: =COUNTIFS('2023 CONTRACTOR Master List '!J:J,"PREMISE",'2023 CONTRACTOR Master List '!F:F,"SVB",'2023 CONTRACTOR Master List '!L:L,"ACTIVE",'2023 CONTRACTOR Master List '!S:S,"TESTED",'2023 CONTRACTOR Master List '!T:T,"FAILED") -> 0 | H23: SVB | I23: =COUNTIFS('2023 CONTRACTOR Master List '!J:J,"INPREMISE",'2023 CONTRACTOR Master List '!F:F,"SVB") -> 0 | J23: =COUNTIFS('2023 CONTRACTOR Master List '!J:J,"INPREMISE",'2023 CONTRACTOR Master List '!F:F,"SVB",'2023 CONTRACTOR Master List '!L:L,"ACTIVE") -> 0 | K23: =COUNTIFS('2023 CONTRACTOR Master List '!J:J,"INPREMISE",'2023 CONTRACTOR Master List '!F:F,"SVB",'2023 CONTRACTOR Master List '!L:L,"ACTIVE",'2023 CONTRACTOR Master List '!S:S,"TESTED") -> 0 | L23: =COUNTIFS('2023 CONTRACTOR Master List '!J:J,"INPREMISE",'2023 CONTRACTOR Master List '!F:F,"SVB",'2023 CONTRACTOR Master List '!L:L,"ACTIVE",'2023 CONTRACTOR Master List '!S:S,"TESTED",'2023 CONTRACTOR Master List '!T:T,"FAILED") -> 0 | N23: =D23+J23 -> 0
M24: ACTIVE | N24: =SUM(N19:N23) -> 79.5
B27: TOTAL DEVICES | C27: TOTAL INACTIVE | D27: TOTAL ACTIVE | E27: TOTAL TESTED | F27: Total | G27: TOTAL UNTESTED | N27: PERCENT COMPLETE
B28: =SUM(C19:C23,I19:I23) -> 79.5 | C28: =B28-D28 -> 0 | D28: =N24 -> 79.5 | E28: =SUM(E19:E23,K19:K23) -> 71 | F28: =SUM(F19:F23,L19:L23) -> 2 | G28: =D28-E28 -> 8.5 | N28: =E28/D28 -> 0.89308176
B30: FAFB COMBINED TOTALS
B32: PREMISE TOTALS | D32: ACTIVE | E32: TESTED | F32: FAILED | H32: INPREMISE TOTALS | J32: ACTIVE | K32: TESTED | L32: FAILED | N32: TOTAL
B33: DC | C33: =C5+C19 -> 243 | D33: =D5+D19 -> 219 | E33: =E5+E19 -> 177 | F33: =F5+F19 -> 0 | H33: DC | I33: =I5+I19 -> 23 | J33: =J5+J19 -> 19 | K33: =K5+K19 -> 14 | L33: =L5+L19 -> 0 | N33: =D33+J33 -> 238
B34: RP | C34: =C6+C20 -> 62 | D34: =D6+D20 -> 61 | E34: =E6+E20 -> 59 | F34: =F6+F20 -> 2 | H34: RP | I34: =I6+I20 -> 205 | J34: =J6+J20 -> 183 | K34: =K6+K20 -> 164 | L34: =L6+L20 -> 2 | N34: =D34+J34 -> 244
B35: PVB | C35: =C7+C21 -> 13 | D35: =D7+D21 -> 6 | E35: =E7+E21 -> 4 | F35: =F7+F21 -> 1 | H35: PVB | I35: =I7+I21 -> 2 | J35: =J7+J21 -> 2 | K35: =K7+K21 -> 2 | L35: =L7+L21 -> #REF! | N35: =D35+J35 -> 8
B36: DCDA | C36: =C8+C22 -> 11 | D36: =D8+D22 -> 10.5 | E36: =E8+E22 -> 7 | F36: =F8+F22 -> 0 | H36: DCDA | I36: =I8+I22 -> 0 | J36: =J8+J22 -> 0 | K36: =K8+K22 -> 0 | L36: =L8+L22 -> 0 | N36: =D36+J36 -> 10.5
B37: SVB | C37: =C9+C23 -> 0 | D37: =D9+D23 -> 0 | E37: =E9+E23 -> 0 | F37: =F9+F23 -> 0 | H37: SVB | I37: =I9+I23 -> 2 | J37: =J9+J23 -> 2 | K37: =K9+K23 -> 2 | L37: =L9+L23 -> 0 | N37: =D37+J37 -> 2
C38: =SUM(C33:C37) -> 329 | D38: =SUM(D33:D37) -> 296.5 | I38: =SUM(I33:I37) -> 232 | M38: ACTIVE | N38: =SUM(N33:N37) -> 502.5
C39: =C38+D38 -> 625.5
B41: TOTAL DEVICES | C41: TOTAL INACTIVE | D41: TOTAL ACTIVE | E41: TOTAL TESTED | F41: TOTAL FAILED | G41: TOTAL UNTESTED | N41: PERCENT COMPLETE
B42: =SUM(C33:C37,I33:I37) -> 561 | C42: =B42-D42 -> 58.5 | D42: =N38 -> 502.5 | E42: =SUM(E33:E37,K33:K37) -> 429 | F42: =SUM(F33:F37,L33:L37) -> #REF! | G42: =D42-E42 -> 73.5 | N42: =E42/D42 -> 0.85373134

Sheet 2024 DO NOT TOUCH
A1: BLDG | B1: BLDG NAME | C1: SERIAL # | D1: MAKE | E1: MODEL | F1: BF TYPE | G1: SIZE | H1: LOCATION | I1: PREMISE/ INPREMISE | J1: HAZ | K1: Inactive | L1: Last Test | M1: IRR OOC | N1: DATE | O1: OPER | P1: CV1 | Q1: CV2 | R1: REL/POP | S1: Tested | T1: PASSED | U1: Repaired | V1: Replaced | W1: Removed | X1: OLD S/N | Y1: NOTES
A2: 0001 | B2: BASE OPS | C2: A03206 | D2: WATTS | E2: 007QT | F2: DC | G2: 0.5 | H2: RM 102 UNDER SINK | I2: INPREMISE | J2: AOI | K2: ACTIVE | M2: FALSE | S2: UNTESTED | T2: FAILED | U2: PASSED | V2: EXISTING | W2: REMOVED | Y2: OUT OF SERVICE
A3: 0001 | B3: Base Ops | C3: 3336495 | D3: WILKINS | E3: 975XL | F3: RP | G3: 0.75 | H3: Basement | I3: INPREMISE | J3: AOI | K3: ACTIVE | L3: 44655 | M3: FALSE | S3: TESTED | T3: PASSED
A4: 0001 | B4: BASE OPS | C4: 3080317 | D4: WILKINS | E4: 950XLT | F4: DC | G4: 1.5 | H4: FIRE SYS IN BASEMENT SHREADER RM | I4: PREMISE | J4: FIRE | K4: ACTIVE | L4: 44565 | M4: FALSE | S4: TESTED | T4: PASSED | W4: SHREADERTE
A5: 0001 | B5: BASE OPS | C5: 92420 | D5: WATTS | E5: 007QT | F5: PVB | G5: 3.0 | H5: IN FRONT OF BLDG ON FLIGHT LINE | I5: PREMISE | J5: IRR | K5: INACTIVE | M5: FALSE | S5: UNTESTED | T5: FAILED | U5: PASSED | V5: EXISTING | W5: EXISTING
A6: 0003 | B6: FIRE DEPT | C6: H005173 | D6: FEBCO | E6: 825YA | F6: RP | G6: 0.75 | H6: MECH RM ON HVAC | I6: INPREMISE | J6: AOI | K6: ACTIVE | M6: FALSE | S6: UNTESTED | T6: FAILED | U6: PASSED | V6: EXISTING | W6: REMOVED
A7: 0003 | B7: FIRE DEPT | C7: W358317 | D7: WILKINS | E7: 975XL | F7: RP | G7: 0.5 | H7: ON ICE MACHINE | I7: INPREMISE | J7: AOI | K7: ACTIVE | L7: 44810 | M7: FALSE | N7: 45293 | O7: Ram | S7: TESTED
A8: 0003 | B8: FIRE DEPT | C8: 3338565 | D8: WILKINS | E8: 975XL | F8: RP | G8: 0.75 | H8: IN INDUSTRIAL LAUNDRY RM | I8: INPREMISE | J8: AOI | K8: ACTIVE | L8: 44566 | M8: FALSE | N8: 45293 | O8: Ram | S8: UNTESTED | W8: YES | Y8: water line removed
A9: 0003 | B9: FIRE DEPT | C9: H00402 | D9: FEBCO | E9: 850 | F9: DC | G9: 0.5 | H9: ALARM RM UNDER SINK COFFEE | I9: INPREMISE | J9: AOI | K9: ACTIVE | L9: 44565 | M9: FALSE | N9: 45295 | O9: Ram | P9: 2 | Q9: 3.1 | S9: TESTED | T9: PASSED | U9: Y
A10: 0003 | B10: FIRE DEPT | C10: F0303051105 | D10: FEBCO | E10: 850 | F10: DC | G10: 2.5 | H10: GYM RM BEHIND CABINET PANEL | I10: PREMISE | J10: PREMISE | K10: ACTIVE | L10: 44566 | M10: FALSE | N10: 45293 | O10: Ram | P10: 1.2 | Q10: 1.6 | S10: TESTED | T10: PASSED | Z10: 44655
A11: 0003 | B11: FIRE DEPT | C11: 2KM1479 | D11: AMES | E11: 2000SS | F11: DC | G11: 6.0 | H11: MECHANICS AREA ON FIRE SYS | I11: PREMISE | J11: FIRE | K11: ACTIVE | L11: 44566 | M11: FALSE | N11: 45293 | O11: Ram | P11: 4 | Q11: 3.1 | S11: TESTED | T11: PASSED | Z11: 44565
A12: 0003 | B12: FIRE DEPT | C12: 1945116 | D12: WILKINS | E12: 950XLT | F12: DC | G12: 2.0 | H12: MECH RM IRRIGATION | I12: PREMISE | J12: IRR | K12: ACTIVE | L12: 44753 | M12: FALSE | N12: 45509 | O12: PASS | S12: UNTESTED | Y12: iso
A13: 0109 | B13: TANKER TAILS | C13: 26377 | D13: WATTS | E13: 007M2QT | F13: DC | G13: 1.5 | H13: STORAGE CLOSET NEAR WATER HEATER | I13: PREMISE | J13: PREMISE | K13: ACTIVE | L13: 44564 | M13: FALSE | S13: TESTED | T13: PASSED
A14: 0152 | B14: 141 | C14: AB3965 | D14: FEBCO | E14: 765 | F14: DC | G14: 2.0 | H14: OUTSIDE 152 WEST SIDE | I14: PREMISE | J14: IRR | K14: ACTIVE | M14: TRUE | S14: UNTESTED | T14: FAILED | U14: PASSED | V14: EXISTING | W14: EXISTING | Z14: 44810
A15: 160 | B15: 141 | C15: U28836 | D15: WILKINS | E15: 350A | F15: DC | G15: 2.5 | H15: MECH ROOMN | I15: PREMISE | J15: FIRE | K15: ACTIVE | L15: 44676 | M15: FALSE | S15: TESTED | T15: PASSED | U15: PASSED | V15: EXISTING | W15: EXISTING | Z15: 44566
A16: 0285 | B16: 141 | C16: H81856 | D16: FEBCO | E16: 850 | F16: DC | G16: 1.0 | H16: MECH ROOM | I16: PREMISE | J16: AOI | K16: ACTIVE | L16: 44574 | M16: FALSE | N16: 45517 | O16: Bruce | P16: 2 | Q16: 2.6 | S16: TESTED | T16: PASSED | Z16: 44565
A17: 0285 | B17: 141 | C17: 1394537 | D17: WILKINS | E17: 975XL | F17: RP | G17: .75 | H17: BOILER | I17: PREMISE | J17: AOI | K17: ACTIVE | L17: 44574 | M17: FALSE | S17: TESTED | T17: PASSED | U17: PASSED | V17: EXISTING | W17: EXISTING | Z17: 44566
A18: 0326 | B18: FAM CAMP | C18: J002794 | D18: FEBCO | E18: 825Y | F18: RP | G18: 2.0 | H18: CENTER OF ALL PARKING SPOTS/ ABOVE GROUND | I18: PREMISE | J18: IRR | K18: ACTIVE | L18: 44644 | M18: FALSE | N18: 45454 | O18: TROUNG | P18: 7.6 | R18: 3.2 | S18: TESTED | T18: PASSED | Z18: 44566
A19: 0326 | B19: FAM CAMP | C19: W358305 | D19: WILKINS | E19: 975XL | F19: RP | G19: 1.0 | H19: IRRIGATION | I19: PREMISE | J19: IRR | K19: ACTIVE | M19: TRUE | S19: UNTESTED | X19: 3078471 | Y19: iso | Z19: 44753
A20: 0326 | B20: FAM CAMP | C20: 3772095 | D20: WILKINS | E20: 975XL2 | F20: RP | G20: 2.0 | H20: DOMESTIC SUPPLY CENTER OF FAM CAMP | I20: PREMISE | J20: PREMISE | K20: ACTIVE | L20: 44644 | M20: FALSE | S20: TESTED | T20: PASSED | Z20: 44564
A21: 0399 | B21: 141 | C21: H81852 | D21: FEBCO | E21: 850 | F21: DC | G21: 2.0 | H21: MECH ROOM | I21: PREMISE | J21: PREMISE | K21: ACTIVE | L21: 44641 | M21: FALSE | S21: TESTED | T21: PASSED | U21: PASSED | V21: EXISTING
A22: 0399 | B22: 141 | C22: 199742 | D22: FEBCO | E22: 850 | F22: DC | G22: 2.0 | H22: Mech Room | I22: PREMISE | J22: PREMISE | K22: ACTIVE | L22: 44673 | M22: FALSE | N22: 45530 | O22: Bruce | P22: 2.2 | Q22: 2.8 | S22: TESTED | T22: PASSED | U22: y | Z22: 44676
A23: 399 | B23: 141 | C23: U47987 | D23: WILKINS | E23: 350A | F23: DC | G23: 4.0 | H23: Mech Room | I23: PREMISE | J23: PREMISE | K23: ACTIVE | L23: 44651 | M23: FALSE | S23: TESTED | T23: PASSED | Z23: 44574
A24: 0430 | B24: 141 | C24: A36420 | D24: WILKINS | E24: 350XL | F24: DC | G24: 1.5 | H24: MECH ROOM | I24: PREMISE | J24: AOI | K24: ACTIVE | L24: 44643 | M24: FALSE | N24: 45517 | O24: Bruce | P24: 2.8 | Q24: 3 | S24: TESTED | T24: PASSED | Z24: 44574
A25: 0430 | B25: 141 | C25: 4094341 | D25: WILKINS | E25: 350 | F25: DC | G25: .75 | H25: FIRE | I25: PREMISE | J25: FIRE | K25: ACTIVE | L25: 44651 | M25: FALSE | N25: 45525 | O25: Bruce | P25: 3 | Q25: 2.6 | S25: TESTED | Z25: 44644
A26: 430 | B26: 141 | C26: V43790 | D26: WILKINS | E26: 350ADA | F26: DCDA | G26: 6.0 | H26: Fire | I26: PREMISE | J26: FIRE | K26: ACTIVE | L26: 44651 | M26: FALSE | N26: 45525 | O26: Bruce | P26: 3.8 | Q26: 2.8 | S26: TESTED | T26: PASSED
A27: 0443 | B27: 141 | C27: H42134 | D27: FEBCO | E27: 850 | F27: DC | G27: 2 | H27: 443 EAST LOT ROCK BED | I27: INPREMISE | J27: IRR | K27: ACTIVE | L27: 44644 | M27: TRUE | N27: 45517 | O27: Bruce | P27: 2.8 | Q27: 2.6 | S27: TESTED | T27: PASSED | Z27: 44644
A28: 0443 | B28: 141 | C28: 1136042 | D28: WILKINS | E28: 950XL | F28: RP | G28: 2 | H28: MECH ROOM | I28: PREMISE | J28: AOI | K28: ACTIVE | L28: 44676 | M28: FALSE | N28: 45320 | O28: Ted | P28: 8.6 | R28: 3.8 | S28: TESTED | T28: PASSED | Z28: 44641
A29: 0443 | B29: 141 | C29: 1833446 | D29: WILKINS | E29: 975XLT | F29: DC | G29: 2 | H29: MECH ROOM | I29: PREMISE | J29: AOI | K29: ACTIVE | L29: 44642 | M29: FALSE | N29: 45517 | O29: Bruce | P29: 3.2 | Q29: 3.2 | S29: TESTED | T29: PASSED | Z29: 44673
A30: 443 | B30: 141 | C30: EC-0936 | D30: COLT | E30: 200A | F30: DC | G30: 4.0 | H30: Mech Room | I30: PREMISE | J30: FIRE | K30: ACTIVE | L30: 44676 | M30: FALSE | S30: TESTED | T30: PASSED | U30: PASSED | V30: EXISTING | W30: EXISTING | Z30: 44651
A31: 0445 | B31: 141 | C31: H05044 | D31: FEBCO | E31: 850 | F31: DC | G31: 1.5 | H31: MENCH ROOM | I31: PREMISE | J31: IRR | K31: ACTIVE | L31: 44643 | M31: FALSE | S31: TESTED | T31: PASSED | U31: PASSED | V31: EXISTING | W31: EXISTING | Z31: 44643
A32: 446 | B32: 141 | C32: 28862 | D32: WILKINS | E32: 350A | F32: DC | G32: 6 | H32: MECH ROOM FIRE | I32: PREMISE | J32: FIRE | K32: ACTIVE | L32: 44573 | M32: FALSE | N32: 45320 | O32: Ted | P32: 4 | Q32: 3.6 | S32: TESTED | T32: PASSED | U32: y | Z32: 44651
A33: 446 | B33: 141 | C33: 3335495 | D33: WILKINS | E33: 975XL | F33: RP | G33: .75 | H33: MECH ROOM | I33: PREMISE | J33: AOI | K33: ACTIVE | L33: 44573 | M33: FALSE | N33: 45320 | O33: Ted | P33: 8.2 | R33: 2.6 | S33: TESTED | T33: PASSED | U33: Y | Z33: 44651
A34: 447 | B34: 141 | C34: H08097 | D34: FEBCO | E34: 850 | F34: DC | G34: 2 | H34: MECH ROOM | I34: PREMISE | J34: IRR | K34: ACTIVE | L34: 44643 | M34: FALSE | N34: 45517 | O34: Bruce | P34: 1.2 | Q34: 2 | S34: TESTED | T34: PASSED | Z34: 44644
A35: 447 | B35: 141 | C35: H17256 | D35: FEBCO | E35: 850 | F35: DC | G35: 2 | H35: MECH ROOM | I35: PREMISE | J35: AOI | K35: ACTIVE | L35: 44844 | M35: FALSE | N35: 45523 | O35: Bruce | P35: 2.4 | Q35: 3 | S35: TESTED | T35: PASSED | Z35: 44676
A36: 456 | B36: 141 | C36: H00431 | D36: FEBCO | E36: 850 | F36: DC | G36: 0.5 | H36: Break Room Under Sink | I36: INPREMISE | J36: AOI | K36: INACTIVE | L36: 44572 | M36: FALSE | S36: TESTED | T36: PASSED | U36: PASSED | V36: EXISTING | W36: EXISTING | Z36: 44642
A37: 456 | B37: 141 | C37: 01515 | D37: FEBCO | E37: 850 | F37: DC | G37: 2 | H37: MECH ROOM | I37: PREMISE | J37: IRR | K37: ACTIVE | L37: 44676 | M37: FALSE | N37: 45320 | O37: Ted | P37: 3.4 | Q37: 3 | S37: TESTED | T37: PASSED | Z37: 44676
A38: 456 | B38: 141 | C38: 01621 | D38: FEBCO | E38: 850 | F38: DC | G38: 2 | H38: WOOD SHOP | I38: PREMISE | J38: AOI | K38: ACTIVE | L38: 44572 | M38: FALSE | N38: 45320 | O38: Ted | P38: 2.8 | Q38: 2.8 | S38: TESTED | T38: PASSED | Z38: 44643
A39: 456 | B39: 141 | C39: 358582 | D39: WILKINS | E39: 975XL | F39: RP | G39: .5 | H39: ICE MACHINE | I39: PREMISE | J39: AOI | K39: ACTIVE | L39: 44572 | M39: FALSE | S39: TESTED | T39: PASSED | U39: PASSED | V39: EXISTING | W39: EXISTING | Z39: 44573
A40: 456 | B40: 141 | C40: 08705 | D40: AMES | E40: 2000BM3 | F40: DC | G40: .75 | H40: SHOP WELDER | I40: PREMISE | J40: AOI | K40: ACTIVE | L40: 44572 | M40: FALSE | N40: 45320 | O40: Ted | P40: 2.8 | Q40: 2 | S40: TESTED | T40: PASSED | Z40: 44573
A41: 459 | B41: 141 | C41: 192003 | D41: WATTS | E41: 007M1QT | F41: DC | G41: 2 | H41: SOUTH SIDE OF ROCK BED 459 | I41: PREMISE | J41: IRR | K41: ACTIVE | L41: 44644 | M41: TRUE | S41: TESTED | T41: PASSED | Z41: 44643
A42: 459 | B42: 141 | C42: 15973 | D42: WATTS | E42: 007M2 | F42: DC | G42: .75 | H42: MECH ROOM | I42: INPREMISE | J42: AOI | K42: ACTIVE | L42: 44651 | M42: FALSE | N42: 45525 | O42: Bruce | P42: 2.4 | Q42: 2.4 | S42: TESTED | T42: PASSED | Z42: 44844
A43: 459 | B43: 141 | C43: 113842 | D43: AMES | E43: 3000ss | F43: DC | G43: 4.0 | H43: Mech room | I43: PREMISE | J43: FIRE | K43: ACTIVE | L43: 44676 | M43: FALSE | N43: 45525 | O43: Bruce | P43: 4 | Q43: 3.4 | S43: TESTED | T43: PASSED | U43: PASSED | V43: EXISTING | W43: EXISTING | Z43: 44572
A44: 0610 | B44: BASE THEATER | C44: H006780 | D44: FEBCO | E44: 765 | F44: PVB | G44: 2.0 | H44: IRR WEST OF THEATER CASTLE & SEATTLE | I44: PREMISE | J44: IRR | K44: INACTIVE | L44: 44753 | M44: FALSE | S44: UNTESTED | Y44: ISOLATED | Z44: 44676
A45: 0644 | B45: POST OFFICE | C45: A10529 | D45: FEBCO | E45: 825Y | F45: RP | G45: 1.0 | H45: HVAC MAKEUP IN BASEMENT | I45: INPREMISE | J45: AOI | K45: ACTIVE | L45: 44599 | M45: FALSE | S45: UNTESTED | W45: REMOVED | Y45: HVAC Make-up line capped by main shutoff valve | Z45: 44572
A46: 0644 | B46: POST OFFICE | C46: 18181534 | D46: WILKINS | E46: 950XLT | F46: DC | G46: 1.0 | H46: BASEMENT IRRIGATION IN DIRT MECH RM | I46: PREMISE | J46: IRR | K46: ACTIVE | L46: 44599 | M46: FALSE | N46: 45330 | O46: REED | S46: UNTESTED | Y46: ISOLATED | Z46: 44572
A47: 0644 | B47: POST OFFICE | C47: 40373 | D47: AMES | E47: 2000SS | F47: DC | G47: 6.0 | H47: BASEMENT IN WEIGHT RM ON FIRE SYS | I47: PREMISE | J47: FIRE | K47: ACTIVE | L47: 44600 | M47: FALSE | N47: 45377 | O47: ELI | P47: 3.8 | Q47: 3.7 | S47: TESTED | T47: PASSED | U47: yes | Z47: 44572
A48: 0716 | B48: ALS | C48: BC5137 | D48: FEBCO | E48: 825Y | F48: RP | G48: 1.0 | H48: MECH RM HVAC | I48: INPREMISE | J48: AOI | K48: ACTIVE | L48: 44600 | M48: FALSE | N48: 45330 | O48: REED | S48: unTESTED | W48: YES | Y48: capped | Z48: 44644
A49: 0716 | B49: ALS | C49: 552906 | D49: WILKINS | E49: 950XLT | F49: DC | G49: 1.0 | H49: OUTSIDE OF MECH RM IRR | I49: PREMISE | J49: IRR | K49: ACTIVE | M49: TRUE | S49: UNTESTED | W49: yes | Y49: ISOLATED IN WINTER | Z49: 44651
A50: 1001 | B50: 92 LRS | C50: U44202 | D50: WILKINS | E50: 350A | F50: DC | G50: 6.0 | H50: FIRE SYS | I50: PREMISE | J50: FIRE | K50: ACTIVE | L50: 44579 | M50: FALSE | S50: TESTED | T50: PASSED | Z50: 44676
A51: 1001 | B51: 92 LRS | C51: U27348 | D51: WILKINS | E51: 350A | F51: DC | G51: 4.0 | H51: NOSE DOCK DOMESTIC SUPPLY | I51: PREMISE | J51: PREMISE | K51: ACTIVE | L51: 44579 | M51: FALSE | S51: TESTED | T51: PASSED | Z51: 44753
A52: 1001 | B52: 92 LRS | C52: A20219 | D52: WATTS | E52: 009M2QT | F52: RP | G52: 2.0 | H52: JANITORS CLOSET HOT WATER FEED | I52: INPREMISE | J52: AOI | K52: ACTIVE | L52: 44579 | M52: FALSE | S52: TESTED | T52: PASSED | Z52: 44599
A53: 1005 | B53: HANGER 1005 | C53: U27346 | D53: WILKINS | E53: 350A | F53: DC | G53: 4.0 | H53: INSIDE HANGER/ COLD SUPPLY | I53: PREMISE | J53: PREMISE | K53: ACTIVE | L53: 44734 | M53: FALSE | N53: 45461 | O53: TROUNG | P53: 3.2 | Q53: 2.4 | S53: TESTED | T53: PASSED | Z53: 44599
A54: 1005 | B54: HANGER 1005 | C54: 4344C | D54: WILKINS | E54: 375AST | F54: RP | G54: 10.0 | H54: FIRE PUMP ROOM | I54: PREMISE | J54: FIRE | K54: ACTIVE | L54: 44734 | M54: FALSE | N54: 45461 | O54: TROUNG | P54: 7.3 | R54: 2.8 | S54: TESTED | T54: PASSED | Z54: 44600
A55: 1009 | B55: 92 ARW | C55: B040151 | D55: WILKINS | E55: 375XL | F55: RP | G55: 2.0 | H55: IN NOSE DOCK FILL STAND 1 | I55: INPREMISE | J55: AOI | K55: ACTIVE | L55: 44734 | M55: FALSE | N55: 45461 | O55: TROUNG | P55: 7.3 | R55: 4.6 | S55: TESTED | T55: PASSED | Z55: 44600
A56: 1009 | B56: 92 ARW | C56: B040150 | D56: WILKINS | E56: 375XL | F56: RP | G56: 2.0 | H56: IN NOSE DOCK FILL STAND2 | I56: INPREMISE | J56: AOI | K56: ACTIVE | L56: 44734 | M56: FALSE | N56: 45461 | O56: TROUNG | P56: 8.2 | R56: 3 | S56: TESTED | T56: PASSED
A57: 1009 | B57: 92 ARW | C57: 6949A | D57: WILKINS | E57: 350AST | F57: DC | G57: 6.0 | H57: IN MECH RM ON FIRE | I57: PREMISE | J57: FIRE | K57: ACTIVE | L57: 44734 | M57: FALSE | N57: 45461 | O57: TROUNG | P57: 3 | Q57: 2.2 | S57: TESTED | T57: PASSED | Z57: 44579
A58: 1012 | B58: HANGER 1012 | C58: 14524 | D58: WILKINS | E58: 950 | F58: DC | G58: 4.0 | H58: IN BAY FOR PREMISE (NOSE DOCK) | I58: PREMISE | J58: PREMISE | K58: INACTIVE | M58: FALSE | S58: UNTESTED | Y58: REMOVED | Z58: 44579
A59: 1013 | B59: HANGER 1013 | C59: 28859 | D59: WILKINS | E59: 350A | F59: DC | G59: 6.0 | H59: NOSE DOCK ON FIRE | I59: PREMISE | J59: FIRE | K59: INACTIVE | M59: FALSE | N59: 45345 | O59: Black | S59: UNTESTED | Y59: ISOLATED IN WINTER | Z59: 44579
A60: 1018 | B60: FLIGHT LINE PUMP HOUSE | C60: L66097 | D60: WATTS | E60: 375 | F60: RP | G60: 6.0 | H60: FIRE MAKEUP | I60: PREMISE | J60: FIRE | K60: ACTIVE | L60: 44734 | M60: FALSE | N60: 45461 | O60: TROUNG | P60: 7.5 | Q60: 2.4 | S60: TESTED | T60: PASSED | U60: y | Z60: 44734
A61: 1019 | B61: WASH RACK HANGER | C61: A14220 | D61: WILKINS | E61: 950 | F61: DC | G61: 4.0 | H61: IN MECH RM ON HVAC | I61: INPREMISE | J61: AOI | K61: ACTIVE | L61: 44614 | M61: FALSE | S61: TESTED | T61: PASSED | Z61: 44734
A62: 1029 | B62: 141 | C62: H43694 | D62: FEBCO | E62: 850 | F62: DC | G62: 2 | H62: 1029 NOSE OF DOCK | I62: PREMISE | J62: IRR | K62: ACTIVE | L62: 44643 | M62: FALSE | N62: 45517 | O62: Bruce | P62: 2.6 | Q62: 2.4 | S62: TESTED | T62: PASSED | Z62: 44734
A63: 1029 | B63: 141 | D63: WILKINS | E63: 350A | F63: DC | G63: 4.0 | H63: Nose Dock | I63: PREMISE | J63: PREMISE | K63: ACTIVE | L63: 44844 | M63: FALSE | S63: TESTED | T63: PASSED | U63: PASSED | V63: EXISTING | Y63: No serial number | Z63: 44734
A64: 1033 | B64: Hanger | C64: U27345 | D64: WILKINS | E64: 350A | F64: DC | G64: 4 | H64: 1033 Nose Dock | I64: PREMISE | J64: PREMISE | K64: ACTIVE | L64: 44844 | M64: FALSE | N64: 45523 | O64: Bruce | P64: 1.8 | Q64: 3.2 | S64: TESTED | T64: PASSED | Z64: 44734
A65: 1033 | B65: 141 | C65: 1363767 | D65: WILKINS | E65: 975XL | F65: RP | G65: .75 | H65: BOILER ROOM | I65: INPREMISE | J65: AOI | K65: ACTIVE | L65: 44574 | M65: FALSE | S65: TESTED | T65: PASSED
A66: 1033 | B66: 141 | C66: 43022 | D66: FEBCO | E66: 850 | F66: DC | G66: 2 | H66: 1033 NOSE OF DOCK | I66: PREMISE | J66: AOI | K66: ACTIVE | L66: 44643 | M66: FALSE | S66: TESTED | T66: PASSED | U66: PASSED | V66: EXISTING | W66: EXISTING
A67: 1034 | B67: 141 | C67: 1363757 | D67: WILKINS | E67: 975XL | F67: RP | G67: .75 | H67: BOILER ROOM | I67: PREMISE | J67: AOI | K67: ACTIVE | L67: 44573 | M67: FALSE | N67: 45531 | O67: Bruce | P67: 8 | R67: 3.4 | S67: TESTED | T67: PASSED | Z67: 44734
A68: 1034 | B68: 141 | C68: H09361 | D68: WILKINS | E68: 825Y | F68: RP | G68: 2.0 | H68: Domestic | I68: PREMISE | J68: PREMISE | K68: ACTIVE | L68: 44844 | M68: FALSE | N68: 45523 | O68: Bruce | P68: 7 | R68: 3.8 | S68: TESTED | T68: PASSED | Z68: 44614
A69: 1037 | B69: 141 | C69: 1363765 | D69: WILKINS | E69: 975XL | F69: RP | G69: .75 | H69: BOILER ROOM | I69: PREMISE | J69: AOI | K69: ACTIVE | L69: 44574 | M69: FALSE | S69: TESTED | T69: PASSED | Z69: 44643
A70: 1037 | B70: 141 | C70: U27375 | D70: WILKINS | E70: 350A | F70: DC | G70: 4.0 | H70: Nose Dock | I70: PREMISE | J70: PREMISE | K70: ACTIVE | L70: 44657 | M70: FALSE | N70: 45523 | O70: Bruce | P70: 4.6 | Q70: 3.6 | S70: TESTED | T70: PASSED | Z70: 44844
A71: 1039 | B71: 141 | C71: 212433 | D71: WATTS | E71: LF009M3QT | F71: RP | G71: .75 | H71: MECH ROOM | I71: PREMISE | J71: AOI | K71: ACTIVE | L71: 44657 | M71: FALSE | S71: TESTED | T71: PASSED | U71: PASSED | V71: EXISTING | W71: EXISTING | Z71: 44844
A72: 1039 | B72: 141 | C72: 26443 | D72: WILKINS | E72: 350A | F72: DC | G72: 4 | H72: MECH ROOM | I72: PREMISE | J72: FIRE | K72: INACTIVE | L72: 44657 | M72: FALSE | S72: TESTED | T72: PASSED | U72: PASSED | V72: EXISTING | W72: EXISTING | Z72: 44574
A73: 1048 | B73: 141 | C73: L11675 | D73: WILKINS | E73: 375 | F73: RP | G73: 4 | H73: 1048 PUMP HOUSE | I73: PREMISE | J73: FIRE | K73: ACTIVE | L73: 44574 | M73: FALSE | N73: 45517 | O73: Bruce | P73: 9.7 | R73: 4.4 | S73: TESTED | T73: PASSED | Z73: 44643
A74: 1200 | B74: COMM SURVIVAL | C74: BB1345 | D74: FEBCO | E74: 825Y | F74: RP | G74: 0.75 | H74: OLD HVAC FEED | I74: INPREMISE | J74: AOI | K74: INACTIVE | M74: FALSE | S74: UNTESTED | Y74: ISOLATED (NEEDS REMOVED) | Z74: 44573
A75: 1200 | B75: COMM SURVIVAL | C75: U56257 | D75: WILKINS | E75: 350A | F75: DC | G75: 3.0 | H75: FIRE SYS IN MECH RM | I75: PREMISE | J75: FIRE | K75: ACTIVE | L75: 44620 | M75: FALSE | S75: TESTED | T75: PASSED | Z75: 44844
A76: 1204 | B76: 92 ARW TOWER | C76: A052232 | D76: FEBCO | E76: 825Y | F76: RP | G76: 1.0 | H76: IN MECH RM ON HVAC | I76: INPREMISE | J76: AOI | K76: INACTIVE | L76: 44614 | M76: FALSE | S76: TESTED | T76: PASSED | U76: Y | Z76: 44574
A77: 1207 | B77: SERE MUSEUM | C77: 3143405 | D77: WILKINS | E77: 975XL | F77: RP | G77: 1.25 | H77: MECH RM PREMISE | I77: PREMISE | J77: PREMISE | K77: ACTIVE | L77: 44614 | M77: FALSE | S77: TESTED | T77: PASSED | U77: Y | Z77: 44657
A78: 1207 | B78: SERE MUSEUM | C78: FL-0661 | D78: COLT | E78: 300A-BF | F78: DCDA | G78: 6.0 | H78: MECH RM DCDA #1 | I78: PREMISE | J78: FIRE | K78: ACTIVE | L78: 44614 | M78: FALSE | S78: TESTED | T78: PASSED | U78: Y | Z78: 44657
A79: 1207 | B79: SERE MUSEUM | C79: 03949 | D79: AMES | E79: 2000BM3 | F79: DCDA | G79: 0.75 | H79: MECH RM DCDA #2 | I79: PREMISE | J79: FIRE | K79: ACTIVE | L79: 44614 | M79: FALSE | S79: TESTED | T79: PASSED | Z79: 44657
A80: 1238 | B80: SERE FLOTATION SHOP | C80: U28863 | D80: WILKINS | E80: 350A | F80: DC | G80: 6.0 | H80: REAR CORNER ON FIRE SYS | I80: PREMISE | J80: FIRE | K80: ACTIVE | L80: 44614 | M80: FALSE | S80: TESTED | T80: PASSED | Z80: 44574
A81: 1249 | B81: SERE VEHICLE MAINT | C81: 3365252 | D81: WILKINS | E81: 975XL | F81: RP | G81: 0.75 | H81: IN WASH RACK MECH RM | I81: INPREMISE | J81: AOI | K81: ACTIVE | L81: 44614 | M81: FALSE | S81: TESTED | T81: PASSED
A82: 1249 | B82: SERE VEHICLE MAINT | C82: 3338578 | D82: WILKINS | E82: 975XL | F82: RP | G82: 0.75 | H82: IN WASH RACK MECH RM | I82: INPREMISE | J82: AOI | K82: ACTIVE | L82: 44614 | M82: FALSE | S82: TESTED | T82: PASSED | Z82: 44620
A83: 1249 | B83: SERE VEHICLE MAINT | C83: W358586 | D83: WILKINS | E83: 975XL | F83: RP | G83: 0.5 | H83: ICE MACHINE IN BREAK RM | I83: INPREMISE | J83: AOI | K83: ACTIVE | L83: 44818 | M83: FALSE | S83: TESTED | T83: PASSED | Z83: 44614
A84: 1249 | B84: SERE VEHICLE MAINT | C84: 1025250601 | D84: WATTS | E84: 774 | F84: DCDA | G84: 6.0 | H84: MECH RM FIRE DCDA #1 | I84: PREMISE | J84: FIRE | K84: ACTIVE | L84: 44614 | M84: FALSE | S84: TESTED | T84: PASSED | U84: Y | Z84: 44614
A85: 1249 | B85: SERE VEHICLE MAINT | C85: 25537 | D85: WATTS | E85: 007M1QT | F85: DCDA | G85: 0.75 | H85: MECH RM FIRE DCDA #2 | I85: PREMISE | J85: FIRE | K85: INACTIVE | L85: 44614 | M85: FALSE | S85: TESTED | T85: PASSED | U85: Y | Z85: 44614
A86: 1252 | B86: SERE BILLITING | C86: W358523 | D86: WILKINS | E86: 975XL | F86: RP | G86: 0.5 | H86: ICE MACHINE IN CENTER HALL | I86: INPREMISE | J86: AOI | K86: ACTIVE | L86: 44641 | M86: FALSE | N86: 45370 | O86: PASS | P86: 8.6 | R86: 3.6 | S86: TESTED | T86: PASSED | Z86: 44614
A87: 1252 | B87: SERE BILLITING | C87: 3080703 | D87: WILKINS | E87: 975XL | F87: RP | G87: 1.5 | H87: WATER HEATER NE MECH RM 2ND FLOOR | I87: INPREMISE | J87: AOI | K87: ACTIVE | L87: 44935 | M87: FALSE | N87: 45370 | O87: PASS | P87: 8.4 | R87: 3 | S87: TESTED | T87: PASSED | Z87: 44614
A88: 1252 | B88: SERE BILLITING | C88: W358581 | D88: WILKINS | E88: 975XL | F88: RP | G88: 0.5 | H88: ICE MACHINE 2ND FLOOR | I88: INPREMISE | J88: AOI | K88: ACTIVE | L88: 44641 | M88: FALSE | N88: 45370 | O88: PASS | P88: 7.4 | R88: 3.1 | S88: TESTED | T88: PASSED | Z88: 44614
A89: 1252 | B89: SERE BILLITING | C89: 3080374 | D89: WILKINS | E89: 975XL | F89: RP | G89: 1.5 | H89: WATER HEATER ABOVE SHOPPETT LAUNDRY | I89: INPREMISE | J89: AOI | K89: ACTIVE | L89: 44640 | M89: FALSE | N89: 3/.19/24 | O89: PASS | P89: 9 | R89: 3.4 | S89: TESTED | T89: PASSED | Z89: 44614
A90: 1252 | B90: SERE BILLITING | C90: A044229 | D90: FEBCO | E90: 825Y | F90: RP | G90: 1.0 | H90: HVAC SE MECH RM | I90: INPREMISE | J90: AOI | K90: ACTIVE | L90: 44613 | M90: FALSE | N90: 45370 | O90: PASS | P90: 7.8 | R90: 3.1 | S90: TESTED | T90: PASSED | Z90: 44818
A91: 1252 | B91: SERE BILLITING | C91: A260981 | D91: FEBCO | E91: 825Y | F91: RP | G91: 1.0 | H91: 1ST FLOOR SW MECH RM (HVAC) | I91: INPREMISE | J91: AOI | K91: ACTIVE | L91: 44641 | M91: FALSE | N91: 45370 | O91: PASS | P91: 2.8 | Q91: 3 | S91: TESTED | T91: PASSED | Z91: 44614
A92: 1252 | B92: SERE BILLITING | C92: H00399 | D92: FEBCO | E92: 850 | F92: DC | G92: 0.5 | H92: COFFEE FRONT LOBBY | I92: INPREMISE | J92: AOI | K92: ACTIVE | L92: 3.21.2022 | M92: FALSE | N92: 45370 | O92: PASS | P92: 7.6 | R92: 3.2 | S92: TESTED | T92: PASSED | Z92: 44614
A93: 1252 | B93: SERE BILLITING | C93: U27343 | D93: WILKINS | E93: 350A | F93: DC | G93: 4.0 | H93: PREMISE EAST 1ST FLOOR MECH RM | I93: PREMISE | J93: PREMISE | K93: ACTIVE | L93: 44641 | M93: FALSE | N93: 45370 | O93: PASS | P93: 3.1 | Q93: 3.4 | S93: TESTED | T93: PASSED | Z93: 44641
A94: 1252 | B94: SERE BILLITING | C94: U27344 | D94: WILKINS | E94: 350A | F94: DC | G94: 4.0 | H94: PREMISE SE MECH RM | I94: PREMISE | J94: PREMISE | K94: ACTIVE | L94: 44641 | M94: FALSE | N94: 45370 | O94: PASS | P94: 4.2 | Q94: 4.4 | S94: TESTED | T94: PASSED | Z94: 44935
A95: 1252 | B95: SERE BILLITING | C95: B15136 | D95: FEBCO | E95: 805YD | F95: DC | G95: 4.0 | H95: WEST FIRE SYS MECH RM | I95: PREMISE | J95: FIRE | K95: ACTIVE | L95: 44641 | M95: FALSE | N95: 45370 | O95: PASS | P95: 3.2 | Q95: 3.4 | S95: TESTED | T95: PASSED | Z95: 44641
A96: 1252 | B96: SERE BILLITING | C96: B14291 | D96: FEBCO | E96: 805YD | F96: DC | G96: 4.0 | H96: EAST FIRE SYS | I96: PREMISE | J96: FIRE | K96: ACTIVE | L96: 44641 | M96: FALSE | N96: 45370 | O96: PASS | S96: TESTED | T96: PASSED | Z96: 44640
A97: 1252 | B97: SERE BILLITING | C97: 1714739 | D97: WILKINS | E97: 950XLT | F97: DC | G97: 1.5 | H97: IRRIGATION NEAR HVAC OUTSIDE | I97: PREMISE | J97: IRR | K97: ACTIVE | L97: 44782 | M97: FALSE | N97: 45370 | O97: PASS | S97: UNTESTED | Z97: 44613
A98: 1252 | B98: SERE BILLITING | C98: 1941554 | D98: WILKINS | E98: 950XLT | F98: DC | G98: 1.5 | H98: IRRIGATION NEAR HVAC OUTSIDE | I98: PREMISE | J98: IRR | K98: ACTIVE | L98: 44750 | M98: FALSE | S98: TESTED | T98: PASSED | U98: PASSED | V98: EXISTING | W98: EXISTING | Z98: 44641
A99: 1252 | B99: SERE BILLITING | C99: W358358 | D99: WILKINS | E99: 975XL | F99: RP | G99: 0.5 | H99: ICE MACHINE SE 3RD FLOOR | I99: INPREMISE | J99: AOI | K99: ACTIVE | L99: 44641 | M99: FALSE | N99: 45370 | O99: PASS | P99: 8.2 | R99: 3.4 | S99: TESTED | T99: PASSED | Z99: 3.21.2022
A100: 1252 | B100: SERE BILLITING | C100: 3787960 | D100: WILKINS | E100: 975XL | F100: RP | G100: 0.75 | H100: 3RD FLOOR TRAP PRIMER AND HB IN MECH RM | I100: INPREMISE | J100: AOI | K100: ACTIVE | L100: 44641 | M100: FALSE | N100: 45370 | O100: PASS | P100: 7.6 | R100: 3.6 | S100: TESTED | T100: PASSED | V100: Y | X100: H29590 | Z100: 44641
...

Sheet 2024 CONTRACTOR DO NOT TOUCH
A1: BLDG | B1: BLDG NAME | C1: SERIAL # | D1: MAKE | E1: MODEL | F1: BF TYPE | G1: SIZE | H1: LAST TEST | I1: LOCATION | J1: PREMISE/ INPREMISE | K1: HAZ | L1: Inactive | M1: LAST TEST | N1: DATE | O1: OPER | P1: CV1 | Q1: CV2 | R1: REL/POP | S1: Tested | T1: Passed | U1: Repaired | V1: Replaced | W1: Removed | X1: OLD S/N | Y1: NOTES
A2: SCHOOL | B2: MICHAEL ANDERSON | C2: F0204080725 | D2: FEBCO | E2: 850 | F2: DC | G2: 4.0 | I2: IRR WEST OF SCHOOL FENCED AREA | J2: PREMISE | K2: IRR | L2: ACTIVE | M2: 44750 | S2: TESTED | T2: PASSED
A3: SCHOOL | B3: MICHAEL ANDERSON | C3: 1339754 | D3: WILKINS | E3: 975XL | F3: RP | G3: 0.75 | I3: MECH ROOM HOT WATER | J3: INPREMISE | K3: AOI | L3: ACTIVE | M3: 44750 | S3: TESTED | T3: PASSED
A4: SCHOOL | B4: MICHAEL ANDERSON | C4: U28838 | D4: WILKINS | E4: 350A | F4: DC | G4: 4.0 | I4: MECH ROOM FIRE SYS | J4: PREMISE | K4: FIRE | L4: ACTIVE | M4: 44750 | S4: TESTED | T4: PASSED
A5: SCHOOL | B5: MICHAEL ANDERSON | C5: J08247 | D5: WILKINS | E5: 350 | F5: DC | G5: 3.0 | H5: 43822 | I5: VAULT NEXT TO PIV | J5: PREMISE | K5: PREMISE | L5: ACTIVE | M5: 44750 | S5: TESTED | T5: PASSED
A6: HOUSING | B6: FAFB HOUSING | C6: 008307 | D6: WATTS | E6: LF007M1QT | F6: DC | G6: 2.0 | I6: FRONT CIRCLE DRIVE HOT BOX ROCK | J6: PREMISE | K6: PREMISE | L6: ACTIVE | M6: 44672 | S6: TESTED | T6: PASSED
A7: HOUSING | B7: FAFB HOUSING | C7: X13788 | D7: WILKINS | E7: 375A | F7: RP | G7: 8.0 | I7: GALENA STATION HOT BOX #1 | J7: PREMISE | K7: PREMISE | L7: ACTIVE | S7: TESTED | T7: FAILED | U7: Y
A8: HOUSING | B8: FAFB HOUSING | C8: L50441 | D8: WILKINS | E8: 375 | F8: RP | G8: 10.0 | I8: GALENA STATION HOT BOX #2 | J8: PREMISE | K8: PREMISE | L8: ACTIVE | M8: 44654 | S8: TESTED | T8: PASSED
A9: HOUSING | B9: FAFB HOUSING | C9: L50440 | D9: WILKINS | E9: 375 | F9: RP | G9: 10.0 | I9: KAMIAKIN HOT BOX #1 | J9: PREMISE | K9: PREMISE | L9: ACTIVE | M9: 44719 | S9: TESTED | T9: PASSED
A10: HOUSING | B10: FAFB HOUSING | C10: L50442 | D10: WILKINS | E10: 375A | F10: RP | G10: 10.0 | I10: KAMIAKIN HOT BOX #2 | J10: PREMISE | K10: PREMISE | L10: ACTIVE | M10: 44719 | S10: TESTED | T10: PASSED
A11: 0001 | B11: ALASKA BOILER | C11: 3336495 | D11: WILKINS | E11: 975XL | F11: RP | G11: 0.75 | I11: #1 BOILER | J11: INPREMISE | K11: AOI | L11: ACTIVE | M11: 44824 | S11: TESTED | T11: PASSED
A12: 0001 | B12: ALASKA BOILER | C12: 1363820 | D12: WILKINS | E12: 975XL | F12: RP | G12: 0.75 | I12: #2 BOILER | J12: INPREMISE | K12: AOI | L12: ACTIVE | M12: 44824 | S12: TESTED | T12: PASSED
A13: 0285 | B13: ALASKA BOILER | C13: 1394537 | D13: WILKINS | E13: 975XL | F13: RP | G13: 0.75 | I13: BOILER | J13: INPREMISE | K13: AOI | L13: ACTIVE | M13: 44824 | S13: TESTED | T13: PASSED | U13: PASSED | V13: EXISTING | W13: EXISTING
A14: 1029 | B14: ALASKA BOILER | C14: 1363765 | D14: WILKINS | E14: 975XL | F14: RP | G14: 0.75 | I14: BOILER | J14: INPREMISE | K14: AOI | L14: ACTIVE | M14: 10/102022 | N14: 45320 | O14: Ted | P14: 7.4 | R14: 2.6 | S14: TESTED | T14: PASSED | U14: PASSED | V14: EXISTING | W14: EXISTING
A15: 1033 | B15: ALASKA BOILER | C15: 1363764 | D15: WILKINS | E15: 975XL | F15: RP | G15: 0.75 | I15: BOILER | J15: INPREMISE | K15: AOI | L15: ACTIVE | M15: 44574 | S15: TESTED | T15: PASSED | U15: PASSED | V15: EXISTING | W15: EXISTING
A16: 1034 | B16: ALASKA BOILER | C16: 1363757 | D16: WILKINS | E16: 975XL | F16: RP | G16: 0.75 | I16: BOILER | J16: INPREMISE | K16: AOI | L16: ACTIVE | M16: 44573 | S16: TESTED | T16: PASSED | U16: PASSED | V16: EXISTING | W16: EXISTING
A17: 1037 | B17: ALASKA BOILER | C17: 1363767 | D17: WILKINS | E17: 975XL | F17: RP | G17: 0.75 | I17: BOILER | J17: INPREMISE | K17: AOI | L17: ACTIVE | M17: 44573 | N17: 45320 | O17: Ted | P17: 6.2 | R17: 2.4 | S17: TESTED | T17: PASSED | U17: PASSED | V17: EXISTING | W17: EXISTING
A18: 2025 | B18: ALASKA BOILER | C18: W043053 | D18: WILKINS | E18: 975XL | F18: RP | G18: 0.75 | I18: BOILER | J18: INPREMISE | K18: AOI | L18: ACTIVE | M18: 44824 | S18: TESTED | T18: PASSED
A19: 2048 | B19: ALASKA BOILER | C19: 1419513 | D19: WILKINS | E19: 975XL | F19: RP | G19: 0.75 | I19: BOILER | J19: INPREMISE | K19: AOI | L19: ACTIVE | M19: 44824 | S19: TESTED | T19: Passed
A20: 2050 | B20: ALASKA BOILER | C20: W017036 | D20: WILKINS | E20: 975XL | F20: RP | G20: 0.75 | I20: BOILER | J20: INPREMISE | K20: AOI | L20: ACTIVE | M20: 44825 | N20: 45355 | O20: PASS | P20: 7.8 | R20: 3.2 | S20: TESTED | T20: PASSED
A21: 2060 | B21: ALASKA BOILER | C21: 1339756 | D21: WILKINS | E21: 975XL | F21: RP | G21: 0.75 | I21: BOILER | J21: INPREMISE | K21: AOI | L21: ACTIVE | M21: 44824 | S21: TESTED | T21: PASSED
A22: 2120 | B22: ALASKA BOILER | C22: 1363777 | D22: WILKINS | E22: 975XL | F22: RP | G22: 0.75 | I22: BOILER | J22: INPREMISE | K22: AOI | L22: ACTIVE | M22: 44824 | S22: TESTED | T22: Passed
A23: 2185 | B23: ALASKA BOILER | C23: W184146 | D23: WILKINS | E23: 975XL | F23: RP | G23: 0.75 | I23: BOILER | J23: INPREMISE | K23: AOI | L23: ACTIVE | M23: 44824 | S23: TESTED | T23: PASSED
A24: 2262 | B24: ALASKA BOILER | C24: 1394550 | D24: WILKINS | E24: 975XL | F24: RP | G24: 0.75 | I24: BOILER | J24: INPREMISE | K24: AOI | L24: ACTIVE | M24: 44824 | S24: TESTED | T24: PASSED | U24: PASSED | V24: EXISTING | W24: EXISTING
A25: 2276 | B25: ALASKA BOILER | C25: D8305 | D25: FEBCO | E25: 825Y | F25: RP | G25: .75 | I25: BOILER | J25: INPREMISE | K25: AOI | L25: ACTIVE | M25: 44824 | S25: Tested | T25: Passed
A26: 2411 | B26: ALASKA BOILER | C26: 3105740 | D26: WILKINS | E26: 975XL | F26: RP | G26: 0.75 | I26: BOILER | J26: INPREMISE | K26: AOI | L26: ACTIVE | M26: 44824 | S26: TESTED | T26: PASSED
A27: 2447 | B27: ALASKA BOILER | C27: 1419502 | D27: WILKINS | E27: 975XL | F27: RP | G27: 0.75 | I27: BOILER | J27: INPREMISE | K27: AOI | L27: ACTIVE | M27: 44824 | S27: UNTESTED | W27: yes
A28: 2447 | B28: ALASKA BOILER | C28: W254050 | D28: WILKINS | E28: 975XL | F28: RP | G28: 0.75 | I28: BOILER | J28: INPREMISE | K28: AOI | L28: ACTIVE | M28: 44824 | S28: TESTED | T28: PASSED
A29: 2464 | B29: ALASKA BOILER | C29: W358507 | D29: WILKINS | E29: 975XL | F29: RP | G29: 0.5 | I29: PRODUCE PREP | J29: INPREMISE | K29: AOI | L29: ACTIVE | M29: 44824 | S29: TESTED | T29: PASSED | U29: PASSED | V29: EXISTING | W29: EXISTING
A30: 2464 | B30: ALASKA BOILER | C30: A03077 | D30: FEBCO | E30: 860 | F30: RP | G30: .075 | I30: BOILER | J30: INPREMISE | K30: AOI | L30: ACTIVE | M30: 44824 | S30: TESTED | T30: PASSED | U30: PASSED | V30: EXISTING | W30: EXISTING
A31: 2464 | B31: ALASKA BOILER | C31: 1363759 | D31: WILKINS | E31: 975XL | F31: RP | G31: 0.75 | I31: BOILER | J31: INPREMISE | K31: AOI | L31: ACTIVE | S31: UNTESTED | T31: FAILED | U31: PASSED | V31: EXISTING | W31: EXISTING
A32: 9000 | B32: CLINIC | C32: 9607081244 | D32: FEBCO | E32: 805YD | F32: DC | G32: 6.0 | I32: FIRE PUMP RM 006A | J32: PREMISE | K32: FIRE | L32: ACTIVE | S32: UNTESTED | T32: FAILED | U32: PASSED | V32: EXISTING | W32: EXISTING
A33: 9000 | B33: CLINIC | C33: 9607081245 | D33: FEBCO | E33: 805YD | F33: DC | G33: 6.0 | I33: FIRE PUMP RM 006A | J33: PREMISE | K33: FIRE | L33: ACTIVE | S33: UNTESTED | T33: FAILED | U33: PASSED | V33: EXISTING | W33: EXISTING
A34: 9000 | B34: CLINIC | C34: 78583 | D34: WATTS | E34: LF009M2QT | F34: RP | G34: 0.5 | I34: HOUSEKEEPING RM 008 | J34: INPREMISE | K34: AOI | L34: ACTIVE | M34: 44756 | S34: TESTED | T34: PASSED | U34: Y
A35: 9000 | B35: CLINIC | C35: 95606 | D35: WATTS | E35: LF009M2QT | F35: RP | G35: 0.5 | I35: HOUSEKEEPING RM 008 | J35: INPREMISE | K35: AOI | L35: ACTIVE | M35: 44756 | S35: TESTED | T35: PASSED
A36: 9000 | B36: CLINIC | C36: 1396006 | D36: WILKINS | E36: 975XL | F36: RP | G36: 1.0 | I36: RM 026 BOILER | J36: INPREMISE | K36: AOI | L36: ACTIVE | M36: 44764 | S36: TESTED | T36: Passed
A37: 9000 | B37: CLINIC | C37: A83116 | D37: WATTS | E37: 009M2QT | F37: RP | G37: 1.0 | I37: RM 031D | J37: INPREMISE | K37: AOI | L37: ACTIVE | M37: 44764 | S37: TESTED | T37: Passed
A38: 9000 | B38: CLINIC | C38: 37029 | D38: WATTS | E38: LF009M2QT | F38: RP | G38: 0.5 | I38: MECH RM 49 ON BOILER | J38: INPREMISE | K38: AOI | L38: ACTIVE | M38: 44763 | S38: TESTED | T38: FAILED | U38: y
A39: 9000 | B39: CLINIC | C39: W043005 | D39: WILKINS | E39: 975XL | F39: RP | G39: 1.0 | I39: HALL RM 049 | J39: INPREMISE | K39: AOI | L39: ACTIVE | M39: 44763 | S39: TESTED | T39: Passed
A40: 9000 | B40: CLINIC | C40: 95622 | D40: WATTS | E40: LF009M2QT | F40: RP | G40: 0.5 | I40: HALL RM 049 | J40: INPREMISE | K40: AOI | L40: ACTIVE | M40: 44763 | S40: TESTED | T40: Passed
A41: 9000 | B41: CLINIC | C41: 1044 | D41: FEBCO | E41: 805YD | F41: RP | G41: 6 | I41: RM 050 | J41: PREMISE | K41: PREMISE | L41: ACTIVE | M41: 44764 | S41: TESTED | T41: Passed
A42: 9000 | B42: CLINIC | C42: 1045 | D42: FEBCO | E42: 825YD | F42: RP | G42: 6.0 | I42: RM 050 | J42: PREMISE | K42: PREMISE | L42: ACTIVE | M42: 44764 | S42: TESTED | T42: Passed
A43: 9000 | B43: CLINIC | C43: 90275 | D43: WATTS | E43: LF009M2QT | F43: RP | G43: 0.5 | I43: HOUSEKEEPING RM 125 | J43: INPREMISE | K43: AOI | L43: ACTIVE | M43: 44755 | S43: TESTED | T43: PASSED
A44: 9000 | B44: CLINIC | C44: 94570 | D44: WATTS | E44: LF009M2QT | F44: RP | G44: 0.5 | I44: HOUSEKEEPING RM 125 | J44: INPREMISE | K44: AOI | L44: ACTIVE | M44: 44755 | S44: TESTED | T44: PASSED | Y44: Serial Number 94570
A45: 9000 | B45: CLINIC | C45: 81969 | D45: WATTS | E45: LF009M2QT | F45: RP | G45: 0.5 | I45: HOUSEKEEPING RM 126A | J45: INPREMISE | K45: AOI | L45: ACTIVE | M45: 44755 | S45: TESTED | T45: PASSED
A46: 9000 | B46: CLINIC | C46: 86203 | D46: WATTS | E46: LF009M2QT | F46: RP | G46: 0.5 | I46: HOUSEKEEPING RM 126A | J46: INPREMISE | K46: AOI | L46: ACTIVE | M46: 44755 | S46: TESTED | T46: PASSED
A47: 9000 | B47: CLINIC | C47: 94531 | D47: WATTS | E47: LF009M2QT | F47: RP | G47: 0.5 | I47: HOUSEKEEPING RM 136 | J47: INPREMISE | K47: AOI | L47: ACTIVE | M47: 44757 | S47: TESTED | T47: PASSED
A48: 9000 | B48: CLINIC | C48: 94548 | D48: WATTS | E48: LF009M2QT | F48: RP | G48: 0.5 | I48: HOUSEKEEPING RM 136 | J48: INPREMISE | K48: AOI | L48: ACTIVE | M48: 44757 | S48: TESTED | T48: PASSED
A49: 9000 | B49: CLINIC | C49: 92200 | D49: WATTS | E49: LF009M2QT | F49: RP | G49: 0.5 | I49: HOUSEKEEPING RM 160A | J49: INPREMISE | K49: AOI | L49: ACTIVE | M49: 44757 | S49: TESTED | T49: PASSED
A50: 9000 | B50: CLINIC | C50: 95604 | D50: WATTS | E50: LF009M2QT | F50: RP | G50: 0.5 | I50: HOUSEKEEPING RM 160A | J50: INPREMISE | K50: AOI | L50: ACTIVE | M50: 44757 | S50: TESTED | T50: PASSED
A51: 9000 | B51: CLINIC | C51: 77141 | D51: WATTS | E51: LF009M2QT | F51: RP | G51: 0.5 | I51: HOUSEKEEPING RM 210 | J51: INPREMISE | K51: AOI | L51: ACTIVE | M51: 44757 | S51: TESTED | T51: PASSED
A52: 9000 | B52: CLINIC | C52: 92870 | D52: WATTS | E52: LF009M2QT | F52: RP | G52: 0.5 | I52: HOUSEKEEPING RM 210 | J52: INPREMISE | K52: AOI | L52: ACTIVE | M52: 44757 | S52: TESTED | T52: PASSED
A53: 9000 | B53: CLINIC | C53: 85430 | D53: WATTS | E53: LF009M2QT | F53: RP | G53: 0.5 | I53: HOUSEKEEPING RM 235 | J53: INPREMISE | K53: AOI | L53: ACTIVE | M53: 44757 | S53: TESTED | T53: PASSED
A54: 9000 | B54: CLINIC | C54: 90688 | D54: WATTS | E54: LF009M2QT | F54: RP | G54: 0.5 | I54: HOUSEKEEPING RM 235 | J54: INPREMISE | K54: AOI | L54: ACTIVE | M54: 44757 | S54: TESTED | T54: PASSED | U54: y | Y54: LABLED AS 90388
A55: 9000 | B55: CLINIC | C55: 88920 | D55: WATTS | E55: LF009M2QT | F55: RP | G55: 0.5 | I55: HOUSEKEEPING RM 286 | J55: INPREMISE | K55: AOI | L55: ACTIVE | M55: 44757 | S55: TESTED | T55: Passed
A56: 9000 | B56: CLINIC | C56: 94937 | D56: WATTS | E56: LF009M2QT | F56: RP | G56: 0.5 | I56: HOUSEKEEPING RM 286 | J56: INPREMISE | K56: AOI | L56: ACTIVE | M56: 44757 | S56: TESTED | T56: PASSED
A57: 9000 | B57: CLINIC | C57: 1029 | D57: FEBCO | E57: 825YD | F57: RP | G57: 4.0 | I57: RM 304 EAST WALL DOMESTIC | J57: PREMISE | K57: PREMISE | L57: ACTIVE | M57: 44764 | S57: TESTED | T57: PASSED
A58: 9000 | B58: CLINIC | C58: 1030 | D58: FEBCO | E58: 825YD | F58: RP | G58: 4.0 | I58: RM 304 EAST WALL DOMESTIC | J58: PREMISE | K58: PREMISE | L58: ACTIVE | M58: 44764 | S58: TESTED | T58: Passed
A59: 9000 | B59: CLINIC | C59: 88888 | D59: WATTS | E59: LF009M2QT | F59: RP | G59: 0.5 | I59: HOUSEKEEPING RM 345 | J59: INPREMISE | K59: AOI | L59: ACTIVE | M59: 44757 | S59: TESTED | T59: Passed
A60: 9000 | B60: CLINIC | C60: 95608 | D60: WATTS | E60: LF009M2QT | F60: RP | G60: 0.5 | I60: HOUSEKEEPING RM 345 | J60: INPREMISE | K60: AOI | L60: ACTIVE | M60: 44757 | S60: TESTED | T60: Passed
A61: 9002 | B61: CLINIC | C61: JK0019 | D61: AMES | E61: COLT 200 | F61: DC | G61: 2.5 | I61: SOUTHWEST CORNER OF BLDG FIRE LINE | J61: PREMISE | K61: FIRE | L61: ACTIVE | M61: 44757 | S61: TESTED | T61: PASSED | U61: PASSED | V61: EXISTING | W61: EXISTING
A62: 9002 | B62: CLINIC | C62: ABK9502 | D62: WILKINS | E62: 975XL2 | F62: DC | G62: 0.75 | I62: UNDER SINK IN BATHROOM | J62: INPREMISE | K62: PREMISE | L62: ACTIVE | M62: 44768 | S62: TESTED | T62: PASSED | U62: Y | Y62: REPLACED W184134
A63: 9008 | B63: CLINIC | C63: 1060 | D63: FEBCO | E63: 825YD | F63: RP | G63: 3.0 | I63: DOG HOUSE | J63: PREMISE | K63: PREMISE | L63: ACTIVE | M63: 44768 | S63: TESTED | T63: PASSED | U63: Y
A64: 9008 | B64: CLINIC | C64: 1061 | D64: FEBCO | E64: 825YD | F64: RP | G64: 3.0 | I64: DOG HOUSE | J64: PREMISE | K64: PREMISE | L64: ACTIVE | M64: 44768 | S64: TESTED | T64: PASSED | U64: Y
A65: 9008 | B65: CLINIC | C65: 04572 | D65: WATTS | E65: 009M2QT | F65: RP | G65: 1.25 | I65: MECH RM 123 ON LEFT RACK #1 FOR STERILIZER | J65: INPREMISE | K65: AOI | L65: ACTIVE | M65: 44767 | S65: TESTED | T65: PASSED
A66: 9008 | B66: CLINIC | C66: 16669 | D66: WATTS | E66: 009M2QT | F66: RP | G66: 1.25 | I66: MECH RM 123 ON LEFT RACK #2 FOR STERILIZER | J66: INPREMISE | K66: AOI | L66: ACTIVE | M66: 44767 | S66: TESTED | T66: PASSED
A67: 9008 | B67: CLINIC | C67: 125595 | D67: WATTS | E67: LF009M2QT | F67: RP | G67: 1.0 | I67: MECH RM 123 ON LEFT RACK #3 FOR STERILIZER | J67: INPREMISE | K67: AOI | L67: ACTIVE | M67: 44767 | S67: TESTED | T67: PASSED
A68: 9008 | B68: CLINIC | C68: 125609 | D68: WATTS | E68: LF009M2QT | F68: RP | G68: 1.0 | I68: MECH RM 123 ON LEFT RACK #4 FOR STERILIZER | J68: INPREMISE | K68: AOI | L68: ACTIVE | M68: 44767 | S68: TESTED | T68: PASSED
A69: 9008 | B69: CLINIC | C69: 125608 | D69: WATTS | E69: LF009M2QT | F69: RP | G69: 1.0 | I69: MECH RM 123 ON LEFT RACK #5 FOR STERILIZER | J69: INPREMISE | K69: AOI | L69: ACTIVE | M69: 44767 | S69: TESTED | T69: PASSED
A70: 9008 | B70: CLINIC | C70: 16664 | D70: WATTS | E70: 009M2QT | F70: RP | G70: 1.25 | I70: MECH RM 123 ON RIGHT RACK #1 FOR STERILIZER | J70: INPREMISE | K70: AOI | L70: ACTIVE | M70: 44764 | S70: TESTED | T70: Passed
A71: 9008 | B71: CLINIC | C71: 12219 | D71: WATTS | E71: 009M2QT | F71: RP | G71: 1.25 | I71: MECH RM 123 ON RIGHT RACK #2 FOR STERILIZER | J71: INPREMISE | K71: AOI | L71: ACTIVE | M71: 44767 | S71: TESTED | T71: Passed | U71: y
A72: 9008 | B72: CLINIC | C72: 157198 | D72: WATTS | E72: LF009QT | F72: RP | G72: 0.5 | I72: MECH RM 123 ON RIGHT RACK #3 FOR STERILIZER | J72: INPREMISE | K72: AOI | L72: ACTIVE | M72: 44767 | S72: TESTED | T72: PASSED
A73: 9008 | B73: CLINIC | C73: 157215 | D73: WATTS | E73: 009QT | F73: RP | G73: 0.5 | I73: MECH RM 123 ON RIGHT RACK #4 FOR STERILIZER | J73: INPREMISE | K73: AOI | L73: ACTIVE | M73: 44767 | S73: TESTED | T73: PASSED
A74: 9008 | B74: CLINIC | C74: 128983 | D74: WATTS | E74: LF009M2QR | F74: RP | G74: 1.0 | I74: MECH RM 123 ON RIGHT RACK #5 FOR STERILIZER | J74: INPREMISE | K74: AOI | L74: ACTIVE | M74: 44767 | S74: TESTED | T74: PASSED
A75: 9008 | B75: CLINIC | C75: W122795 | D75: WILKINS | E75: 975XL | F75: RP | G75: 1.0 | I75: MECH RM 123 EAST WALL BOILER MAKEUP | J75: INPREMISE | K75: AOI | L75: ACTIVE | M75: 44767 | S75: TESTED | T75: PASSED
A76: 9008 | B76: CLINIC | C76: 9902101454 | D76: FEBCO | E76: 850 | F76: DC | G76: 6.0 | I76: ROOM 148 ON FIRE LINE | J76: PREMISE | K76: FIRE | L76: ACTIVE | S76: UNTESTED | T76: FAILED | U76: PASSED | V76: EXISTING | W76: EXISTING
A77: REFILL | B77: CLINIC | C77: V311918 | D77: WILKINS | E77: 350ADA | F77: DCDA | G77: 4.0 | I77: FIRE SPRINKLER RM DCDA#1 | J77: PREMISE | K77: FIRE | L77: ACTIVE | S77: UNTESTED | T77: FAILED | U77: PASSED | V77: EXISTING | W77: EXISTING
A78: REFILL | B78: CLINIC | C78: 3570529 | D78: WILKINS | E78: 950XL | F78: DCDA | G78: 0.75 | I78: FIRE SPRINKLER RM DCDA#2 | J78: PREMISE | K78: FIRE | L78: ACTIVE | S78: UNTESTED | T78: FAILED | U78: PASSED | V78: EXISTING | W78: EXISTING
A79: REFILL | B79: CLINIC | C79: A00049 | D79: FEBCO | E79: LF860 | F79: RP | G79: 1.25 | I79: FIRE SPRINKLER RM DOMESTIC | J79: PREMISE | K79: PREMISE | L79: ACTIVE | M79: 44768 | S79: TESTED | T79: PASSED
A80: 2424 | B80: CLINIC | C80: V38798 | D80: WILKINS | E80: 350ADA | F80: DCDA | G80: 2.5 | I80: RISER RM DCDA#1 | J80: PREMISE | K80: PREMISE | L80: ACTIVE | S80: UNTESTED | T80: FAILED | U80: PASSED | V80: EXISTING | W80: EXISTING
A81: 2424 | B81: Clinic | C81: J001967 | D81: FEBCO | E81: LF825Y | F81: RP | G81: 1.25 | I81: RM 113 Mech Room | J81: PREMISE | K81: PREMISE | L81: ACTIVE | M81: 44768 | S81: TESTED | T81: PASSED
A82: 2424 | B82: CLINIC | C82: 384426 | D82: WILKINS | E82: 950XL | F82: DCDA | G82: 0.75 | I82: RISER RM DCDA#2 | J82: PREMISE | K82: PREMISE | L82: ACTIVE | S82: UNTESTED | T82: FAILED | U82: PASSED | V82: EXISTING | W82: EXISTING
A83: 2425 | B83: CLINIC | C83: 384427 | D83: WILKINS | E83: 950XL | F83: DCDA | G83: 0.76 | I83: RISER RM DCDA#3 | J83: PREMISE | K83: PREMISE | L83: ACTIVE | S83: UNTESTED | T83: FAILED | U83: PASSED | V83: EXISTING | W83: EXISTING
A84: 2426 | B84: CLINIC | C84: 384428 | D84: WILKINS | E84: 950XL | F84: DCDA | G84: 0.77 | I84: RISER RM DCDA#4 | J84: PREMISE | K84: PREMISE | L84: ACTIVE | S84: UNTESTED | T84: FAILED | U84: PASSED | V84: EXISTING | W84: EXISTING
A85: 2427 | B85: CLINIC | C85: 384429 | D85: WILKINS | E85: 950XL | F85: DCDA | G85: 0.78 | I85: RISER RM DCDA#5 | J85: PREMISE | K85: PREMISE | L85: ACTIVE | S85: UNTESTED | T85: FAILED | U85: PASSED | V85: EXISTING | W85: EXISTING

Sheet Color code 
A1: Orange = Red on last years ASR check before removing.
A2: Black = not tested yet.
A3: Green = Tested this year.
A4: Red = Remove from list
A5: Blue = Issolated not tested
A6: W165386
