Workbook

Sheet INSTRUCTIONS
A1: Offeror shall complete all sections of the rate table.
A3: SUMMARY Tab: Offeror shall ensure that this tab summarizes all proposed prices, as reflected on the "Yearly Breakdown" and "Parts" tabs of the spreadsheet. This tab shall represent the total proposed contract value for years 1-5 and the six-month option.
A6: Yearly Breakdown Tab: Offeror shall provide proposed labor hourly rates along with proposed total material and training prices for years 1-5 and the six-month option. Estimated labor hours and travel price have been provided, but the offeror may modify these estimates.
A10: PARTS Tab: Offeror shall provide an exhaustive list of parts which may be ordered throughout the life of the resulting IDIQ. Estimated quantities, unit prices, and extended pricing shall also be provided for these parts.

Sheet SUMMARY
A1: ANNUAL CONTRACT VALUE SUMMARY SHEET
B2: Year 1 | C2: Year 2 | D2: Year 3 | E2: Year 4 | F2: Year 5 | G2: Six-Month Option
A3: Labor
A4: Material/Parts
A5: Training
A6: Travel | B6: ='Yearly Breakdown'!D20 -> 1100000 | C6: ='Yearly Breakdown'!G20 -> 1166000 | D6: ='Yearly Breakdown'!J20 -> 1235960 | E6: ='Yearly Breakdown'!M20 -> 1310118 | F6: ='Yearly Breakdown'!P20 -> 1388725 | G6: ='Yearly Breakdown'!S20 -> 694362
A7: TOTAL =
A8: Total Evaluated Contract Value for Year 1-5 and 6-month Option =

Sheet Yearly Breakdown
B1: YEAR 1 | E1: YEAR 2 | H1: YEAR 3 | K1: YEAR 4 | N1: YEAR 5 | Q1: Six-Month Option
A2: Labor Category | B2: Estimated Hours | C2: Hourly Rate | D2: Total | E2: Estimated Hours | F2: Hourly Rate | G2: Total | H2: Estimated Hours | I2: Hourly Rate | J2: Total | K2: Estimated Hours | L2: Hourly Rate | M2: Total | N2: Estimated Hours | O2: Hourly Rate | P2: Total | Q2: Estimated Hours | R2: Hourly Rate | S2: Total
A3: Field Management/Senior Systems Specialists Straight Time - Onshore HR | B3: 7000 | D3: =B3*C3 -> 0 | E3: 7000 | G3: =E3*F3 -> 0 | H3: 7000 | J3: =H3*I3 -> 0 | K3: 7000 | M3: =K3*L3 -> 0 | N3: 7000 | P3: =N3*O3 -> 0 | Q3: 3500 | S3: =Q3*R3 -> 0
A4: Field Management/Senior Systems Specialists Overtime - Onshore HR | B4: 2800 | D4: =B4*C4 -> 0 | E4: 2800 | G4: =E4*F4 -> 0 | H4: 2800 | J4: =H4*I4 -> 0 | K4: 2800 | M4: =K4*L4 -> 0 | N4: 2800 | P4: =N4*O4 -> 0 | Q4: 1400 | S4: =Q4*R4 -> 0
A5: Field Management/Senior Systems Specialists Straight Time - Offshore HR | B5: 2800 | D5: =B5*C5 -> 0 | E5: 2800 | G5: =E5*F5 -> 0 | H5: 2800 | J5: =H5*I5 -> 0 | K5: 2800 | M5: =K5*L5 -> 0 | N5: 2800 | P5: =N5*O5 -> 0 | Q5: 1400 | S5: =Q5*R5 -> 0
A6: Field Management/Senior Systems Specialists Overtime - Offshore HR | B6: 1400 | D6: =B6*C6 -> 0 | E6: 1400 | G6: =E6*F6 -> 0 | H6: 1400 | J6: =H6*I6 -> 0 | K6: 1400 | M6: =K6*L6 -> 0 | N6: 1400 | P6: =N6*O6 -> 0 | Q6: 700 | S6: =Q6*R6 -> 0
A7: Systems Specialists Straight Time - Onshore HR | B7: 18000 | D7: =B7*C7 -> 0 | E7: 18000 | G7: =E7*F7 -> 0 | H7: 18000 | J7: =H7*I7 -> 0 | K7: 18000 | M7: =K7*L7 -> 0 | N7: 18000 | P7: =N7*O7 -> 0 | Q7: 9000 | S7: =Q7*R7 -> 0
A8: Systems Specialists Overtime - Onshore HR | B8: 440 | D8: =B8*C8 -> 0 | E8: 440 | G8: =E8*F8 -> 0 | H8: 440 | J8: =H8*I8 -> 0 | K8: 440 | M8: =K8*L8 -> 0 | N8: 440 | P8: =N8*O8 -> 0 | Q8: 220 | S8: =Q8*R8 -> 0
A9: Systems Specialists Straight Time - Offshore HR | B9: 440 | D9: =B9*C9 -> 0 | E9: 440 | G9: =E9*F9 -> 0 | H9: 440 | J9: =H9*I9 -> 0 | K9: 440 | M9: =K9*L9 -> 0 | N9: 440 | P9: =N9*O9 -> 0 | Q9: 220 | S9: =Q9*R9 -> 0
A10: Systems Specialists Overtime - Offshore HR | B10: 200 | D10: =B10*C10 -> 0 | E10: 200 | G10: =E10*F10 -> 0 | H10: 200 | J10: =H10*I10 -> 0 | K10: 200 | M10: =K10*L10 -> 0 | N10: 200 | P10: =N10*O10 -> 0 | Q10: 100 | S10: =Q10*R10 -> 0
A11: Field Services and Commissioning Engr Straight Time - Onshore HR | B11: 6000 | D11: =B11*C11 -> 0 | E11: 6000 | G11: =E11*F11 -> 0 | H11: 6000 | J11: =H11*I11 -> 0 | K11: 6000 | M11: =K11*L11 -> 0 | N11: 6000 | P11: =N11*O11 -> 0 | Q11: 3000 | S11: =Q11*R11 -> 0
A12: Field Services and Commissioning Engr Overtime - Onshore HR | B12: 3600 | D12: =B12*C12 -> 0 | E12: 3600 | G12: =E12*F12 -> 0 | H12: 3600 | J12: =H12*I12 -> 0 | K12: 3600 | M12: =K12*L12 -> 0 | N12: 3600 | P12: =N12*O12 -> 0 | Q12: 1800 | S12: =Q12*R12 -> 0
A13: Field Services and Commissioning Engr Straight Time - Offshore HR | B13: 6000 | D13: =B13*C13 -> 0 | E13: 6000 | G13: =E13*F13 -> 0 | H13: 6000 | J13: =H13*I13 -> 0 | K13: 6000 | M13: =K13*L13 -> 0 | N13: 6000 | P13: =N13*O13 -> 0 | Q13: 3000 | S13: =Q13*R13 -> 0
A14: Field Services and Commissioning Engr Overtime - Offshore HR | B14: 3600 | D14: =B14*C14 -> 0 | E14: 3600 | G14: =E14*F14 -> 0 | H14: 3600 | J14: =H14*I14 -> 0 | K14: 3600 | M14: =K14*L14 -> 0 | N14: 3600 | P14: =N14*O14 -> 0 | Q14: 1800 | S14: =Q14*R14 -> 0
... A16: Subcontractor #2 (Electrical, Cleaning & Inspection) Support | B16: 2475 | D16: =B16*C16 -> 0 | E16: 2475 | G16: =E16*F16 -> 0 | H16: 2475 | J16: =H16*I16 -> 0 | K16: 2475 | M16: =K16*L16 -> 0 | N16: 2475 | P16: =N16*O16 -> 0 | Q16: 1238 | S16: =Q16*R16 -> 0
A17: TOTAL LABOR | D17: =SUM(D3:D16) -> 0 | G17: =SUM(G3:G16) -> 0 | J17: =SUM(J3:J16) -> 0 | M17: =SUM(M3:M16) -> 0 | P17: =SUM(P3:P16) -> 0 | S17: =SUM(S3:S16) -> 0
A19: Material | D19: $______________ | G19: $______________ | J19: $______________ | M19: $______________ | P19: $______________ | S19: $______________
A20: Travel | D20: 1100000 | G20: 1166000 | J20: 1235960 | M20: 1310118 | P20: 1388725 | S20: 694362
A21: Shore Based Training | D21: $______________ | G21: $______________ | J21: $______________ | M21: $______________ | P21: $______________ | S21: $______________

Sheet Parts
E1: YEAR 1 | H1: YEAR 2 | K1: YEAR 3 | N1: YEAR 4 | Q1: YEAR 5 | T1: Six-Month Option
A2: Part Description | B2: Part Number | C2: Manufacturer's Name | D2: Manufacturer Part Number / Description | E2: Estimated QTY | F2: Unit Price | G2: Extended Price | H2: Estimated QTY | I2: Unit Price | J2: Extended Price | K2: Estimated QTY | L2: Unit Price | M2: Extended Price | N2: Estimated QTY | O2: Unit Price | P2: Extended Price | Q2: Estimated QTY | R2: Unit Price | S2: Extended Price | T2: Estimated QTY | U2: Unit Price | V2: Extended Price
